create table SURVEY (ID integer, PARENT_ID integer, NAME varchar(16), FULL_NAME varchar(25), TITLE varchar(27));
create table CENTRELINE (ID integer, SURVEY_ID integer, TITLE varchar(4), TOPO_DATE date, EXPLO_DATE date, LENGTH real, SURFACE_LENGTH real, DUPLICATE_LENGTH real);
create table PERSON (ID integer, NAME varchar(1), SURNAME varchar(1));
create table EXPLO (PERSON_ID integer, CENTRELINE_ID integer);
create table TOPO (PERSON_ID integer, CENTRELINE_ID integer);
create table STATION (ID integer, NAME varchar(8), SURVEY_ID integer, X real, Y real, Z real);
create table STATION_FLAG (STATION_ID integer, FLAG char(3));
create table SHOT (ID integer, FROM_ID integer, TO_ID integer, CENTRELINE_ID integer, LENGTH real, BEARING real, GRADIENT real, ADJ_LENGTH real, ADJ_BEARING real, ADJ_GRADIENT real, ERR_LENGTH real, ERR_BEARING real, ERR_GRADIENT real);
create table SHOT_FLAG (SHOT_ID integer, FLAG char(3));
create table MAPS (ID integer, SURVEY_ID integer, NAME varchar(16), TITLE varchar(27), PROJID integer, LENGTH real, DEPTH real);
create table SCRAPS (ID integer, SURVEY_ID integer, NAME varchar(16), PROJID integer);
create table MAPITEMS (ID integer, TYPE integer, ITEMID integer);
insert into SURVEY values (1, 0, '', '', NULL);
 insert into CENTRELINE values (2, 1, NULL, NULL, NULL, 0.00, 0.00, 0.00);
 insert into SURVEY values (53, 1, 'Mountaineye', 'Mountaineye', NULL);
 insert into CENTRELINE values (54, 53, NULL, NULL, NULL, 0.00, 0.00, 0.00);
 insert into SURVEY values (55, 53, 'mountaineye1', 'mountaineye1.Mountaineye', NULL);
 insert into CENTRELINE values (56, 55, NULL, NULL, NULL, 0.00, 0.00, 0.00);
 insert into SCRAPS values (57, 55, 'ME1_scrapSP1', 1);
 insert into MAPS values (406, 55, 'mountaineye1', 'Mountain eye cave part 1', 1, 631.621, 15.377);
 insert into MAPITEMS values (406, 4, 57);
 insert into CENTRELINE values (407, 55, NULL, '2016-04-08', NULL, 0.00, 0.00, 0.00);
 insert into SHOT values (1, 1, 2, 407, 0.00, 0.00, 0.00, 0.00, 90.00, 0.00, 0.00, 90.00, 0.00);
insert into CENTRELINE values (408, 55, NULL, '2018-05-22', NULL, 631.62, 0.00, 0.00);
 insert into SHOT values (2, 1, 3, 408, 3.28, 168.00, -1.03, 3.28, 168.00, -1.03, 0.00, 90.00, 0.00);
insert into SHOT values (3, 1, 4, 408, 1.02, 40.16, -0.04, 1.02, 40.16, -0.04, 0.00, 90.00, 0.00);
insert into SHOT values (4, 1, 5, 408, 2.44, 115.58, -8.00, 2.44, 115.58, -8.00, 0.00, 90.00, 0.00);
insert into SHOT values (5, 1, 6, 408, 4.90, 189.44, 77.60, 4.90, 189.44, 77.60, 0.00, 90.00, 0.00);
insert into SHOT values (6, 1, 7, 408, 0.53, 135.97, -75.69, 0.53, 135.97, -75.69, 0.00, 90.00, 0.00);
insert into SHOT values (7, 1, 8, 408, 4.46, 132.75, -28.82, 4.46, 132.75, -28.82, 0.00, 90.00, 0.00);
insert into SHOT values (8, 8, 9, 408, 1.40, 325.24, 73.01, 1.40, 325.24, 73.01, 0.00, 206.57, 0.00);
insert into SHOT values (9, 8, 10, 408, 3.67, 23.90, 1.43, 3.67, 23.90, 1.43, 0.00, 90.00, 0.00);
insert into SHOT values (10, 8, 11, 408, 1.45, 176.65, -11.99, 1.45, 176.65, -11.99, 0.00, 90.00, 41.63);
insert into SHOT values (11, 8, 12, 408, 0.76, 298.06, -82.13, 0.76, 298.06, -82.13, 0.00, 75.07, 0.00);
insert into SHOT values (12, 8, 13, 408, 11.09, 40.42, -13.10, 11.09, 40.42, -13.10, 0.00, 90.00, 0.00);
insert into SHOT values (13, 8, 14, 408, 9.38, 112.62, -28.37, 9.38, 112.62, -28.37, 0.00, 90.00, 0.00);
insert into SHOT values (14, 14, 15, 408, 5.57, 48.42, 20.31, 5.57, 48.42, 20.31, 0.00, 90.00, 0.00);
insert into SHOT values (15, 14, 16, 408, 8.46, 21.89, 16.98, 8.46, 21.89, 16.98, 0.00, 270.00, 0.00);
insert into SHOT values (16, 14, 17, 408, 5.99, 304.20, 78.65, 5.99, 304.20, 78.65, 0.00, 243.43, 0.00);
insert into SHOT values (17, 14, 18, 408, 4.70, 223.75, 25.86, 4.70, 223.75, 25.86, 0.00, 206.57, 24.09);
insert into SHOT values (18, 14, 19, 408, 6.74, 0.83, 7.83, 6.74, 0.83, 7.83, 0.00, 270.00, 16.22);
insert into SHOT values (19, 14, 20, 408, 0.00, 0.00, 0.00, 0.00, 90.00, 0.00, 0.00, 90.00, 0.00);
insert into SHOT values (20, 14, 21, 408, 8.21, 154.91, 0.80, 8.21, 154.91, 0.80, 0.00, 315.00, 3.16);
insert into SHOT values (21, 21, 22, 408, 6.67, 56.81, 6.05, 6.67, 56.81, 6.05, 0.00, 0.00, 0.00);
insert into SHOT values (22, 21, 23, 408, 3.72, 133.84, 11.54, 3.72, 133.84, 11.54, 0.00, 45.00, 0.00);
insert into SHOT values (23, 21, 24, 408, 5.03, 216.89, 11.14, 5.03, 216.89, 11.14, 0.00, 90.00, -14.04);
insert into SHOT values (24, 21, 25, 408, 3.50, 256.72, 18.92, 3.50, 256.72, 18.92, 0.00, 180.00, 45.00);
insert into SHOT values (25, 21, 26, 408, 5.44, 237.04, 12.34, 5.44, 237.04, 12.34, 0.00, 180.00, 0.00);
insert into SHOT values (26, 26, 27, 408, 3.56, 226.58, 17.40, 3.56, 226.58, 17.40, 0.00, 0.00, -14.04);
insert into SHOT values (27, 26, 28, 408, 3.23, 150.12, 4.03, 3.23, 150.12, 4.03, 0.00, 180.00, 4.76);
insert into SHOT values (28, 26, 29, 408, 1.91, 313.26, 0.30, 1.91, 313.26, 0.30, 0.00, 270.00, -9.32);
insert into SHOT values (29, 26, 30, 408, 2.48, 212.77, 73.47, 2.48, 212.77, 73.47, 0.00, 185.71, 0.00);
insert into SHOT values (30, 21, 31, 408, 0.00, 0.00, 0.00, 0.00, 90.00, 0.00, 0.00, 90.00, 0.00);
insert into SHOT values (31, 21, 32, 408, 5.92, 94.61, 69.87, 5.92, 94.61, 69.87, 0.00, 226.85, 0.00);
insert into SHOT values (32, 21, 33, 408, 10.98, 106.16, 37.43, 10.98, 106.16, 37.43, 0.00, 104.04, 0.00);
insert into SHOT values (33, 21, 34, 408, 20.76, 97.95, 20.82, 20.76, 97.95, 20.82, 0.00, 0.00, 0.00);
insert into SHOT values (34, 34, 35, 408, 2.90, 335.79, 88.51, 2.90, 335.79, 88.51, 0.00, 120.18, 0.00);
insert into SHOT values (35, 34, 36, 408, 1.02, 359.80, -84.92, 1.02, 359.80, -84.92, 0.00, 106.17, 0.00);
insert into SHOT values (36, 34, 37, 408, 15.37, 259.47, -20.77, 15.37, 259.47, -20.77, 0.00, 233.13, 0.00);
insert into SHOT values (37, 34, 38, 408, 14.57, 292.94, -21.95, 14.57, 292.94, -21.95, 0.00, 0.00, 0.00);
insert into SHOT values (38, 34, 39, 408, 6.83, 7.18, -4.80, 6.83, 7.18, -4.80, 0.00, 90.00, 0.00);
insert into SHOT values (39, 34, 40, 408, 4.92, 135.45, 0.39, 4.92, 135.45, 0.39, 0.00, 0.00, -3.13);
insert into SHOT values (40, 34, 41, 408, 13.40, 206.54, -26.41, 13.40, 206.54, -26.41, 0.00, 206.57, 0.00);
insert into SHOT values (41, 34, 42, 408, 21.33, 246.34, -7.46, 21.33, 246.34, -7.46, 0.00, 90.00, 0.00);
insert into SHOT values (42, 34, 43, 408, 16.50, 233.98, -16.79, 16.50, 233.98, -16.79, 0.00, 0.00, 0.00);
insert into SHOT values (43, 34, 44, 408, 12.50, 175.97, -24.66, 12.50, 175.97, -24.66, 0.00, 90.00, 0.00);
insert into SHOT values (44, 44, 45, 408, 1.16, 236.17, 81.99, 1.16, 236.17, 81.99, 0.00, 110.68, 8.68);
insert into SHOT values (45, 44, 46, 408, 1.30, 341.45, -76.05, 1.30, 341.45, -76.05, 0.00, 50.19, -11.58);
insert into SHOT values (46, 44, 47, 408, 5.92, 238.47, 0.73, 5.92, 238.47, 0.73, 0.00, 284.04, -2.60);
insert into SHOT values (47, 44, 48, 408, 0.79, 67.24, 13.58, 0.79, 67.24, 13.58, 0.00, 116.57, -2.13);
insert into SHOT values (48, 44, 49, 408, 6.33, 24.91, 5.70, 6.33, 24.91, 5.70, 0.00, 236.31, -1.99);
insert into SHOT values (49, 44, 50, 408, 6.64, 158.35, 0.73, 6.64, 158.35, 0.73, 0.00, 251.57, 0.85);
insert into SHOT values (50, 44, 51, 408, 11.89, 62.47, 4.84, 11.88, 62.47, 4.84, 0.00, 270.00, 0.00);
insert into SHOT values (51, 44, 52, 408, 11.31, 186.22, 13.90, 11.31, 186.22, 13.90, 0.00, 270.00, 0.00);
insert into SHOT values (52, 52, 53, 408, 6.55, 113.77, 77.85, 6.55, 113.77, 77.85, 0.00, 229.64, 0.00);
insert into SHOT values (53, 52, 54, 408, 2.48, 343.16, -73.33, 2.48, 343.16, -73.33, 0.00, 93.01, 0.00);
insert into SHOT values (54, 52, 55, 408, 4.60, 288.11, 2.37, 4.60, 288.11, 2.37, 0.00, 141.34, -2.24);
insert into SHOT values (55, 52, 56, 408, 1.90, 95.28, 9.38, 1.90, 95.28, 9.38, 0.00, 64.08, 0.00);
insert into SHOT values (56, 52, 57, 408, 7.25, 78.23, -25.71, 7.25, 78.23, -25.71, 0.00, 132.51, 7.00);
insert into SHOT values (57, 52, 58, 408, 6.92, 52.26, -28.35, 6.92, 52.26, -28.35, 0.00, 279.46, 0.00);
insert into SHOT values (58, 52, 59, 408, 2.40, 118.52, 40.16, 2.40, 118.52, 40.16, 0.00, 333.43, 0.00);
insert into SHOT values (59, 59, 60, 408, 5.09, 133.69, 84.33, 5.09, 133.69, 84.33, 0.00, 147.77, 0.00);
insert into SHOT values (60, 59, 61, 408, 2.31, 223.58, -47.49, 2.31, 223.58, -47.49, 0.00, 262.41, 0.00);
insert into SHOT values (61, 59, 62, 408, 3.32, 172.89, 8.06, 3.32, 172.89, 8.06, 0.00, 127.30, 0.00);
insert into SHOT values (62, 59, 63, 408, 1.99, 359.13, 0.61, 1.99, 359.13, 0.61, 0.00, 346.75, 0.00);
insert into SHOT values (63, 59, 64, 408, 3.59, 190.46, 0.55, 3.59, 190.46, 0.55, 0.00, 70.82, 0.00);
insert into SHOT values (64, 59, 65, 408, 3.33, 152.08, 24.21, 3.33, 152.08, 24.21, 0.00, 306.87, 0.00);
insert into SHOT values (65, 59, 66, 408, 7.43, 150.45, 37.00, 7.43, 150.45, 37.00, 0.00, 225.00, 0.00);
insert into SHOT values (66, 59, 67, 408, 5.55, 250.20, 5.42, 5.55, 250.20, 5.42, 0.00, 161.57, 0.00);
insert into SHOT values (67, 59, 68, 408, 6.07, 13.61, 29.67, 6.07, 13.61, 29.67, 0.00, 270.00, 45.00);
insert into SHOT values (68, 59, 69, 408, 13.05, 109.84, 22.65, 13.05, 109.84, 22.65, 0.00, 315.00, 0.00);
insert into SHOT values (69, 69, 70, 408, 0.64, 41.13, -84.15, 0.64, 41.13, -84.15, 0.00, 300.45, 8.44);
insert into SHOT values (70, 69, 71, 408, 11.97, 354.74, -2.82, 11.97, 354.74, -2.82, 0.00, 135.00, -7.55);
insert into SHOT values (71, 69, 72, 408, 7.05, 255.32, -2.39, 7.05, 255.32, -2.39, 0.00, 338.20, -2.66);
insert into SHOT values (72, 69, 73, 408, 10.90, 333.40, -40.69, 10.90, 333.40, -40.69, 0.00, 206.57, 0.00);
insert into SHOT values (73, 69, 74, 408, 11.51, 309.78, -40.27, 11.51, 309.78, -40.27, 0.00, 45.00, 0.00);
insert into SHOT values (74, 69, 75, 408, 3.76, 46.90, -5.02, 3.76, 46.90, -5.02, 0.00, 14.04, 0.00);
insert into SHOT values (75, 75, 76, 408, 0.23, 152.97, -84.94, 0.23, 152.97, -84.94, 0.00, 238.68, -1.23);
insert into SHOT values (76, 75, 77, 408, 0.54, 331.11, 83.89, 0.54, 331.11, 83.89, 0.00, 223.24, 5.48);
insert into SHOT values (77, 75, 78, 408, 4.36, 200.92, -0.81, 4.36, 200.92, -0.81, 0.00, 194.04, -8.19);
insert into SHOT values (78, 75, 79, 408, 11.11, 34.29, -1.62, 11.11, 34.29, -1.62, 0.00, 90.00, 90.00);
insert into SHOT values (79, 75, 80, 408, 5.63, 90.93, -0.59, 5.63, 90.93, -0.59, 0.00, 0.00, 46.61);
insert into SHOT values (80, 80, 81, 408, 5.30, 125.54, -60.93, 5.30, 125.54, -60.93, 0.00, 219.81, 0.00);
insert into SHOT values (81, 80, 82, 408, 0.39, 98.75, 80.24, 0.39, 98.75, 80.24, 0.00, 300.88, 0.82);
insert into SHOT values (82, 80, 83, 408, 12.60, 49.83, -0.04, 12.60, 49.83, -0.04, 0.00, 315.00, 3.79);
insert into SHOT values (83, 80, 84, 408, 6.64, 177.05, -7.08, 6.64, 177.05, -7.08, 0.00, 145.49, -1.97);
insert into SHOT values (84, 80, 85, 408, 12.73, 98.90, -12.12, 12.74, 98.90, -12.12, 0.00, 61.56, 0.00);
insert into SHOT values (85, 85, 86, 408, 2.62, 292.89, 80.21, 2.62, 292.89, 80.21, 0.00, 313.03, 11.03);
insert into SHOT values (86, 85, 87, 408, 1.24, 302.72, -80.96, 1.24, 302.72, -80.96, 0.00, 116.37, 0.00);
insert into SHOT values (87, 85, 88, 408, 11.12, 325.90, 15.97, 11.12, 325.90, 15.97, 0.00, 315.00, 0.00);
insert into SHOT values (88, 85, 89, 408, 7.89, 268.47, -26.49, 7.89, 268.47, -26.49, 0.00, 317.15, 0.00);
insert into SHOT values (89, 85, 90, 408, 10.13, 43.70, -2.20, 10.12, 43.70, -2.20, 0.00, 225.00, 0.00);
insert into SHOT values (90, 90, 91, 408, 4.41, 186.90, -35.89, 4.41, 186.90, -35.89, 0.00, 237.59, 0.00);
insert into SHOT values (91, 90, 92, 408, 3.49, 204.64, 75.04, 3.49, 204.64, 75.04, 0.00, 288.15, 0.00);
insert into SHOT values (92, 90, 93, 408, 7.46, 171.96, -4.10, 7.46, 171.96, -4.10, 0.00, 262.65, 0.00);
insert into SHOT values (93, 90, 94, 408, 9.42, 299.92, 17.49, 9.42, 299.92, 17.49, 0.00, 260.54, 0.00);
insert into SHOT values (94, 90, 95, 408, 1.92, 4.22, 12.99, 1.92, 4.22, 12.99, 0.00, 62.14, 0.45);
insert into SHOT values (95, 95, 96, 408, 7.82, 330.17, 11.43, 7.82, 330.17, 11.43, 0.00, 104.04, 0.00);
insert into SHOT values (96, 95, 97, 408, 12.04, 10.23, 12.80, 12.04, 10.23, 12.80, 0.00, 180.00, 14.04);
insert into SHOT values (97, 95, 98, 408, 16.15, 36.96, 7.17, 16.15, 36.96, 7.17, 0.00, 90.00, 0.00);
insert into SHOT values (98, 95, 99, 408, 24.29, 61.66, 7.26, 24.29, 61.66, 7.26, 0.00, 270.00, 7.13);
insert into SHOT values (99, 95, 100, 408, 27.62, 68.94, 7.05, 27.62, 68.94, 7.05, 0.00, 296.57, 0.00);
insert into SHOT values (100, 95, 101, 408, 23.33, 86.08, 2.78, 23.33, 86.08, 2.78, 0.00, 79.38, 0.00);
insert into SHOT values (101, 95, 102, 408, 16.44, 109.77, 3.08, 16.44, 109.77, 3.08, 0.00, 296.57, 0.00);
insert into SHOT values (102, 95, 103, 408, 14.48, 120.00, 3.72, 14.48, 120.00, 3.72, 0.00, 63.43, -6.38);
insert into SHOT values (103, 95, 104, 408, 9.59, 143.87, 4.95, 9.59, 143.87, 4.95, 0.00, 63.43, 6.38);
insert into SHOT values (104, 95, 105, 408, 9.68, 167.80, 5.75, 9.68, 167.80, 5.75, 0.00, 123.69, 0.00);
insert into SHOT values (105, 95, 106, 408, 9.29, 197.30, -9.67, 9.29, 197.30, -9.67, 0.00, 315.00, 0.00);
insert into SHOT values (106, 106, 107, 408, 2.54, 86.15, 85.97, 2.54, 86.15, 85.97, 0.00, 78.43, -4.33);
insert into SHOT values (107, 106, 108, 408, 1.89, 200.87, -87.24, 1.89, 200.87, -87.24, 0.00, 22.58, 0.00);
insert into SHOT values (108, 106, 109, 408, 5.82, 345.84, 6.09, 5.82, 345.84, 6.09, 0.00, 308.66, 0.00);
insert into SHOT values (109, 106, 110, 408, 1.13, 186.30, 1.87, 1.13, 186.30, 1.87, 0.00, 267.51, 0.00);
insert into SHOT values (110, 106, 111, 408, 3.60, 237.69, -51.33, 3.60, 237.69, -51.33, 0.00, 248.20, -7.06);
insert into SHOT values (111, 111, 112, 408, 0.90, 31.22, 84.44, 0.90, 31.22, 84.44, 0.00, 316.63, 0.00);
insert into SHOT values (112, 111, 113, 408, 0.42, 137.35, -56.92, 0.42, 137.35, -56.92, 0.00, 63.14, 1.34);
insert into SHOT values (113, 111, 114, 408, 0.45, 329.80, 0.84, 0.45, 329.80, 0.84, 0.00, 333.81, -1.12);
insert into SHOT values (114, 111, 115, 408, 2.04, 153.89, 22.66, 2.04, 153.89, 22.66, 0.00, 315.00, 0.00);
insert into SHOT values (115, 111, 116, 408, 3.08, 219.61, 15.12, 3.08, 219.61, 15.12, 0.00, 135.00, 0.00);
insert into SHOT values (116, 116, 117, 408, 0.23, 93.82, 74.31, 0.23, 93.82, 74.31, 0.00, 91.54, -0.26);
insert into SHOT values (117, 116, 118, 408, 0.65, 283.97, -82.28, 0.65, 283.97, -82.28, 0.00, 199.27, 4.14);
insert into SHOT values (118, 116, 119, 408, 0.78, 159.05, 0.23, 0.78, 159.05, 0.23, 0.00, 294.99, 0.26);
insert into SHOT values (119, 116, 120, 408, 2.03, 308.93, -14.33, 2.03, 308.93, -14.33, 0.00, 119.74, -3.55);
insert into SHOT values (120, 116, 121, 408, 11.14, 243.16, -4.97, 11.14, 243.16, -4.97, 0.00, 153.43, 1.60);
insert into SHOT values (121, 121, 122, 408, 11.13, 243.08, -4.92, 11.13, 243.08, -4.92, 0.00, 126.87, -2.86);
insert into SHOT values (122, 121, 123, 408, 0.64, 196.47, 82.97, 0.63, 196.47, 82.97, 0.00, 89.75, -1.96);
insert into SHOT values (123, 121, 124, 408, 1.57, 316.92, -31.81, 1.57, 316.92, -31.81, 0.00, 78.69, 0.00);
insert into SHOT values (124, 121, 125, 408, 1.08, 145.41, 14.32, 1.08, 145.41, 14.32, 0.00, 309.81, 4.88);
insert into SHOT values (125, 121, 126, 408, 2.78, 322.04, 1.76, 2.78, 322.04, 1.76, 0.00, 126.87, -2.15);
insert into SHOT values (126, 121, 127, 408, 15.68, 233.04, 1.84, 15.68, 233.04, 1.84, 0.00, 90.00, -1.79);
insert into SHOT values (127, 127, 128, 408, 0.47, 47.33, 85.70, 0.47, 47.33, 85.70, 0.00, 50.28, 0.00);
insert into SHOT values (128, 127, 129, 408, 2.15, 112.09, -31.07, 2.15, 112.09, -31.07, 0.00, 26.57, 0.00);
insert into SHOT values (129, 127, 130, 408, 0.92, 322.57, 13.69, 0.92, 322.57, 13.69, 0.00, 196.70, 1.37);
insert into SHOT values (130, 127, 131, 408, 3.25, 102.18, -6.83, 3.25, 102.18, -6.83, 0.00, 122.01, -2.02);
insert into SHOT values (131, 127, 132, 408, 4.38, 140.72, -5.47, 4.38, 140.72, -5.47, 0.00, 56.31, -1.99);
insert into SHOT values (132, 132, 133, 408, 0.18, 200.35, 79.52, 0.18, 200.35, 79.52, 0.00, 149.98, -2.85);
insert into SHOT values (133, 132, 134, 408, 0.95, 259.46, -85.37, 0.95, 259.46, -85.37, 0.00, 232.03, 2.84);
insert into SHOT values (134, 132, 135, 408, 0.94, 75.06, -0.50, 0.94, 75.06, -0.50, 0.00, 137.37, 0.14);
insert into SHOT values (135, 132, 136, 408, 2.42, 274.84, 2.42, 2.43, 274.84, 2.42, 0.00, 231.45, -2.45);
insert into SHOT values (136, 132, 137, 408, 2.59, 125.87, -12.87, 2.59, 125.87, -12.87, 0.00, 168.11, 1.48);
insert into SHOT values (137, 132, 138, 408, 3.01, 172.17, -14.98, 3.01, 172.17, -14.98, 0.00, 209.60, 1.13);
insert into SHOT values (138, 132, 139, 408, 8.02, 238.45, 0.97, 8.01, 238.46, 0.79, 0.03, 51.18, -73.92);
insert into SHOT values (139, 139, 140, 408, 0.28, 178.10, -77.52, 0.28, 178.10, -77.52, 0.00, 181.28, 0.68);
insert into SHOT values (140, 139, 141, 408, 0.69, 102.69, 79.30, 0.69, 102.69, 79.30, 0.00, 183.21, 1.61);
insert into SHOT values (141, 139, 142, 408, 2.17, 141.27, 14.95, 2.17, 141.27, 14.95, 0.00, 351.25, -1.09);
insert into SHOT values (142, 139, 143, 408, 2.25, 312.07, 17.84, 2.25, 312.07, 17.84, 0.00, 158.75, -1.48);
insert into SHOT values (143, 139, 144, 408, 11.46, 192.35, 4.33, 11.45, 192.28, 4.09, 0.05, 77.24, -72.22);
insert into SHOT values (144, 139, 145, 408, 2.22, 130.09, 14.15, 2.22, 130.09, 14.15, 0.00, 29.05, 0.00);
insert into SHOT values (145, 139, 146, 408, 0.48, 9.03, 29.03, 0.48, 9.03, 29.03, 0.00, 110.17, 6.56);
insert into SHOT values (146, 144, 147, 408, 0.00, 0.00, 0.00, 0.00, 90.00, 0.00, 0.00, 90.00, 0.00);
insert into SHOT values (147, 144, 148, 408, 5.47, 313.93, 0.87, 5.47, 313.93, 0.87, 0.00, 229.40, 1.17);
insert into SHOT values (148, 144, 149, 408, 1.07, 145.43, -1.04, 1.07, 145.43, -1.04, 0.00, 156.80, 0.39);
insert into SHOT values (149, 144, 150, 408, 2.26, 291.46, -33.62, 2.26, 291.46, -33.62, 0.00, 151.56, -2.10);
insert into SHOT values (150, 144, 151, 408, 3.24, 154.43, -72.59, 3.24, 154.43, -72.59, 0.00, 147.14, 0.00);
insert into SHOT values (151, 144, 152, 408, 13.60, 254.97, -1.68, 13.60, 255.02, -1.97, 0.07, 24.76, -77.97);
insert into SHOT values (152, 152, 153, 408, 0.51, 316.04, 87.01, 0.51, 316.04, 87.01, 0.00, 194.77, 0.00);
insert into SHOT values (153, 152, 154, 408, 1.88, 174.89, -29.09, 1.88, 174.89, -29.09, 0.00, 14.04, 0.00);
insert into SHOT values (154, 152, 155, 408, 3.61, 147.39, -1.36, 3.61, 147.39, -1.36, 0.00, 214.99, -3.22);
insert into SHOT values (155, 152, 156, 408, 2.49, 341.41, 3.72, 2.49, 341.41, 3.72, 0.00, 167.77, 0.47);
insert into SHOT values (156, 152, 157, 408, 6.99, 43.26, 2.59, 6.98, 43.26, 2.59, 0.00, 170.54, 0.59);
insert into SHOT values (157, 152, 158, 408, 6.70, 192.30, 3.04, 6.69, 192.25, 2.88, 0.02, 63.00, -70.30);
insert into SHOT values (158, 158, 159, 408, 1.46, 12.24, -69.56, 1.46, 12.24, -69.56, 0.00, 189.97, 0.00);
insert into SHOT values (159, 158, 160, 408, 0.28, 293.74, 76.63, 0.28, 293.74, 76.63, 0.00, 146.07, 2.28);
insert into SHOT values (160, 158, 161, 408, 6.63, 82.56, -3.70, 6.63, 82.56, -3.70, 0.00, 296.57, 0.00);
insert into SHOT values (161, 158, 162, 408, 3.00, 235.91, 3.60, 3.00, 235.91, 3.60, 0.00, 129.81, -3.66);
insert into SHOT values (162, 158, 163, 408, 9.17, 271.26, 0.62, 9.17, 271.26, 0.62, 0.00, 0.00, -1.41);
insert into SHOT values (163, 158, 164, 408, 10.13, 301.61, -11.21, 10.13, 301.61, -11.21, 0.00, 0.00, 2.05);
insert into SHOT values (164, 158, 165, 408, 9.67, 315.89, -12.34, 9.67, 315.89, -12.34, 0.00, 0.00, 0.00);
insert into SHOT values (165, 158, 166, 408, 5.07, 137.35, 6.21, 5.07, 137.29, 6.07, 0.01, 57.28, -67.43);
insert into SHOT values (166, 166, 167, 408, 1.30, 304.28, -76.89, 1.30, 304.28, -76.89, 0.00, 7.21, 2.61);
insert into SHOT values (167, 166, 168, 408, 4.84, 39.40, 77.88, 4.84, 39.40, 77.88, 0.00, 350.27, 0.00);
insert into SHOT values (168, 166, 169, 408, 0.58, 143.77, -21.03, 0.58, 143.77, -21.03, 0.00, 77.74, 1.22);
insert into SHOT values (169, 166, 170, 408, 1.61, 328.08, 1.26, 1.61, 328.08, 1.26, 0.00, 180.00, 5.95);
insert into SHOT values (170, 166, 171, 408, 3.17, 247.58, -8.64, 3.17, 247.58, -8.64, 0.00, 63.43, 0.00);
insert into SHOT values (171, 166, 172, 408, 5.18, 38.44, 23.07, 5.18, 38.46, 22.91, 0.01, 56.40, -68.68);
insert into SHOT values (172, 172, 173, 408, 2.68, 136.31, 10.30, 2.68, 136.31, 10.30, 0.00, 2.12, -1.06);
insert into SHOT values (173, 172, 174, 408, 1.08, 335.93, -8.14, 1.08, 335.93, -8.14, 0.00, 184.48, -0.28);
insert into SHOT values (174, 172, 175, 408, 2.61, 118.22, 74.85, 2.61, 118.22, 74.85, 0.00, 255.96, 0.00);
insert into SHOT values (175, 172, 176, 408, 3.42, 332.72, -80.54, 3.42, 332.72, -80.54, 0.00, 325.41, 0.00);
insert into SHOT values (176, 172, 177, 408, 12.02, 64.39, -0.73, 12.03, 64.36, -0.98, 0.05, 37.20, -77.49);
insert into SHOT values (177, 177, 178, 408, 1.52, 151.79, 79.00, 1.52, 151.79, 79.00, 0.00, 33.69, 0.00);
insert into SHOT values (178, 177, 179, 408, 2.86, 277.36, -64.80, 2.86, 277.36, -64.80, 0.00, 41.88, 0.00);
insert into SHOT values (179, 177, 180, 408, 0.82, 148.39, -15.61, 0.82, 148.39, -15.61, 0.00, 352.59, 0.00);
insert into SHOT values (180, 177, 181, 408, 1.80, 316.62, -26.56, 1.80, 316.62, -26.56, 0.00, 313.15, 0.00);
insert into SHOT values (181, 177, 182, 408, 11.08, 67.70, -4.38, 11.09, 67.67, -4.61, 0.05, 36.96, -76.98);
insert into SHOT values (182, 182, 183, 408, 3.44, 42.14, 74.76, 3.44, 42.14, 74.76, 0.00, 335.70, -3.37);
insert into SHOT values (183, 182, 184, 408, 2.20, 355.81, -64.33, 2.20, 355.81, -64.33, 0.00, 173.54, 0.00);
insert into SHOT values (184, 182, 185, 408, 1.69, 160.90, 44.63, 1.68, 160.90, 44.63, 0.00, 325.84, 0.00);
insert into SHOT values (185, 182, 186, 408, 2.40, 350.63, 0.55, 2.40, 350.63, 0.55, 0.00, 344.74, 0.12);
insert into SHOT values (186, 182, 187, 408, 7.54, 12.97, -32.93, 7.54, 12.97, -32.93, 0.00, 214.51, 0.00);
insert into SHOT values (187, 182, 188, 408, 11.88, 59.29, -0.58, 11.89, 59.27, -0.83, 0.05, 42.59, -77.28);
insert into SHOT values (188, 188, 189, 408, 2.65, 139.54, 83.22, 2.65, 139.54, 83.22, 0.00, 80.71, 0.00);
insert into SHOT values (189, 188, 190, 408, 2.72, 328.75, -63.74, 2.72, 328.75, -63.74, 0.00, 119.74, 0.00);
insert into SHOT values (190, 188, 191, 408, 2.54, 341.25, 4.78, 2.54, 341.25, 4.78, 0.00, 307.57, 0.00);
insert into SHOT values (191, 188, 192, 408, 1.66, 141.02, 38.62, 1.66, 141.02, 38.62, 0.00, 20.77, 0.00);
insert into SHOT values (192, 188, 193, 408, 4.13, 257.74, -10.84, 4.13, 257.74, -10.84, 0.00, 342.26, 0.00);
insert into SHOT values (193, 188, 194, 408, 18.56, 56.97, -1.60, 18.56, 56.97, -1.60, 0.00, 108.43, 0.00);
insert into SHOT values (194, 194, 195, 408, 4.63, 28.64, 86.64, 4.63, 28.64, 86.64, 0.00, 18.87, 0.00);
insert into SHOT values (195, 194, 196, 408, 1.67, 345.77, -63.14, 1.67, 345.77, -63.14, 0.00, 62.27, -2.32);
insert into SHOT values (196, 194, 197, 408, 0.75, 157.75, 38.52, 0.75, 157.75, 38.52, 0.00, 270.00, 0.00);
insert into SHOT values (197, 194, 198, 408, 10.16, 237.81, 0.36, 10.16, 237.81, 0.36, 0.00, 284.04, 0.22);
insert into SHOT values (198, 194, 199, 408, 1.71, 324.32, -8.96, 1.71, 324.32, -8.96, 0.00, 77.47, -0.62);
insert into SHOT values (199, 194, 200, 408, 5.03, 346.32, 30.92, 5.03, 346.32, 30.92, 0.00, 90.00, 0.00);
insert into SHOT values (200, 194, 201, 408, 10.55, 50.24, 3.88, 10.55, 50.24, 3.88, 0.00, 82.87, 0.00);
insert into SHOT values (201, 201, 202, 408, 2.14, 130.00, 76.33, 2.14, 130.00, 76.33, 0.00, 68.20, 0.00);
insert into SHOT values (202, 201, 203, 408, 2.43, 100.06, -56.78, 2.43, 100.06, -56.78, 0.00, 38.20, 0.00);
insert into SHOT values (203, 201, 204, 408, 2.21, 159.24, -5.22, 2.21, 159.24, -5.22, 0.00, 238.39, 0.00);
insert into SHOT values (204, 201, 205, 408, 1.82, 10.48, 60.63, 1.82, 10.48, 60.63, 0.00, 289.27, 0.00);
insert into SHOT values (205, 201, 206, 408, 4.61, 77.06, -6.89, 4.61, 77.06, -6.89, 0.00, 114.62, 0.00);
insert into SHOT values (206, 206, 207, 408, 3.25, 204.65, -29.09, 3.25, 204.65, -29.09, 0.00, 241.39, 4.56);
insert into SHOT values (207, 206, 208, 408, 0.62, 5.74, 9.14, 0.62, 5.74, 9.14, 0.00, 293.60, -0.11);
insert into SHOT values (208, 206, 209, 408, 2.47, 214.16, -6.24, 2.47, 214.16, -6.24, 0.00, 123.69, 1.59);
insert into SHOT values (209, 206, 210, 408, 3.14, 170.90, -9.14, 3.14, 170.90, -9.14, 0.00, 76.76, 0.82);
insert into SHOT values (210, 206, 211, 408, 11.29, 194.67, 1.94, 11.29, 194.67, 1.94, 0.00, 216.87, 0.00);
insert into SHOT values (211, 211, 212, 408, 1.95, 331.58, 83.17, 1.95, 331.58, 83.17, 0.00, 44.57, 0.00);
insert into SHOT values (212, 211, 213, 408, 5.14, 226.06, -70.27, 5.14, 226.06, -70.27, 0.00, 306.57, 0.00);
insert into SHOT values (213, 211, 214, 408, 0.30, 122.50, 1.27, 0.30, 122.50, 1.27, 0.00, 344.27, 0.16);
insert into SHOT values (214, 211, 215, 408, 2.21, 292.45, 6.21, 2.21, 292.45, 6.21, 0.00, 320.39, 0.00);
insert into SHOT values (215, 211, 216, 408, 1.26, 283.01, -59.08, 1.26, 283.01, -59.08, 0.00, 73.17, -1.77);
insert into SHOT values (216, 211, 217, 408, 10.25, 203.19, 0.52, 10.25, 203.19, 0.52, 0.00, 0.00, 0.22);
insert into SHOT values (217, 217, 218, 408, 3.94, 111.32, 81.16, 3.94, 111.32, 81.16, 0.00, 65.56, 0.00);
insert into SHOT values (218, 217, 219, 408, 1.58, 89.80, -50.49, 1.58, 89.80, -50.49, 0.00, 81.15, 0.00);
insert into SHOT values (219, 217, 220, 408, 0.60, 307.79, 9.02, 0.60, 307.79, 9.02, 0.00, 207.41, 0.00);
insert into SHOT values (220, 217, 221, 408, 2.59, 98.74, -5.52, 2.59, 98.74, -5.52, 0.00, 38.41, -0.20);
insert into SHOT values (221, 217, 222, 408, 4.38, 140.77, -2.08, 4.38, 140.77, -2.08, 0.00, 101.31, 0.00);
insert into SHOT values (222, 217, 223, 408, 7.09, 124.19, -2.54, 7.08, 124.19, -2.54, 0.00, 0.00, 0.00);
insert into SHOT values (223, 217, 224, 408, 9.78, 115.04, 1.59, 9.78, 115.04, 1.59, 0.00, 18.43, 0.00);
insert into SHOT values (224, 224, 225, 408, 3.99, 224.19, 78.73, 3.99, 224.19, 78.73, 0.00, 38.23, 0.00);
insert into SHOT values (225, 224, 226, 408, 1.51, 257.37, -76.82, 1.51, 257.37, -76.82, 0.00, 143.04, 0.00);
insert into SHOT values (226, 224, 227, 408, 2.13, 258.87, -6.41, 2.13, 258.87, -6.41, 0.00, 158.84, -0.22);
insert into SHOT values (227, 224, 228, 408, 12.61, 181.17, 0.92, 12.61, 181.17, 0.92, 0.00, 108.08, 0.00);
insert into SHOT values (228, 228, 229, 408, 3.68, 214.79, 84.56, 3.68, 214.79, 84.56, 0.00, 15.78, 0.00);
insert into SHOT values (229, 228, 230, 408, 1.59, 348.36, -86.92, 1.59, 348.36, -86.92, 0.00, 252.28, 0.00);
insert into SHOT values (230, 228, 231, 408, 0.94, 81.27, -37.12, 0.94, 81.27, -37.12, 0.00, 113.39, 0.00);
insert into SHOT values (231, 228, 232, 408, 2.21, 255.87, 2.15, 2.21, 255.87, 2.15, 0.00, 149.22, 0.13);
insert into SHOT values (232, 228, 233, 408, 6.32, 164.61, 1.38, 6.32, 164.61, 1.38, 0.00, 42.18, 0.17);
insert into SHOT values (233, 233, 234, 408, 2.87, 69.93, 73.03, 2.87, 69.93, 73.03, 0.00, 213.90, 0.00);
insert into SHOT values (234, 233, 235, 408, 1.97, 343.75, -78.00, 1.97, 343.75, -78.00, 0.00, 54.95, 1.57);
insert into SHOT values (235, 233, 236, 408, 0.85, 268.17, -49.99, 0.85, 268.17, -49.99, 0.00, 252.18, 0.00);
insert into SHOT values (236, 233, 237, 408, 2.21, 72.84, -1.75, 2.21, 72.84, -1.75, 0.00, 339.44, 0.00);
insert into SHOT values (237, 233, 238, 408, 4.19, 169.24, -51.69, 4.19, 169.24, -51.69, 0.00, 58.39, 0.00);
insert into SHOT values (238, 233, 239, 408, 7.57, 159.94, -1.55, 7.57, 159.94, -1.55, 0.00, 5.71, 0.00);
insert into SHOT values (239, 239, 240, 408, 2.55, 136.67, 87.42, 2.55, 136.67, 87.42, 0.00, 118.18, 0.00);
insert into SHOT values (240, 239, 241, 408, 1.67, 60.53, -72.75, 1.67, 60.53, -72.75, 0.00, 133.98, 0.00);
insert into SHOT values (241, 239, 242, 408, 0.52, 244.55, -13.33, 0.52, 244.55, -13.33, 0.00, 221.67, 0.00);
insert into SHOT values (242, 239, 243, 408, 2.30, 53.22, -0.48, 2.30, 53.22, -0.48, 0.00, 319.76, 0.05);
insert into SHOT values (243, 239, 244, 408, 7.10, 116.02, -0.79, 7.10, 116.02, -0.79, 0.00, 48.81, 0.00);
insert into SHOT values (244, 244, 245, 408, 2.88, 216.84, 69.92, 2.88, 216.84, 69.92, 0.00, 220.91, 0.00);
insert into SHOT values (245, 244, 246, 408, 2.34, 245.07, -44.13, 2.34, 245.07, -44.13, 0.00, 90.00, 0.00);
insert into SHOT values (246, 244, 247, 408, 0.54, 43.23, -0.88, 0.54, 43.23, -0.88, 0.00, 184.69, 0.00);
insert into SHOT values (247, 244, 248, 408, 2.62, 248.91, -3.56, 2.62, 248.91, -3.56, 0.00, 325.75, 0.00);
insert into SHOT values (248, 244, 249, 408, 10.07, 193.62, 1.43, 10.07, 193.62, 1.43, 0.00, 71.57, 0.00);
insert into SHOT values (249, 249, 250, 408, 2.81, 14.47, 76.99, 2.81, 14.47, 76.99, 0.00, 0.00, 0.00);
insert into SHOT values (250, 249, 251, 408, 2.09, 20.14, -69.38, 2.09, 20.14, -69.38, 0.00, 317.54, 0.00);
insert into SHOT values (251, 249, 252, 408, 3.79, 22.01, 0.66, 3.79, 22.01, 0.66, 0.00, 97.59, 0.06);
insert into SHOT values (252, 249, 253, 408, 1.98, 128.46, -7.75, 1.98, 128.46, -7.75, 0.00, 286.26, 0.00);
insert into SHOT values (253, 249, 254, 408, 2.53, 297.15, 5.95, 2.53, 297.15, 5.95, 0.00, 316.74, 0.00);
insert into SHOT values (254, 249, 255, 408, 9.93, 200.12, 1.62, 9.93, 200.12, 1.62, 0.00, 206.57, 0.00);
insert into SHOT values (255, 255, 256, 408, 2.46, 60.19, 73.63, 2.46, 60.19, 73.63, 0.00, 160.97, 0.00);
insert into SHOT values (256, 255, 257, 408, 2.03, 47.32, -64.82, 2.03, 47.32, -64.82, 0.00, 267.27, 0.00);
insert into SHOT values (257, 255, 258, 408, 0.85, 247.46, -37.75, 0.85, 247.46, -37.75, 0.00, 328.12, 0.00);
insert into SHOT values (258, 255, 259, 408, 2.50, 55.23, -9.42, 2.50, 55.23, -9.42, 0.00, 352.41, 0.00);
insert into SHOT values (259, 255, 260, 408, 3.36, 34.06, -9.65, 3.36, 34.06, -9.65, 0.00, 74.74, 0.00);
insert into SHOT values (260, 255, 261, 408, 3.09, 91.53, -4.82, 3.09, 91.53, -4.82, 0.00, 201.58, 0.00);
insert into SHOT values (261, 255, 262, 408, 4.22, 97.48, -1.35, 4.22, 97.48, -1.35, 0.00, 0.00, 0.17);
insert into SHOT values (262, 262, 263, 408, 4.29, 181.63, 66.09, 4.29, 181.63, 66.09, 0.00, 17.20, 0.00);
insert into SHOT values (263, 262, 264, 408, 1.78, 157.42, -72.48, 1.78, 157.42, -72.48, 0.00, 191.69, 0.00);
insert into SHOT values (264, 262, 265, 408, 2.30, 177.48, -1.71, 2.30, 177.48, -1.71, 0.00, 229.44, 0.00);
insert into SHOT values (265, 262, 266, 408, 0.73, 353.91, -34.91, 0.73, 353.91, -34.91, 0.00, 27.75, 0.00);
insert into SHOT values (266, 262, 267, 408, 11.43, 70.35, 0.98, 11.43, 70.35, 0.98, 0.00, 0.00, 3.58);
insert into SHOT values (267, 267, 268, 408, 2.40, 148.19, 74.99, 2.40, 148.19, 74.99, 0.00, 134.17, 0.00);
insert into SHOT values (268, 267, 269, 408, 1.75, 155.94, -68.57, 1.75, 155.94, -68.57, 0.00, 205.73, 0.00);
insert into SHOT values (269, 267, 270, 408, 0.58, 326.77, -15.63, 0.58, 326.77, -15.63, 0.00, 216.00, -0.18);
insert into SHOT values (270, 267, 271, 408, 1.75, 150.74, -2.71, 1.75, 150.74, -2.71, 0.00, 318.65, -0.22);
insert into SHOT values (271, 267, 272, 408, 4.46, 242.09, -2.77, 4.46, 242.09, -2.77, 0.00, 48.81, -0.17);
insert into SHOT values (272, 267, 273, 408, 4.86, 68.09, 3.46, 4.86, 68.09, 3.46, 0.00, 128.37, -0.47);
insert into SHOT values (273, 273, 274, 408, 1.59, 322.72, 62.14, 1.59, 322.72, 62.14, 0.00, 329.04, 0.00);
insert into SHOT values (274, 273, 275, 408, 1.96, 176.97, -87.78, 1.96, 176.97, -87.78, 0.00, 296.57, 0.00);
insert into SHOT values (275, 273, 276, 408, 1.82, 326.69, -10.63, 1.82, 326.69, -10.63, 0.00, 264.29, 0.00);
insert into SHOT values (276, 273, 277, 408, 0.32, 144.45, -4.24, 0.32, 144.45, -4.24, 0.00, 210.68, 0.26);
insert into SHOT values (277, 273, 278, 408, 5.21, 346.09, -55.47, 5.20, 346.09, -55.47, 0.00, 90.00, 0.00);
insert into SHOT values (278, 279, 1, 408, 3.86, 1.20, -73.50, 3.86, 1.20, -73.50, 0.00, 90.00, 0.00);
insert into SHOT values (279, 280, 279, 408, 7.72, 134.00, 0.43, 7.72, 134.00, 0.43, 0.00, 90.00, -21.80);
insert into SHOT values (280, 281, 280, 408, 4.12, 148.70, -23.20, 4.12, 148.85, -23.25, 0.01, 241.79, -20.42);
insert into SHOT values (281, 281, 282, 408, 4.12, 149.10, -23.10, 4.12, 149.10, -23.10, 0.00, 270.00, 45.00);
insert into SHOT values (282, 281, 280, 408, 4.12, 149.00, -23.30, 4.12, 148.85, -23.25, 0.01, 61.69, 20.47);
insert into SHOT values (283, 281, 283, 408, 0.81, 60.48, 6.82, 0.81, 60.48, 6.82, 0.00, 306.87, 16.70);
insert into SHOT values (284, 281, 284, 408, 0.74, 247.62, -11.18, 0.74, 247.62, -11.18, 0.00, 254.05, 20.69);
insert into SHOT values (285, 281, 285, 408, 0.83, 5.71, 73.33, 0.83, 5.71, 73.33, 0.00, 311.63, 41.54);
insert into SHOT values (286, 281, 286, 408, 0.27, 174.95, -74.06, 0.27, 174.95, -74.06, 0.00, 95.42, 14.14);
insert into SHOT values (287, 281, 287, 408, 2.59, 196.85, -24.33, 2.59, 196.85, -24.33, 0.00, 231.34, -31.99);
insert into SHOT values (288, 281, 288, 408, 2.92, 163.83, -19.23, 2.92, 163.83, -19.23, 0.00, 90.00, 45.00);
insert into SHOT values (289, 281, 289, 408, 2.52, 98.43, -6.21, 2.52, 98.43, -6.21, 0.00, 262.87, 7.07);
insert into SHOT values (290, 281, 290, 408, 2.92, 125.96, -20.87, 2.92, 125.96, -20.87, 0.00, 296.57, -41.81);
insert into SHOT values (291, 280, 291, 408, 1.17, 41.70, 72.30, 1.17, 41.70, 72.30, 0.00, 306.87, 0.00);
insert into SHOT values (292, 280, 292, 408, 0.55, 63.62, -57.73, 0.55, 63.62, -57.73, 0.00, 45.00, -6.72);
insert into SHOT values (293, 280, 293, 408, 0.53, 82.83, 6.37, 0.53, 82.83, 6.37, 0.00, 154.80, -28.02);
insert into SHOT values (294, 280, 294, 408, 0.29, 182.88, -8.39, 0.29, 182.88, -8.39, 0.00, 287.66, -18.85);
insert into SHOT values (295, 280, 295, 408, 1.23, 178.87, 3.33, 1.23, 178.87, 3.33, 0.00, 90.00, 43.69);
insert into SHOT values (296, 280, 296, 408, 0.61, 127.98, 2.38, 0.61, 127.98, 2.38, 0.00, 90.00, -19.50);
insert into SHOT values (297, 280, 297, 408, 1.61, 148.81, -3.90, 1.61, 148.81, -3.90, 0.00, 135.00, -5.05);
insert into SHOT values (298, 280, 298, 408, 2.33, 138.19, 1.59, 2.33, 138.19, 1.59, 0.00, 180.00, -32.01);
insert into SHOT values (299, 280, 299, 408, 2.81, 138.59, -8.79, 2.81, 138.59, -8.79, 0.00, 90.00, -14.04);
insert into SHOT values (300, 279, 300, 408, 2.42, 56.16, -17.29, 2.42, 56.16, -17.29, 0.00, 90.00, -74.29);
insert into SHOT values (301, 279, 301, 408, 1.07, 333.76, 73.40, 1.07, 333.76, 73.40, 0.00, 0.00, -82.82);
insert into SHOT values (302, 279, 302, 408, 1.44, 353.39, -13.51, 1.44, 353.39, -13.51, 0.00, 90.00, 82.87);
insert into SHOT values (303, 279, 303, 408, 2.57, 324.46, -2.75, 2.57, 324.46, -2.75, 0.00, 90.00, -33.69);
insert into SHOT values (304, 279, 304, 408, 2.18, 262.41, 10.64, 2.18, 262.41, 10.64, 0.00, 90.00, -80.87);
insert into SHOT values (305, 279, 305, 408, 4.68, 310.83, 7.36, 4.68, 310.83, 7.36, 0.00, 90.00, 60.64);
insert into SHOT values (306, 279, 306, 408, 3.37, 299.55, 5.08, 3.36, 299.55, 5.08, 0.00, 90.00, -69.44);
insert into SHOT values (307, 279, 307, 408, 4.91, 317.38, -1.65, 4.91, 317.38, -1.65, 0.00, 180.00, 26.34);
insert into SHOT values (308, 279, 308, 408, 4.37, 312.46, -0.57, 4.37, 312.46, -0.57, 0.00, 90.00, -73.81);
insert into SHOT values (309, 279, 309, 408, 1.46, 289.50, -52.51, 1.46, 289.50, -52.51, 0.00, 180.00, 71.62);
insert into SHOT values (310, 1, 310, 408, 1.61, 63.68, -2.35, 1.61, 63.68, -2.35, 0.00, 90.00, 0.00);
insert into SHOT values (311, 1, 311, 408, 1.37, 355.51, 1.36, 1.37, 355.51, 1.36, 0.00, 90.00, 0.00);
insert into SHOT values (312, 1, 312, 408, 0.73, 92.01, -50.88, 0.73, 92.01, -50.88, 0.00, 90.00, 0.00);
insert into SHOT values (313, 1, 313, 408, 3.60, 122.02, 82.32, 3.60, 122.02, 82.32, 0.00, 90.00, 0.00);
insert into SHOT values (314, 1, 314, 408, 1.19, 266.51, 37.45, 1.19, 266.51, 37.45, 0.00, 90.00, 0.00);
insert into SHOT values (315, 1, 315, 408, 2.03, 175.58, 13.60, 2.03, 175.58, 13.60, 0.00, 90.00, 0.00);
insert into SHOT values (316, 59, 316, 408, 5.94, 188.92, 45.98, 5.94, 188.92, 45.98, 0.00, 342.65, 0.00);
insert into SHOT values (317, 316, 317, 408, 0.13, 120.68, -12.77, 0.13, 120.68, -12.77, 0.00, 21.52, -10.67);
insert into SHOT values (318, 316, 318, 408, 1.40, 350.37, 74.31, 1.40, 350.37, 74.31, 0.00, 165.07, 14.45);
insert into SHOT values (319, 316, 319, 408, 5.93, 330.85, -71.68, 5.93, 330.85, -71.68, 0.00, 218.66, 0.00);
insert into SHOT values (320, 316, 320, 408, 4.21, 291.68, 8.64, 4.21, 291.68, 8.64, 0.00, 331.39, 4.56);
insert into SHOT values (321, 316, 321, 408, 6.58, 115.58, 6.66, 6.58, 115.58, 6.66, 0.00, 45.00, -3.37);
insert into SHOT values (322, 316, 322, 408, 4.76, 149.24, 9.15, 4.76, 149.24, 9.15, 0.00, 254.05, 0.00);
insert into SHOT values (323, 316, 323, 408, 4.83, 248.45, 10.65, 4.83, 248.45, 10.65, 0.00, 63.43, -6.38);
insert into SHOT values (324, 323, 324, 408, 0.82, 133.85, 50.29, 0.82, 133.85, 50.29, 0.00, 0.00, -2.29);
insert into SHOT values (325, 323, 325, 408, 0.60, 217.69, -63.43, 0.60, 217.69, -63.43, 0.00, 32.01, -17.64);
insert into SHOT values (326, 323, 326, 408, 3.09, 348.19, -7.65, 3.09, 348.19, -7.65, 0.00, 222.51, -5.26);
insert into SHOT values (327, 323, 327, 408, 10.45, 213.68, -0.19, 10.45, 213.68, -0.19, 0.00, 206.57, 11.26);
insert into SHOT values (328, 323, 328, 408, 12.26, 261.63, -2.93, 12.26, 261.63, -2.93, 0.00, 180.00, -4.40);
insert into SHOT values (329, 328, 329, 408, 0.79, 163.61, 54.43, 0.79, 163.61, 54.43, 0.00, 258.23, -4.66);
insert into SHOT values (330, 328, 330, 408, 0.71, 127.96, -47.18, 0.72, 127.96, -47.18, 0.00, 145.01, 4.68);
insert into SHOT values (331, 328, 331, 408, 6.67, 157.02, 9.50, 6.67, 157.02, 9.50, 0.00, 194.04, -3.47);
insert into SHOT values (332, 328, 332, 408, 0.42, 349.80, -65.58, 0.43, 349.80, -65.58, 0.00, 19.39, -2.20);
insert into SHOT values (333, 328, 333, 408, 3.32, 64.02, -0.99, 3.32, 64.02, -0.99, 0.00, 26.57, 0.93);
insert into SHOT values (334, 328, 334, 408, 11.79, 230.69, 1.10, 11.79, 230.69, 1.10, 0.00, 180.00, 8.88);
insert into SHOT values (335, 334, 335, 408, 1.28, 63.30, 59.62, 1.28, 63.30, 59.62, 0.00, 7.13, -13.93);
insert into SHOT values (336, 334, 336, 408, 0.36, 73.35, -44.81, 0.36, 73.35, -44.81, 0.00, 205.71, -7.60);
insert into SHOT values (337, 334, 337, 408, 3.01, 8.56, 11.12, 3.01, 8.56, 11.12, 0.00, 7.13, -3.55);
insert into SHOT values (338, 334, 338, 408, 5.88, 39.66, 3.22, 5.88, 39.66, 3.22, 0.00, 206.57, 0.00);
insert into SHOT values (339, 334, 339, 408, 1.94, 262.97, 11.70, 1.94, 262.97, 11.70, 0.00, 180.00, 1.55);
insert into SHOT values (340, 334, 340, 408, 6.64, 262.19, 11.63, 6.64, 262.19, 11.63, 0.00, 180.00, -21.80);
insert into SHOT values (341, 334, 341, 408, 8.74, 146.71, -3.08, 8.74, 146.71, -3.08, 0.00, 206.57, 12.60);
insert into SHOT values (342, 334, 342, 408, 9.14, 226.21, 1.73, 9.14, 226.21, 1.73, 0.00, 0.00, 7.13);
insert into SHOT values (343, 342, 343, 408, 0.67, 229.12, 86.79, 0.67, 229.12, 86.79, 0.00, 359.60, 2.53);
insert into SHOT values (344, 342, 344, 408, 1.04, 130.48, -29.73, 1.04, 130.48, -29.73, 0.00, 1.97, -1.97);
insert into SHOT values (345, 342, 345, 408, 5.50, 313.15, -1.55, 5.50, 313.15, -1.55, 0.00, 0.00, 4.76);
insert into SHOT values (346, 342, 346, 408, 7.49, 260.62, 4.33, 7.49, 260.62, 4.33, 0.00, 180.00, 0.00);
insert into SHOT values (347, 342, 347, 408, 8.38, 170.14, -5.57, 8.37, 170.14, -5.57, 0.00, 0.00, -3.58);
insert into SHOT values (348, 342, 348, 408, 10.44, 102.79, -2.99, 10.44, 102.79, -2.99, 0.00, 255.96, -6.38);
insert into SHOT values (349, 342, 349, 408, 6.54, 54.86, -5.41, 6.54, 54.86, -5.41, 0.00, 0.00, 4.09);
insert into SHOT values (350, 342, 350, 408, 22.85, 231.81, 0.82, 22.85, 231.81, 0.82, 0.00, 0.00, -0.44);
insert into SHOT values (351, 350, 351, 408, 6.90, 345.72, -11.52, 6.90, 345.72, -11.52, 0.00, 343.74, 2.29);
insert into SHOT values (352, 350, 352, 408, 11.40, 43.67, -1.49, 11.40, 43.67, -1.49, 0.00, 9.46, -4.70);
insert into SHOT values (353, 350, 353, 408, 6.22, 79.11, -4.22, 6.22, 79.11, -4.22, 0.00, 180.00, 4.51);
insert into SHOT values (354, 350, 354, 408, 0.34, 92.55, 32.99, 0.34, 92.55, 32.99, 0.00, 347.08, 3.69);
insert into SHOT values (355, 350, 355, 408, 0.68, 19.14, -43.02, 0.67, 19.14, -43.02, 0.00, 168.69, -5.60);
insert into SHOT values (356, 350, 356, 408, 4.70, 150.03, -0.66, 4.70, 150.03, -0.66, 0.00, 187.13, -2.66);
insert into SHOT values (357, 350, 357, 408, 2.26, 226.10, 21.77, 2.26, 226.10, 21.77, 0.00, 75.96, -6.91);
insert into SHOT values (358, 357, 358, 408, 0.32, 208.72, 56.66, 0.32, 208.72, 56.66, 0.00, 188.88, -5.29);
insert into SHOT values (359, 357, 359, 408, 0.77, 150.75, -56.57, 0.77, 150.75, -56.57, 0.00, 167.72, 1.32);
insert into SHOT values (360, 357, 360, 408, 0.59, 157.74, -34.40, 0.59, 157.74, -34.40, 0.00, 10.56, -3.13);
insert into SHOT values (361, 357, 361, 408, 0.31, 334.35, -15.03, 0.31, 334.35, -15.03, 0.00, 341.72, -2.91);
insert into SHOT values (362, 357, 362, 408, 9.32, 276.06, 2.53, 9.32, 276.06, 2.53, 0.00, 319.90, 5.75);
insert into SHOT values (363, 362, 363, 408, 4.86, 4.98, 1.53, 4.85, 4.98, 1.53, 0.00, 177.85, 2.86);
insert into SHOT values (364, 362, 364, 408, 6.99, 55.01, -3.41, 6.99, 55.01, -3.41, 0.00, 21.80, -5.30);
insert into SHOT values (365, 362, 365, 408, 7.97, 152.44, 1.60, 7.97, 152.44, 1.60, 0.00, 354.29, 4.62);
insert into SHOT values (366, 362, 366, 408, 8.80, 135.10, 1.04, 8.81, 135.10, 1.04, 0.00, 195.95, -2.46);
insert into SHOT values (367, 362, 367, 408, 7.45, 188.68, -0.15, 7.45, 188.68, -0.15, 0.00, 165.96, -1.92);
insert into SHOT values (368, 362, 368, 408, 0.21, 167.04, 63.12, 0.21, 167.04, 63.12, 0.00, 3.40, -1.89);
insert into SHOT values (369, 362, 369, 408, 2.47, 113.02, -4.66, 2.47, 113.02, -4.66, 0.00, 243.43, 22.75);
insert into SHOT values (370, 362, 370, 408, 16.66, 232.36, -1.43, 16.66, 232.36, -1.43, 0.00, 90.00, -12.34);
insert into SHOT values (371, 362, 371, 408, 6.61, 311.40, 1.51, 6.61, 311.40, 1.51, 0.00, 9.46, -2.35);
insert into SHOT values (372, 362, 372, 408, 19.16, 255.48, -0.20, 19.15, 255.48, -0.20, 0.00, 33.69, 2.73);
insert into SHOT values (373, 372, 373, 408, 0.85, 61.59, 56.35, 0.85, 61.59, 56.35, 0.00, 170.96, 3.85);
insert into SHOT values (374, 372, 374, 408, 4.09, 1.74, 2.88, 4.09, 1.74, 2.88, 0.00, 24.69, 0.00);
insert into SHOT values (375, 372, 375, 408, 8.12, 32.78, 0.87, 8.12, 32.78, 0.87, 0.00, 180.00, -3.96);
insert into SHOT values (376, 372, 376, 408, 7.48, 139.38, -1.63, 7.48, 139.38, -1.63, 0.00, 348.69, 2.81);
insert into SHOT values (377, 372, 377, 408, 5.46, 96.06, -23.85, 5.46, 96.06, -23.85, 0.00, 240.64, -12.29);
insert into SHOT values (378, 372, 378, 408, 5.70, 309.78, 7.77, 5.70, 309.78, 7.77, 0.00, 75.96, 10.31);
insert into SHOT values (379, 372, 379, 408, 7.47, 221.64, 8.19, 7.47, 221.64, 8.19, 0.00, 9.46, 2.35);
insert into SHOT values (380, 372, 380, 408, 7.40, 278.42, 18.04, 7.40, 278.42, 18.04, 0.00, 246.37, -6.53);
insert into SHOT values (381, 380, 381, 408, 0.28, 186.55, 51.87, 0.28, 186.55, 51.87, 0.00, 3.74, 31.48);
insert into SHOT values (382, 380, 382, 408, 4.13, 130.68, -35.34, 4.13, 130.68, -35.34, 0.00, 220.60, 0.00);
insert into SHOT values (383, 380, 383, 408, 9.49, 117.72, -6.22, 9.49, 117.72, -6.22, 0.00, 90.00, 7.13);
insert into SHOT values (384, 380, 384, 408, 6.49, 80.31, -11.50, 6.49, 80.31, -11.50, 0.00, 180.00, 0.00);
insert into SHOT values (385, 380, 385, 408, 0.59, 1.81, 0.20, 0.59, 1.81, 0.20, 0.00, 187.63, 6.05);
insert into SHOT values (386, 380, 386, 408, 6.68, 183.41, -3.21, 6.68, 183.41, -3.21, 0.00, 355.83, -5.34);
insert into SHOT values (387, 380, 387, 408, 5.34, 233.09, 0.25, 5.34, 233.09, 0.25, 0.00, 225.00, -1.90);
insert into SHOT values (388, 342, 388, 408, 0.00, 0.00, 0.00, 0.00, 90.00, 0.00, 0.00, 90.00, 0.00);
insert into SHOT values (389, 342, 389, 408, 9.08, 208.47, -3.29, 9.08, 208.47, -3.29, 0.00, 0.00, -3.58);
insert into SHOT values (390, 389, 390, 408, 2.22, 196.40, -9.65, 2.22, 196.40, -9.65, 0.00, 0.00, 14.04);
insert into SHOT values (391, 389, 391, 408, 2.80, 285.47, -4.40, 2.80, 285.47, -4.40, 0.00, 172.41, -6.60);
insert into SHOT values (392, 389, 392, 408, 17.07, 253.13, 1.70, 17.07, 253.13, 1.70, 0.00, 180.00, 3.20);
insert into SHOT values (393, 69, 393, 408, 50.00, 0.00, 0.00, 50.00, 0.00, 0.00, 0.00, 90.00, 0.00);
insert into SHOT values (394, 132, 394, 408, 0.00, 0.00, 0.00, 0.00, 237.67, 69.12, 0.00, 237.67, 69.12);
insert into SHOT values (395, 394, 395, 408, 3.35, 127.49, -8.94, 3.35, 127.49, -8.94, 0.00, 192.99, 0.00);
insert into SHOT values (396, 394, 396, 408, 2.14, 173.50, -13.68, 2.14, 173.50, -13.68, 0.00, 34.02, 2.37);
insert into SHOT values (397, 394, 397, 408, 4.27, 157.35, -9.99, 4.27, 157.35, -9.99, 0.00, 180.00, -2.86);
insert into SHOT values (398, 394, 398, 408, 5.82, 149.14, -8.34, 5.82, 149.14, -8.34, 0.00, 180.00, -3.58);
insert into SHOT values (399, 394, 399, 408, 7.80, 142.33, -6.87, 7.80, 142.39, -6.69, 0.03, 240.62, 72.36);
insert into SHOT values (400, 399, 400, 408, 3.48, 21.29, 7.74, 3.48, 21.29, 7.74, 0.00, 45.00, 0.72);
insert into SHOT values (401, 399, 401, 408, 4.52, 335.75, 5.56, 4.52, 335.75, 5.56, 0.00, 255.96, -1.74);
insert into SHOT values (402, 399, 402, 408, 1.56, 286.15, 6.19, 1.56, 286.15, 6.19, 0.00, 5.86, -2.19);
insert into SHOT values (403, 399, 403, 408, 0.75, 260.84, 6.94, 0.75, 260.84, 6.94, 0.00, 265.45, 3.89);
insert into SHOT values (404, 399, 404, 408, 1.22, 199.81, -6.57, 1.22, 199.84, -6.35, 0.01, 212.37, 53.16);
insert into SHOT values (405, 404, 405, 408, 0.47, 96.67, 65.81, 0.47, 96.67, 65.81, 0.00, 12.33, 0.45);
insert into SHOT values (406, 404, 406, 408, 0.78, 47.58, -60.80, 0.78, 47.58, -60.80, 0.00, 71.57, -5.16);
insert into SHOT values (407, 404, 407, 408, 0.57, 105.03, 1.76, 0.57, 105.03, 1.76, 0.00, 12.85, -0.46);
insert into SHOT values (408, 404, 408, 408, 0.64, 44.31, -4.12, 0.64, 44.31, -4.12, 0.00, 350.37, -1.07);
insert into SHOT values (409, 404, 409, 408, 1.64, 83.44, 2.94, 1.63, 83.46, 3.11, 0.01, 258.43, 43.88);
insert into SHOT values (410, 409, 410, 408, 0.42, 12.79, 1.01, 0.42, 12.79, 1.01, 0.00, 177.32, 0.45);
insert into SHOT values (411, 409, 411, 408, 0.56, 329.68, 4.64, 0.56, 329.68, 4.64, 0.00, 142.54, 0.52);
insert into SHOT values (412, 409, 412, 408, 0.80, 185.78, -50.61, 0.80, 185.78, -50.61, 0.00, 156.49, -8.35);
insert into SHOT values (413, 409, 413, 408, 0.44, 215.16, 49.70, 0.44, 215.16, 49.70, 0.00, 200.05, 0.97);
insert into SHOT values (414, 409, 414, 408, 0.55, 245.51, -11.95, 0.55, 245.51, -11.95, 0.00, 149.35, 2.05);
insert into SHOT values (415, 409, 415, 408, 2.22, 181.26, 0.45, 2.22, 181.30, 0.59, 0.01, 209.84, 57.04);
insert into SHOT values (416, 415, 416, 408, 0.99, 293.75, -76.14, 0.99, 293.75, -76.14, 0.00, 3.09, 6.16);
insert into SHOT values (417, 415, 417, 408, 0.51, 129.96, 67.88, 0.51, 129.96, 67.88, 0.00, 171.43, -0.46);
insert into SHOT values (418, 415, 418, 408, 0.72, 46.94, -4.42, 0.72, 46.94, -4.42, 0.00, 330.26, 1.78);
insert into SHOT values (419, 415, 419, 408, 0.50, 129.86, -8.26, 0.50, 129.86, -8.26, 0.00, 184.50, -0.32);
insert into SHOT values (420, 415, 420, 408, 0.74, 87.25, -6.44, 0.74, 87.25, -6.44, 0.00, 316.58, -2.68);
insert into SHOT values (421, 415, 421, 408, 1.35, 2.80, -4.97, 1.35, 2.80, -4.97, 0.00, 159.89, -6.69);
insert into SHOT values (422, 415, 422, 408, 6.31, 191.48, -21.15, 6.31, 191.52, -20.99, 0.02, 238.44, 69.94);
insert into SHOT values (423, 422, 188, 408, 11.79, 60.42, 26.28, 11.80, 60.43, 26.50, 0.05, 229.10, 73.74);
insert into SHOT values (424, 422, 423, 408, 0.00, 0.00, 0.00, 0.00, 90.00, 0.00, 0.00, 90.00, 0.00);
insert into SHOT values (425, 422, 424, 408, 0.90, 149.08, 6.49, 0.90, 149.08, 6.49, 0.00, 209.30, -1.91);
insert into SHOT values (426, 422, 425, 408, 5.07, 4.40, 16.29, 5.07, 4.40, 16.29, 0.00, 345.12, -3.46);
insert into SHOT values (427, 422, 426, 408, 4.24, 15.32, 18.42, 4.24, 15.32, 18.42, 0.00, 151.19, -2.51);
insert into SHOT values (428, 422, 427, 408, 3.17, 41.13, 14.21, 3.17, 41.13, 14.21, 0.00, 201.80, 1.33);
insert into SHOT values (429, 422, 428, 408, 3.46, 74.23, 8.16, 3.46, 74.23, 8.16, 0.00, 242.02, 1.58);
insert into SHOT values (430, 422, 429, 408, 11.11, 244.29, 2.57, 11.10, 244.29, 2.57, 0.00, 0.00, 20.56);
insert into SHOT values (431, 422, 430, 408, 4.17, 328.90, 24.86, 4.16, 328.90, 24.86, 0.00, 161.57, 0.00);
insert into SURVEY values (410, 53, 'mountaineye2', 'mountaineye2.Mountaineye', NULL);
 insert into CENTRELINE values (411, 410, NULL, NULL, NULL, 0.00, 0.00, 0.00);
 insert into SCRAPS values (412, 410, 'ME2_scrapSP1', 1);
 insert into MAPS values (602, 410, 'mountaineye2', 'Mountain eye cave part 2', 1, 1179.008, 10.695);
 insert into MAPITEMS values (602, 4, 412);
 insert into CENTRELINE values (603, 410, NULL, '2006-10-09', NULL, 1179.01, 0.00, 0.00);
 insert into SHOT values (432, 431, 432, 603, 4.86, 68.10, 3.46, 4.86, 68.10, 3.46, 0.00, 63.43, -1.07);
insert into SHOT values (433, 432, 433, 603, 4.40, 31.64, 2.14, 4.40, 31.64, 2.14, 0.00, 59.04, -0.61);
insert into SHOT values (434, 433, 434, 603, 7.29, 92.63, -0.68, 7.30, 92.63, -0.68, 0.00, 128.00, 0.53);
insert into SHOT values (435, 434, 435, 603, 8.21, 39.29, -2.99, 8.21, 39.29, -2.99, 0.00, 233.13, 0.00);
insert into SHOT values (436, 435, 436, 603, 12.93, 41.55, 1.03, 12.93, 41.55, 1.03, 0.00, 108.43, 0.28);
insert into SHOT values (437, 436, 437, 603, 6.96, 123.72, 1.94, 6.96, 123.72, 1.94, 0.00, 308.66, -0.28);
insert into SHOT values (438, 437, 438, 603, 10.01, 157.13, -1.41, 10.01, 157.13, -1.41, 0.00, 297.30, 0.10);
insert into SHOT values (439, 438, 439, 603, 4.67, 72.57, 2.61, 4.68, 72.57, 2.61, 0.00, 116.57, 0.23);
insert into SHOT values (440, 439, 440, 603, 12.27, 101.64, -1.09, 12.27, 101.64, -1.09, 0.00, 220.60, 0.00);
insert into SHOT values (441, 440, 441, 603, 5.02, 106.26, -0.52, 5.02, 106.26, -0.52, 0.00, 284.04, -0.43);
insert into SHOT values (442, 441, 442, 603, 8.69, 143.11, 0.22, 8.68, 143.11, 0.22, 0.00, 293.96, 0.05);
insert into SHOT values (443, 442, 443, 603, 21.82, 236.13, 2.51, 21.83, 236.13, 2.51, 0.00, 213.69, -0.50);
insert into SHOT values (444, 443, 444, 603, 12.48, 168.42, 1.49, 12.48, 168.42, 1.49, 0.00, 14.04, 3.47);
insert into SHOT values (445, 444, 445, 603, 14.94, 239.74, -0.34, 14.94, 239.74, -0.34, 0.00, 135.00, -0.44);
insert into SHOT values (446, 445, 446, 603, 10.55, 186.37, -1.52, 10.55, 186.37, -1.52, 0.00, 20.56, -0.21);
insert into SHOT values (447, 446, 447, 603, 12.84, 171.11, 4.14, 12.84, 171.11, 4.14, 0.00, 56.31, -0.99);
insert into SHOT values (448, 442, 448, 603, 0.00, 0.00, 0.00, 0.00, 90.00, 0.00, 0.00, 90.00, 0.00);
insert into SHOT values (449, 448, 449, 603, 22.06, 38.89, 3.51, 22.06, 38.89, 3.51, 0.00, 333.43, 0.00);
insert into SHOT values (450, 449, 450, 603, 27.66, 81.57, -2.24, 27.66, 81.57, -2.24, 0.00, 246.37, 0.00);
insert into SHOT values (451, 450, 451, 603, 28.51, 77.52, 1.32, 28.51, 77.52, 1.32, 0.00, 262.87, 0.00);
insert into SHOT values (452, 451, 452, 603, 9.15, 118.76, 2.76, 9.15, 118.76, 2.76, 0.00, 180.00, 1.79);
insert into SHOT values (453, 452, 453, 603, 21.86, 154.59, 0.19, 21.86, 154.59, 0.19, 0.00, 243.43, -0.55);
insert into SHOT values (454, 453, 454, 603, 35.67, 43.86, -1.04, 35.67, 43.86, -1.04, 0.00, 279.46, 0.00);
insert into SHOT values (455, 454, 455, 603, 18.58, 51.10, -1.79, 18.58, 51.10, -1.79, 0.00, 99.46, 0.00);
insert into SHOT values (456, 455, 456, 603, 24.28, 55.56, 4.51, 24.28, 55.56, 4.51, 0.00, 82.87, 0.44);
insert into SHOT values (457, 456, 457, 603, 6.47, 124.05, -9.54, 6.47, 124.05, -9.54, 0.00, 331.93, 0.00);
insert into SHOT values (458, 457, 458, 603, 12.31, 115.03, -2.03, 12.31, 115.03, -2.03, 0.00, 92.05, -0.13);
insert into SHOT values (459, 458, 459, 603, 16.49, 66.57, 7.42, 16.49, 66.57, 7.42, 0.00, 237.99, -3.03);
insert into SHOT values (460, 459, 460, 603, 15.99, 82.41, -8.72, 15.99, 82.41, -8.72, 0.00, 126.87, 0.00);
insert into SHOT values (461, 460, 461, 603, 17.95, 50.89, 2.68, 17.95, 50.89, 2.68, 0.00, 94.09, 0.00);
insert into SHOT values (462, 461, 462, 603, 4.96, 40.02, 23.99, 4.96, 40.02, 23.99, 0.00, 100.01, 0.00);
insert into SHOT values (463, 462, 463, 603, 27.30, 33.30, -2.63, 27.30, 33.30, -2.63, 0.00, 262.41, 0.00);
insert into SHOT values (464, 463, 464, 603, 13.12, 19.95, 2.98, 13.12, 19.95, 2.98, 0.00, 270.00, -0.75);
insert into SHOT values (465, 464, 465, 603, 10.94, 17.66, -3.16, 10.94, 17.66, -3.16, 0.00, 270.00, -1.59);
insert into SHOT values (466, 465, 466, 603, 14.29, 356.52, -5.27, 14.29, 356.52, -5.27, 0.00, 270.00, 0.00);
insert into SHOT values (467, 466, 467, 603, 16.50, 356.97, -1.82, 16.50, 356.97, -1.82, 0.00, 270.00, 0.00);
insert into SHOT values (468, 467, 468, 603, 25.83, 30.12, -0.59, 25.83, 30.12, -0.59, 0.00, 90.00, 0.00);
insert into SHOT values (469, 468, 469, 603, 15.59, 16.52, -6.94, 15.59, 16.52, -6.94, 0.00, 84.81, 0.00);
insert into SHOT values (470, 469, 470, 603, 15.90, 49.37, 10.10, 15.90, 49.37, 10.10, 0.00, 274.40, 0.00);
insert into SHOT values (471, 470, 471, 603, 15.55, 4.79, 3.97, 15.55, 4.79, 3.97, 0.00, 246.04, 0.00);
insert into SHOT values (472, 471, 472, 603, 7.81, 31.27, -29.19, 7.81, 31.27, -29.19, 0.00, 90.00, 0.00);
insert into SHOT values (473, 472, 473, 603, 7.94, 359.93, -12.68, 7.94, 359.93, -12.68, 0.00, 101.65, 0.00);
insert into SHOT values (474, 473, 474, 603, 4.35, 41.29, 14.39, 4.35, 41.29, 14.39, 0.00, 47.49, 0.00);
insert into SHOT values (475, 474, 475, 603, 2.03, 327.63, 35.09, 2.03, 327.63, 35.09, 0.00, 240.59, 0.00);
insert into SHOT values (476, 475, 476, 603, 6.45, 53.85, 23.27, 6.45, 53.85, 23.27, 0.00, 213.69, 0.00);
insert into SHOT values (477, 476, 477, 603, 3.86, 48.95, 2.97, 3.86, 48.95, 2.97, 0.00, 254.48, -0.38);
insert into SHOT values (478, 477, 478, 603, 8.33, 21.77, -13.58, 8.33, 21.77, -13.58, 0.00, 123.69, 0.00);
insert into SHOT values (479, 478, 479, 603, 13.84, 27.85, -1.04, 13.84, 27.85, -1.04, 0.00, 259.22, 0.00);
insert into SHOT values (480, 479, 480, 603, 6.87, 15.10, -17.53, 6.87, 15.10, -17.53, 0.00, 345.00, 0.00);
insert into SHOT values (481, 480, 481, 603, 8.84, 22.40, -1.64, 8.84, 22.40, -1.64, 0.00, 107.88, -0.22);
insert into SHOT values (482, 481, 482, 603, 7.47, 24.21, -2.39, 7.47, 24.21, -2.39, 0.00, 345.96, 1.30);
insert into SHOT values (483, 482, 483, 603, 4.18, 44.79, 6.06, 4.18, 44.79, 6.06, 0.00, 94.09, 0.51);
insert into SHOT values (484, 483, 484, 603, 6.60, 12.80, 8.65, 6.60, 12.80, 8.65, 0.00, 60.57, 0.00);
insert into SHOT values (485, 484, 485, 603, 14.08, 26.53, 0.85, 14.08, 26.53, 0.85, 0.00, 303.69, 0.20);
insert into SHOT values (486, 485, 486, 603, 19.06, 29.77, -5.78, 19.06, 29.77, -5.78, 0.00, 250.02, 0.00);
insert into SHOT values (487, 486, 487, 603, 11.54, 34.85, 4.47, 11.54, 34.85, 4.47, 0.00, 0.00, -1.79);
insert into SHOT values (488, 487, 488, 603, 9.78, 34.27, -2.22, 9.78, 34.27, -2.22, 0.00, 252.26, -0.14);
insert into SHOT values (489, 488, 489, 603, 6.20, 29.01, -1.46, 6.20, 29.01, -1.46, 0.00, 315.00, -0.63);
insert into SHOT values (490, 489, 490, 603, 8.82, 46.21, 0.07, 8.82, 46.21, 0.07, 0.00, 70.46, -0.19);
insert into SHOT values (491, 490, 491, 603, 7.06, 18.25, 1.60, 7.06, 18.25, 1.60, 0.00, 41.99, 0.44);
insert into SHOT values (492, 491, 492, 603, 11.12, 58.62, -0.14, 11.12, 58.62, -0.14, 0.00, 63.43, -4.00);
insert into SHOT values (493, 492, 493, 603, 5.83, 51.55, -13.72, 5.83, 51.55, -13.72, 0.00, 80.27, 0.00);
insert into SHOT values (494, 493, 494, 603, 13.20, 42.99, 3.68, 13.20, 42.99, 3.68, 0.00, 198.43, -2.26);
insert into SHOT values (495, 494, 495, 603, 4.25, 72.71, -6.65, 4.25, 72.71, -6.65, 0.00, 296.99, -0.35);
insert into SHOT values (496, 495, 496, 603, 6.57, 15.43, 1.10, 6.57, 15.43, 1.10, 0.00, 218.93, 0.00);
insert into SHOT values (497, 496, 497, 603, 7.36, 25.78, 3.44, 7.36, 25.78, 3.44, 0.00, 110.85, 0.32);
insert into SHOT values (498, 497, 498, 603, 12.29, 42.36, 5.90, 12.29, 42.36, 5.90, 0.00, 321.34, 0.00);
insert into SHOT values (499, 498, 499, 603, 15.83, 11.30, 4.46, 15.83, 11.30, 4.46, 0.00, 226.74, 0.00);
insert into SHOT values (500, 499, 500, 603, 5.71, 24.99, -27.64, 5.71, 24.99, -27.64, 0.00, 261.42, 0.00);
insert into SHOT values (501, 500, 501, 603, 39.74, 62.98, -3.10, 39.74, 62.98, -3.10, 0.00, 139.40, -0.78);
insert into SHOT values (502, 501, 502, 603, 27.08, 41.56, -0.99, 27.08, 41.56, -0.99, 0.00, 251.57, -0.28);
insert into SHOT values (503, 502, 503, 603, 28.92, 69.49, -0.36, 28.92, 69.49, -0.36, 0.00, 120.26, 0.52);
insert into SHOT values (504, 503, 504, 603, 21.56, 86.05, -0.11, 21.56, 86.05, -0.11, 0.00, 74.29, -0.26);
insert into SHOT values (505, 504, 505, 603, 26.00, 106.38, -0.39, 26.00, 106.38, -0.39, 0.00, 233.13, 0.43);
insert into SHOT values (506, 505, 506, 603, 35.55, 103.20, -1.03, 35.55, 103.20, -1.03, 0.00, 120.26, -1.03);
insert into SHOT values (507, 506, 507, 603, 29.58, 73.08, 0.76, 29.58, 73.08, 0.76, 0.00, 158.20, -1.16);
insert into SHOT values (508, 507, 508, 603, 32.02, 87.86, 1.34, 32.02, 87.86, 1.34, 0.00, 279.17, -0.29);
insert into SHOT values (509, 508, 509, 603, 38.92, 56.13, -1.19, 38.92, 56.13, -1.19, 0.00, 48.81, -0.17);
insert into SHOT values (510, 509, 510, 603, 34.19, 29.33, 2.64, 34.19, 29.33, 2.64, 0.00, 225.00, -2.53);
insert into SHOT values (511, 510, 511, 603, 22.17, 45.50, -3.03, 22.17, 45.50, -3.03, 0.00, 303.69, 3.97);
insert into SHOT values (512, 511, 512, 603, 21.11, 75.27, 5.57, 21.11, 75.27, 5.57, 0.00, 110.56, 0.00);
insert into SURVEY values (605, 53, 'mountaineye3', 'mountaineye3.Mountaineye', NULL);
 insert into CENTRELINE values (606, 605, NULL, NULL, NULL, 0.00, 0.00, 0.00);
 insert into SCRAPS values (607, 605, 'ME3_scrapSP1', 1);
 insert into MAPS values (1085, 605, 'mountaineye3', 'Mountain eye cave part 3', 1, 1642.594, 36.811);
 insert into MAPITEMS values (1085, 4, 607);
 insert into CENTRELINE values (1086, 605, NULL, '2006-10-09', NULL, 1642.59, 0.00, 0.00);
 insert into SHOT values (513, 513, 514, 1086, 29.58, 16.62, -3.82, 29.58, 16.62, -3.82, 0.00, 241.93, -0.84);
insert into SHOT values (514, 514, 515, 1086, 19.97, 344.36, -2.38, 19.97, 344.36, -2.38, 0.00, 339.44, -2.51);
insert into SHOT values (515, 515, 516, 1086, 22.06, 59.43, 1.35, 22.06, 59.43, 1.35, 0.00, 41.63, -0.89);
insert into SHOT values (516, 516, 517, 1086, 25.70, 94.56, -0.80, 25.70, 94.56, -0.80, 0.00, 247.20, 0.45);
insert into SHOT values (517, 517, 518, 1086, 22.27, 101.40, 0.89, 22.26, 101.40, 0.89, 0.00, 327.38, -0.12);
insert into SHOT values (518, 518, 519, 1086, 35.26, 161.14, 6.24, 35.26, 161.14, 6.24, 0.00, 299.74, 0.00);
insert into SHOT values (519, 519, 520, 1086, 29.33, 62.69, -6.18, 29.33, 62.69, -6.18, 0.00, 130.60, 0.00);
insert into SHOT values (520, 520, 521, 1086, 30.75, 66.17, -2.73, 30.75, 66.17, -2.73, 0.00, 7.59, 0.47);
insert into SHOT values (521, 521, 522, 1086, 26.88, 44.82, 4.69, 26.88, 44.82, 4.69, 0.00, 90.00, -0.45);
insert into SHOT values (522, 522, 523, 1086, 25.02, 63.48, 10.50, 25.02, 63.48, 10.50, 0.00, 283.13, 0.00);
insert into SHOT values (523, 523, 524, 1086, 28.11, 58.21, 3.11, 28.11, 58.21, 3.11, 0.00, 8.13, 0.00);
insert into SHOT values (524, 524, 525, 1086, 32.29, 108.76, -12.61, 32.29, 108.76, -12.61, 0.00, 280.44, 0.74);
insert into SHOT values (525, 525, 526, 1086, 38.23, 66.12, 4.01, 38.24, 66.12, 4.01, 0.00, 105.15, 0.00);
insert into SHOT values (526, 526, 527, 1086, 25.28, 15.00, 5.75, 25.28, 15.00, 5.75, 0.00, 79.09, 0.00);
insert into SHOT values (527, 527, 528, 1086, 24.10, 69.58, -19.99, 24.10, 69.58, -19.99, 0.00, 72.90, 0.00);
insert into SHOT values (528, 528, 529, 1086, 48.65, 29.86, 28.19, 48.65, 29.86, 28.19, 0.00, 70.82, 0.00);
insert into SHOT values (529, 529, 530, 1086, 20.35, 84.47, 34.26, 20.35, 84.47, 34.26, 0.00, 255.86, 0.00);
insert into SHOT values (530, 530, 531, 1086, 3.37, 92.99, 20.11, 3.37, 92.99, 20.11, 0.00, 93.39, -0.25);
insert into SHOT values (531, 531, 532, 1086, 21.28, 46.21, -3.58, 21.28, 46.21, -3.58, 0.00, 292.07, 0.18);
insert into SHOT values (532, 532, 533, 1086, 9.39, 32.37, -18.54, 9.39, 32.37, -18.54, 0.00, 79.01, 1.09);
insert into SHOT values (533, 533, 534, 1086, 10.18, 23.27, -30.52, 10.18, 23.27, -30.52, 0.00, 120.28, 1.07);
insert into SHOT values (534, 534, 535, 1086, 6.90, 109.77, -16.71, 6.90, 109.77, -16.71, 0.00, 290.56, -0.84);
insert into SHOT values (535, 535, 536, 1086, 13.73, 43.76, -36.98, 13.73, 43.76, -36.98, 0.00, 67.82, 0.00);
insert into SHOT values (536, 536, 537, 1086, 18.07, 51.85, -4.17, 18.07, 51.85, -4.17, 0.00, 103.24, 0.41);
insert into SHOT values (537, 537, 538, 1086, 13.20, 332.24, -16.36, 13.24, 332.31, -16.36, 0.05, 351.00, -16.31);
insert into SHOT values (538, 538, 539, 1086, 19.09, 353.29, -16.26, 19.15, 353.25, -16.30, 0.06, 339.52, -29.33);
insert into SHOT values (539, 539, 540, 1086, 22.61, 46.71, -0.10, 22.72, 46.38, -0.21, 0.17, 355.37, -14.43);
insert into SHOT values (540, 540, 541, 1086, 17.06, 131.59, -1.38, 16.98, 131.34, -1.47, 0.11, 355.71, -13.22);
insert into SHOT values (541, 541, 542, 1086, 17.65, 54.42, -0.19, 17.72, 54.07, -0.28, 0.13, 356.90, -11.72);
insert into SHOT values (542, 542, 543, 1086, 19.78, 126.97, 18.51, 19.68, 126.60, 18.52, 0.16, 356.34, -10.90);
insert into SHOT values (543, 543, 544, 1086, 28.34, 61.39, -6.01, 28.34, 61.39, -6.01, 0.00, 0.00, 0.00);
insert into SHOT values (544, 537, 545, 1086, 8.06, 115.13, -6.79, 8.08, 115.38, -6.73, 0.04, 176.32, 9.00);
insert into SHOT values (545, 545, 546, 1086, 20.63, 137.41, -2.64, 20.58, 137.68, -2.63, 0.11, 255.43, 4.01);
insert into SHOT values (546, 545, 547, 1086, 49.59, 90.29, -1.96, 49.61, 89.94, -2.01, 0.31, 3.74, -8.14);
insert into SHOT values (547, 547, 546, 1086, 39.04, 246.74, 1.21, 38.87, 246.89, 1.18, 0.20, 35.53, -7.83);
insert into SHOT values (548, 547, 548, 1086, 22.34, 4.93, 1.57, 22.32, 5.00, 1.68, 0.06, 136.49, 48.69);
insert into SHOT values (549, 548, 543, 1086, 16.75, 330.05, -4.97, 16.69, 329.98, -4.91, 0.07, 169.16, 21.27);
insert into SHOT values (550, 549, 544, 1086, 19.80, 220.17, 13.23, 19.80, 220.17, 13.23, 0.00, 254.67, 0.00);
insert into SHOT values (551, 549, 550, 1086, 24.49, 108.22, 14.93, 24.49, 108.22, 14.93, 0.00, 243.43, 0.00);
insert into SHOT values (552, 550, 551, 1086, 11.84, 138.36, 16.39, 11.84, 138.36, 16.39, 0.00, 46.08, 0.76);
insert into SHOT values (553, 551, 552, 1086, 53.77, 106.27, 18.06, 53.77, 106.27, 18.06, 0.00, 259.38, -3.52);
insert into SHOT values (554, 550, 553, 1086, 0.00, 0.00, 0.00, 0.00, 90.00, 0.00, 0.00, 90.00, 0.00);
insert into SHOT values (555, 540, 554, 1086, 100.00, 180.00, 0.00, 100.00, 180.00, 0.00, 0.00, 90.00, 0.00);
insert into SHOT values (556, 553, 555, 1086, 7.01, 193.98, -19.08, 7.01, 193.98, -19.08, 0.00, 295.22, 0.00);
insert into SHOT values (557, 555, 556, 1086, 12.88, 130.68, -2.92, 12.88, 130.68, -2.92, 0.00, 187.59, 0.00);
insert into SHOT values (558, 556, 557, 1086, 23.82, 124.34, -0.81, 23.82, 124.34, -0.81, 0.00, 242.68, 0.00);
insert into SHOT values (559, 557, 558, 1086, 11.69, 247.57, -2.85, 11.69, 247.57, -2.85, 0.00, 2.20, -0.14);
insert into SHOT values (560, 558, 559, 1086, 29.48, 135.09, 1.44, 29.48, 135.09, 1.44, 0.00, 273.81, -0.12);
insert into SHOT values (561, 559, 560, 1086, 15.59, 133.71, -4.33, 15.59, 133.71, -4.33, 0.00, 70.91, 0.26);
insert into SHOT values (562, 560, 561, 1086, 9.33, 51.89, 4.74, 9.33, 51.89, 4.74, 0.00, 74.74, -1.26);
insert into SHOT values (563, 561, 562, 1086, 13.04, 143.26, 9.13, 13.04, 143.26, 9.13, 0.00, 142.05, 0.00);
insert into SHOT values (564, 562, 563, 1086, 9.19, 136.58, -8.45, 9.19, 136.58, -8.45, 0.00, 104.04, 0.00);
insert into SHOT values (565, 563, 564, 1086, 32.47, 140.41, -2.87, 32.47, 140.41, -2.87, 0.00, 294.78, 0.25);
insert into SHOT values (566, 549, 565, 1086, 9.42, 223.65, -30.75, 9.42, 223.65, -30.75, 0.00, 69.15, 1.27);
insert into SHOT values (567, 566, 543, 1086, 23.98, 159.89, 18.60, 23.98, 159.89, 18.60, 0.00, 296.00, 0.00);
insert into SHOT values (568, 566, 567, 1086, 2.96, 277.19, 27.89, 2.96, 277.19, 27.89, 0.00, 49.84, 0.16);
insert into SHOT values (569, 527, 568, 1086, 23.67, 2.01, 14.27, 23.67, 2.01, 14.27, 0.00, 29.70, -0.78);
insert into SHOT values (570, 568, 569, 1086, 17.40, 282.06, 10.18, 17.40, 282.06, 10.18, 0.00, 94.89, 0.00);
insert into SHOT values (571, 569, 570, 1086, 23.59, 349.89, 2.91, 23.59, 349.89, 2.91, 0.00, 250.02, -0.37);
insert into SHOT values (572, 570, 571, 1086, 28.21, 329.43, 2.68, 28.21, 329.43, 2.68, 0.00, 246.04, -0.97);
insert into SHOT values (573, 571, 572, 1086, 35.23, 299.28, -5.60, 35.23, 299.28, -5.60, 0.00, 241.39, 0.00);
insert into SHOT values (574, 572, 573, 1086, 23.62, 280.46, 0.56, 23.62, 280.46, 0.56, 0.00, 257.05, -0.09);
insert into SHOT values (575, 573, 574, 1086, 39.67, 265.83, -0.26, 39.67, 265.83, -0.26, 0.00, 188.66, -0.34);
insert into SHOT values (576, 574, 575, 1086, 24.09, 275.21, 0.47, 24.09, 275.21, 0.47, 0.00, 294.62, -0.38);
insert into SHOT values (577, 575, 576, 1086, 34.27, 177.21, -0.19, 34.28, 177.21, -0.19, 0.00, 207.28, 1.54);
insert into SHOT values (578, 576, 577, 1086, 13.59, 247.76, -1.25, 13.59, 247.76, -1.25, 0.00, 88.57, 0.09);
insert into SHOT values (579, 577, 578, 1086, 13.49, 272.72, -0.55, 13.49, 272.72, -0.55, 0.00, 323.34, 0.40);
insert into SHOT values (580, 578, 579, 1086, 13.60, 226.43, -0.28, 13.60, 226.43, -0.28, 0.00, 124.22, 0.41);
insert into SHOT values (581, 579, 580, 1086, 12.58, 204.36, -2.17, 12.58, 204.36, -2.17, 0.00, 118.30, 0.49);
insert into SHOT values (582, 580, 581, 1086, 10.61, 222.81, -0.78, 10.61, 222.81, -0.78, 0.00, 132.93, 0.43);
insert into SHOT values (583, 581, 582, 1086, 16.88, 213.27, 2.31, 16.88, 213.27, 2.31, 0.00, 129.09, -0.26);
insert into SHOT values (584, 582, 583, 1086, 12.30, 197.38, -1.76, 12.30, 197.38, -1.76, 0.00, 145.22, 0.05);
insert into SHOT values (585, 583, 584, 1086, 11.86, 240.59, 2.98, 11.86, 240.59, 2.98, 0.00, 338.96, -0.13);
insert into SHOT values (586, 584, 585, 1086, 13.33, 216.32, -4.18, 13.33, 216.32, -4.18, 0.00, 83.09, -0.22);
insert into SHOT values (587, 585, 586, 1086, 2.96, 188.19, -4.26, 2.96, 188.19, -4.26, 0.00, 106.13, -0.19);
insert into SURVEY values (1088, 53, 'mountaineye4', 'mountaineye4.Mountaineye', NULL);
 insert into CENTRELINE values (1089, 1088, NULL, NULL, NULL, 0.00, 0.00, 0.00);
 insert into SCRAPS values (1090, 1088, 'ME4_scrapSP1', 1);
 insert into SCRAPS values (1175, 1088, 'ME4_scrapSP2', 1);
 insert into SCRAPS values (1260, 1088, 'ME4_scrapSP3', 1);
 insert into SCRAPS values (1319, 1088, 'ME4_scrapSP4', 1);
 insert into MAPS values (1363, 1088, 'mountaineye4', 'Mountain eye cave part 4', 1, 1622.937, 56.734);
 insert into MAPITEMS values (1363, 4, 1090);
 insert into MAPITEMS values (1363, 4, 1175);
 insert into MAPITEMS values (1363, 4, 1260);
 insert into MAPITEMS values (1363, 4, 1319);
 insert into CENTRELINE values (1364, 1088, NULL, '2006-10-09', NULL, 1622.94, 0.00, 0.00);
 insert into SHOT values (588, 587, 588, 1364, 13.12, 80.74, -3.28, 13.12, 80.74, -3.28, 0.00, 67.61, 0.18);
insert into SHOT values (589, 588, 589, 1364, 2.37, 291.71, -81.16, 2.37, 291.71, -81.16, 0.00, 271.81, 0.31);
insert into SHOT values (590, 589, 590, 1364, 3.20, 131.03, -5.38, 3.20, 131.03, -5.38, 0.00, 249.34, -0.08);
insert into SHOT values (591, 590, 591, 1364, 1.19, 75.54, -2.94, 1.19, 75.54, -2.94, 0.00, 57.98, -0.04);
insert into SHOT values (592, 591, 592, 1364, 2.45, 119.27, 0.14, 2.45, 119.27, 0.14, 0.00, 289.69, 0.07);
insert into SHOT values (593, 592, 593, 1364, 0.18, 92.89, -4.49, 0.18, 92.89, -4.49, 0.00, 131.71, 0.26);
insert into SHOT values (594, 593, 594, 1364, 3.77, 105.01, -3.14, 3.77, 105.01, -3.14, 0.00, 269.04, 0.03);
insert into SHOT values (595, 594, 595, 1364, 1.81, 149.06, -5.83, 1.81, 149.06, -5.83, 0.00, 43.05, 0.14);
insert into SHOT values (596, 595, 596, 1364, 1.90, 72.72, 2.08, 1.90, 72.72, 2.08, 0.00, 103.26, 0.21);
insert into SHOT values (597, 596, 597, 1364, 4.79, 113.13, -3.70, 4.79, 113.13, -3.70, 0.00, 143.01, 0.52);
insert into SHOT values (598, 597, 598, 1364, 3.50, 65.55, 7.54, 3.50, 65.55, 7.54, 0.00, 82.34, 0.15);
insert into SHOT values (599, 598, 599, 1364, 3.27, 128.62, -44.35, 3.26, 128.62, -44.35, 0.00, 250.18, -0.65);
insert into SHOT values (600, 599, 600, 1364, 3.75, 114.86, -13.60, 3.75, 114.86, -13.60, 0.00, 69.94, -0.18);
insert into SHOT values (601, 600, 601, 1364, 1.26, 205.35, 6.39, 1.26, 205.35, 6.39, 0.00, 128.36, 0.16);
insert into SHOT values (602, 601, 602, 1364, 3.82, 123.14, -1.14, 3.82, 123.14, -1.14, 0.00, 231.48, -0.33);
insert into SHOT values (603, 602, 603, 1364, 4.35, 147.96, 1.00, 4.35, 147.96, 1.00, 0.00, 94.68, 0.29);
insert into SHOT values (604, 603, 604, 1364, 7.18, 161.64, -4.62, 7.18, 161.64, -4.62, 0.00, 284.96, -0.32);
insert into SHOT values (605, 604, 605, 1364, 5.85, 167.88, -2.82, 5.85, 167.88, -2.82, 0.00, 66.33, 0.39);
insert into SHOT values (606, 605, 606, 1364, 4.79, 147.18, 3.55, 4.79, 147.18, 3.55, 0.00, 60.03, 0.27);
insert into SHOT values (607, 606, 607, 1364, 8.75, 147.42, 2.01, 8.75, 147.42, 2.01, 0.00, 251.70, -0.32);
insert into SHOT values (608, 607, 608, 1364, 5.78, 209.39, -1.81, 5.78, 209.39, -1.81, 0.00, 62.00, -0.16);
insert into SHOT values (609, 608, 609, 1364, 14.33, 180.29, 0.06, 14.33, 180.29, 0.06, 0.00, 253.15, -0.81);
insert into SHOT values (610, 609, 610, 1364, 6.03, 157.54, 1.18, 6.02, 157.54, 1.18, 0.00, 266.05, -0.68);
insert into SHOT values (611, 610, 611, 1364, 6.72, 124.30, -2.37, 6.73, 124.30, -2.37, 0.00, 76.36, 0.20);
insert into SHOT values (612, 611, 612, 1364, 3.18, 158.18, -2.14, 3.18, 158.18, -2.14, 0.00, 94.33, -0.54);
insert into SHOT values (613, 612, 613, 1364, 6.58, 142.24, 1.81, 6.58, 142.24, 1.81, 0.00, 101.56, -0.84);
insert into SHOT values (614, 613, 614, 1364, 11.80, 134.65, -2.87, 11.80, 134.65, -2.87, 0.00, 298.61, -2.29);
insert into SHOT values (615, 614, 615, 1364, 10.94, 56.90, 2.65, 10.94, 56.90, 2.65, 0.00, 289.93, 0.42);
insert into SHOT values (616, 615, 616, 1364, 11.91, 5.75, -0.11, 11.91, 5.75, -0.11, 0.00, 270.94, 0.03);
insert into SHOT values (617, 616, 617, 1364, 8.25, 28.90, -0.52, 8.25, 28.90, -0.52, 0.00, 94.44, -0.42);
insert into SHOT values (618, 617, 618, 1364, 7.31, 6.72, 0.64, 7.31, 6.72, 0.64, 0.00, 328.67, 0.50);
insert into SHOT values (619, 618, 619, 1364, 11.20, 40.36, 0.31, 11.20, 40.36, 0.31, 0.00, 243.62, 0.16);
insert into SHOT values (620, 619, 620, 1364, 18.15, 348.24, 3.03, 18.15, 348.24, 3.03, 0.00, 245.16, -0.54);
insert into SHOT values (621, 620, 621, 1364, 9.80, 63.31, -0.78, 9.80, 63.31, -0.78, 0.00, 306.50, -0.20);
insert into SHOT values (622, 621, 622, 1364, 8.39, 5.88, 2.08, 8.39, 5.88, 2.08, 0.00, 270.00, -0.10);
insert into SHOT values (623, 622, 623, 1364, 5.13, 35.76, 2.47, 5.13, 35.76, 2.47, 0.00, 329.93, 0.53);
insert into SHOT values (624, 623, 624, 1364, 2.48, 21.22, -14.87, 2.48, 21.22, -14.87, 0.00, 300.77, -0.31);
insert into SHOT values (625, 624, 625, 1364, 5.58, 35.80, -3.03, 5.58, 35.80, -3.03, 0.00, 22.77, 0.94);
insert into SHOT values (626, 625, 626, 1364, 4.63, 107.29, 19.83, 4.63, 107.29, 19.83, 0.00, 34.62, 0.56);
insert into SHOT values (627, 626, 627, 1364, 8.33, 1.89, 2.79, 8.33, 1.89, 2.79, 0.00, 240.68, -0.25);
insert into SHOT values (628, 627, 628, 1364, 15.47, 48.21, 0.00, 15.46, 48.21, 0.00, 0.00, 267.51, 0.00);
insert into SHOT values (629, 628, 629, 1364, 4.58, 6.39, 0.16, 4.58, 6.39, 0.16, 0.00, 262.43, 0.39);
insert into SHOT values (630, 629, 630, 1364, 12.92, 53.26, 0.47, 12.92, 53.26, 0.47, 0.00, 166.76, 0.43);
insert into SHOT values (631, 630, 631, 1364, 10.12, 85.05, -10.08, 10.12, 85.05, -10.08, 0.00, 137.73, -0.32);
insert into SHOT values (632, 631, 632, 1364, 14.62, 82.75, 2.49, 14.62, 82.75, 2.49, 0.00, 76.48, -0.13);
insert into SHOT values (633, 632, 633, 1364, 15.57, 22.07, 2.83, 15.57, 22.07, 2.83, 0.00, 28.24, 0.00);
insert into SHOT values (634, 633, 634, 1364, 22.33, 74.15, -1.26, 22.33, 74.15, -1.26, 0.00, 291.66, -0.44);
insert into SHOT values (635, 634, 635, 1364, 10.39, 10.16, 4.41, 10.39, 10.16, 4.41, 0.00, 301.42, -0.42);
insert into SHOT values (636, 635, 636, 1364, 13.06, 354.77, 1.46, 13.06, 354.77, 1.46, 0.00, 128.11, -0.18);
insert into SHOT values (637, 636, 637, 1364, 13.03, 354.26, 1.57, 13.03, 354.26, 1.57, 0.00, 131.63, 0.56);
insert into SHOT values (638, 637, 638, 1364, 5.11, 309.17, -0.56, 5.11, 309.17, -0.56, 0.00, 171.78, -0.30);
insert into SHOT values (639, 638, 639, 1364, 12.75, 33.46, -3.04, 12.75, 33.46, -3.04, 0.00, 34.51, 1.11);
insert into SHOT values (640, 639, 640, 1364, 10.50, 335.09, -1.33, 10.50, 335.09, -1.33, 0.00, 307.12, -0.21);
insert into SHOT values (641, 640, 641, 1364, 14.27, 18.16, 2.17, 14.27, 18.16, 2.17, 0.00, 69.15, 0.32);
insert into SHOT values (642, 641, 642, 1364, 18.70, 11.94, -0.64, 18.70, 11.94, -0.64, 0.00, 285.88, 0.20);
insert into SHOT values (643, 642, 643, 1364, 19.92, 56.49, 1.42, 19.92, 56.49, 1.42, 0.00, 306.87, 0.12);
insert into SHOT values (644, 643, 644, 1364, 11.29, 3.24, 0.64, 11.29, 3.24, 0.64, 0.00, 270.00, 0.08);
insert into SHOT values (645, 644, 645, 1364, 15.55, 315.89, -1.74, 15.55, 315.89, -1.74, 0.00, 263.66, 0.35);
insert into SHOT values (646, 645, 646, 1364, 19.19, 13.45, 2.57, 19.19, 13.45, 2.57, 0.00, 84.38, 0.00);
insert into SHOT values (647, 646, 647, 1364, 21.55, 334.24, 0.24, 21.55, 334.24, 0.24, 0.00, 115.46, -0.08);
insert into SHOT values (648, 647, 648, 1364, 10.72, 63.35, -1.52, 10.72, 63.35, -1.52, 0.00, 345.68, -0.15);
insert into SHOT values (649, 648, 649, 1364, 13.90, 358.19, -0.31, 13.90, 358.19, -0.31, 0.00, 328.81, 1.05);
insert into SHOT values (650, 649, 650, 1364, 9.17, 329.47, 0.27, 9.17, 329.47, 0.27, 0.00, 295.75, -0.05);
insert into SHOT values (651, 650, 651, 1364, 5.51, 333.51, -1.03, 5.51, 333.51, -1.03, 0.00, 62.33, 0.05);
insert into SHOT values (652, 651, 652, 1364, 7.26, 348.41, -1.07, 7.26, 348.41, -1.07, 0.00, 124.44, 0.26);
insert into SHOT values (653, 652, 653, 1364, 3.01, 21.96, 20.36, 3.01, 21.96, 20.36, 0.00, 111.44, 0.33);
insert into SHOT values (654, 653, 654, 1364, 3.31, 327.75, 0.73, 3.31, 327.75, 0.73, 0.00, 194.68, -1.13);
insert into SHOT values (655, 654, 655, 1364, 1.71, 356.72, 7.45, 1.71, 356.72, 7.45, 0.00, 240.30, 0.31);
insert into SHOT values (656, 655, 656, 1364, 5.95, 2.18, -11.46, 5.95, 2.18, -11.46, 0.00, 91.27, 0.16);
insert into SHOT values (657, 656, 657, 1364, 8.74, 354.50, -0.77, 8.74, 354.50, -0.77, 0.00, 81.94, -0.16);
insert into SHOT values (658, 657, 658, 1364, 16.05, 344.33, 2.92, 16.05, 344.33, 2.92, 0.00, 292.87, 0.15);
insert into SHOT values (659, 658, 659, 1364, 22.11, 335.13, 2.67, 22.11, 335.13, 2.67, 0.00, 151.56, 0.00);
insert into SHOT values (660, 659, 660, 1364, 17.62, 7.12, -1.47, 17.62, 7.12, -1.47, 0.00, 270.00, 0.18);
insert into SHOT values (661, 660, 661, 1364, 9.40, 315.38, 6.48, 9.40, 315.38, 6.48, 0.00, 126.31, -0.28);
insert into SHOT values (662, 661, 662, 1364, 13.52, 50.36, -5.35, 13.52, 50.36, -5.35, 0.00, 306.61, 0.00);
insert into SHOT values (663, 662, 663, 1364, 16.69, 56.71, -4.57, 16.69, 56.71, -4.57, 0.00, 259.05, 0.00);
insert into SHOT values (664, 663, 664, 1364, 22.99, 39.46, 2.28, 22.99, 39.46, 2.28, 0.00, 160.71, 0.51);
insert into SHOT values (665, 664, 665, 1364, 11.69, 6.57, 10.75, 11.69, 6.57, 10.75, 0.00, 21.08, 0.00);
insert into SHOT values (666, 665, 666, 1364, 9.40, 60.15, -0.73, 9.40, 60.15, -0.73, 0.00, 30.65, 0.04);
insert into SHOT values (667, 666, 667, 1364, 36.60, 10.12, 1.23, 36.60, 10.12, 1.23, 0.00, 318.24, 0.10);
insert into SHOT values (668, 667, 668, 1364, 5.07, 88.29, -1.34, 5.07, 88.29, -1.34, 0.00, 261.83, 0.13);
insert into SHOT values (669, 668, 669, 1364, 16.80, 65.36, -13.71, 16.80, 65.36, -13.71, 0.00, 199.25, -0.43);
insert into SHOT values (670, 669, 670, 1364, 24.75, 31.62, -4.35, 24.75, 31.62, -4.35, 0.00, 212.47, 0.27);
insert into SHOT values (671, 670, 671, 1364, 16.78, 7.19, -3.18, 16.78, 7.19, -3.18, 0.00, 243.30, -0.15);
insert into SHOT values (672, 671, 672, 1364, 16.89, 73.13, 0.76, 16.89, 73.13, 0.76, 0.00, 101.20, 0.46);
insert into SHOT values (673, 672, 673, 1364, 16.35, 49.95, 0.64, 16.35, 49.95, 0.64, 0.00, 56.53, -0.29);
insert into SHOT values (674, 673, 674, 1364, 17.89, 25.91, -0.57, 17.88, 25.91, -0.57, 0.00, 195.71, 0.30);
insert into SHOT values (675, 674, 675, 1364, 18.18, 59.31, 0.88, 18.18, 59.31, 0.88, 0.00, 195.26, -0.31);
insert into SHOT values (676, 675, 676, 1364, 7.46, 25.19, 0.28, 7.46, 25.19, 0.28, 0.00, 324.61, 0.54);
insert into SHOT values (677, 676, 677, 1364, 12.03, 62.32, 5.22, 12.03, 62.32, 5.22, 0.00, 145.84, 0.00);
insert into SHOT values (678, 677, 678, 1364, 9.86, 46.14, -10.22, 9.86, 46.14, -10.22, 0.00, 114.15, 0.11);
insert into SHOT values (679, 678, 679, 1364, 12.38, 76.65, 26.61, 12.38, 76.65, 26.61, 0.00, 229.97, 0.00);
insert into SHOT values (680, 679, 680, 1364, 12.93, 349.50, 25.73, 12.93, 349.50, 25.73, 0.00, 22.86, 0.00);
insert into SHOT values (681, 680, 681, 1364, 10.32, 30.38, 0.47, 10.32, 30.38, 0.47, 0.00, 123.69, -0.05);
insert into SHOT values (682, 681, 682, 1364, 62.70, 231.18, -0.18, 62.70, 231.18, -0.18, 0.00, 225.00, 0.00);
insert into SHOT values (683, 682, 683, 1364, 20.44, 325.78, 6.87, 20.44, 325.78, 6.87, 0.00, 102.99, 0.00);
insert into SHOT values (684, 681, 684, 1364, 20.43, 128.04, -0.27, 20.43, 128.04, -0.27, 0.00, 151.82, 0.01);
insert into SHOT values (685, 684, 685, 1364, 45.17, 63.88, 2.18, 45.18, 63.88, 2.18, 0.00, 133.36, 0.00);
insert into SHOT values (686, 685, 686, 1364, 41.59, 9.83, 0.01, 41.58, 9.83, 0.01, 0.00, 244.27, 0.02);
insert into SHOT values (687, 686, 687, 1364, 36.05, 30.67, 0.66, 36.05, 30.67, 0.66, 0.00, 302.01, -0.19);
insert into SHOT values (688, 687, 688, 1364, 36.31, 11.25, -0.82, 36.31, 11.25, -0.82, 0.00, 45.00, -0.13);
insert into SHOT values (689, 688, 689, 1364, 44.62, 38.19, 22.33, 44.62, 38.19, 22.33, 0.00, 185.36, 0.00);
insert into SHOT values (690, 689, 690, 1364, 27.72, 44.30, 10.27, 27.72, 44.30, 10.27, 0.00, 315.00, 0.00);
insert into SHOT values (691, 690, 691, 1364, 10.71, 16.08, 0.74, 10.71, 16.08, 0.74, 0.00, 161.35, -1.99);
insert into SHOT values (692, 691, 692, 1364, 11.32, 20.47, 31.66, 11.32, 20.47, 31.66, 0.00, 152.58, 0.00);
insert into SHOT values (693, 692, 693, 1364, 26.77, 29.38, 31.95, 26.77, 29.38, 31.95, 0.00, 327.99, 0.00);
insert into SHOT values (694, 693, 694, 1364, 9.94, 137.14, 9.25, 9.94, 137.14, 9.25, 0.00, 41.61, -1.20);
insert into SHOT values (695, 681, 682, 1364, 62.70, 231.18, -0.18, 62.70, 231.18, -0.18, 0.00, 225.00, 0.00);
insert into SHOT values (696, 682, 683, 1364, 20.44, 325.78, 6.87, 20.44, 325.78, 6.87, 0.00, 102.99, 0.00);
insert into SHOT values (697, 647, 695, 1364, 0.00, 0.00, 0.00, 0.00, 90.00, 0.00, 0.00, 90.00, 0.00);
insert into SHOT values (698, 695, 696, 1364, 7.52, 207.72, 6.52, 7.52, 207.72, 6.52, 0.00, 220.36, -0.55);
insert into SHOT values (699, 696, 697, 1364, 20.28, 279.49, 11.96, 20.28, 279.49, 11.96, 0.00, 64.59, 0.00);
insert into SHOT values (700, 697, 698, 1364, 32.40, 237.48, 0.90, 32.40, 237.48, 0.90, 0.00, 0.00, 0.00);
insert into SHOT values (701, 698, 699, 1364, 34.72, 256.85, 7.65, 34.72, 256.85, 7.65, 0.00, 274.59, 0.00);
insert into SHOT values (702, 699, 700, 1364, 43.23, 254.40, -5.93, 43.22, 254.40, -5.93, 0.00, 105.38, 0.00);
insert into SHOT values (703, 700, 701, 1364, 9.35, 171.99, 4.24, 9.35, 171.99, 4.24, 0.00, 90.00, 0.00);
insert into SHOT values (704, 701, 702, 1364, 26.74, 187.60, 16.44, 26.74, 187.60, 16.44, 0.00, 238.39, -7.46);
insert into SURVEY values (1366, 53, 'mountaineye5', 'mountaineye5.Mountaineye', NULL);
 insert into CENTRELINE values (1367, 1366, NULL, NULL, NULL, 0.00, 0.00, 0.00);
 insert into SCRAPS values (1368, 1366, 'ME5_scrapSP1', 1);
 insert into SCRAPS values (1894, 1366, 'ME5_scrapSP2', 1);
 insert into MAPS values (2007, 1366, 'mountaineye5', 'Mountain eye cave part 5', 1, 1222.697, 11.591);
 insert into MAPITEMS values (2007, 4, 1368);
 insert into MAPITEMS values (2007, 4, 1894);
 insert into CENTRELINE values (2008, 1366, NULL, '2006-10-09', NULL, 1222.70, 0.00, 0.00);
 insert into SHOT values (705, 703, 704, 2008, 18.46, 221.54, -5.67, 18.46, 221.54, -5.67, 0.00, 156.80, 0.00);
insert into SHOT values (706, 704, 705, 2008, 19.45, 190.37, 4.79, 19.46, 190.37, 4.79, 0.00, 111.80, 0.00);
insert into SHOT values (707, 705, 706, 2008, 17.04, 255.58, -0.40, 17.04, 255.58, -0.40, 0.00, 116.57, -1.20);
insert into SHOT values (708, 706, 707, 2008, 14.83, 194.86, 1.79, 14.83, 194.86, 1.79, 0.00, 348.69, 0.00);
insert into SHOT values (709, 707, 708, 2008, 25.96, 199.14, -3.52, 25.96, 199.14, -3.52, 0.00, 198.43, 0.00);
insert into SHOT values (710, 708, 709, 2008, 18.48, 206.22, 5.96, 18.48, 206.22, 5.96, 0.00, 191.31, 0.00);
insert into SHOT values (711, 709, 710, 2008, 22.45, 207.36, -2.20, 22.45, 207.36, -2.20, 0.00, 345.96, -0.29);
insert into SHOT values (712, 710, 711, 2008, 15.01, 233.92, 1.70, 15.01, 233.92, 1.70, 0.00, 0.00, 0.51);
insert into SHOT values (713, 711, 712, 2008, 37.39, 198.98, -0.15, 37.39, 198.98, -0.15, 0.00, 352.87, -0.22);
insert into SHOT values (714, 712, 713, 2008, 39.17, 213.49, -0.01, 39.17, 213.49, -0.01, 0.00, 90.00, -90.00);
insert into SHOT values (715, 713, 714, 2008, 35.59, 142.69, 0.81, 35.59, 142.69, 0.81, 0.00, 170.54, 0.00);
insert into SHOT values (716, 714, 715, 2008, 25.22, 201.60, -2.47, 25.22, 201.60, -2.47, 0.00, 206.57, 0.00);
insert into SHOT values (717, 715, 716, 2008, 19.58, 242.73, 4.29, 19.58, 242.73, 4.29, 0.00, 243.43, -3.20);
insert into SHOT values (718, 716, 717, 2008, 17.19, 197.41, -3.83, 17.19, 197.41, -3.83, 0.00, 2.05, -0.51);
insert into SHOT values (719, 717, 718, 2008, 46.81, 208.68, 0.89, 46.81, 208.68, 0.89, 0.00, 90.00, 90.00);
insert into SHOT values (720, 718, 719, 2008, 23.77, 208.91, -1.71, 23.77, 208.91, -1.71, 0.00, 0.00, 0.60);
insert into SHOT values (721, 719, 720, 2008, 21.53, 155.34, 2.46, 21.53, 155.34, 2.46, 0.00, 0.00, 0.13);
insert into SHOT values (722, 720, 721, 2008, 29.90, 189.04, -1.65, 29.90, 189.04, -1.65, 0.00, 180.00, 0.36);
insert into SHOT values (723, 721, 722, 2008, 30.06, 210.56, 2.18, 30.06, 210.56, 2.18, 0.00, 3.58, 0.00);
insert into SHOT values (724, 722, 723, 2008, 19.91, 216.32, -1.32, 19.91, 216.32, -1.32, 0.00, 183.18, 0.10);
insert into SHOT values (725, 723, 724, 2008, 18.53, 275.40, 1.08, 18.53, 275.40, 1.08, 0.00, 355.88, 0.19);
insert into SHOT values (726, 724, 725, 2008, 10.94, 183.63, -1.76, 10.94, 183.63, -1.76, 0.00, 0.93, -0.20);
insert into SHOT values (727, 725, 726, 2008, 18.48, 238.88, 2.93, 18.49, 238.88, 2.93, 0.00, 174.56, 0.00);
insert into SHOT values (728, 726, 727, 2008, 28.18, 150.34, -1.13, 28.18, 150.34, -1.13, 0.00, 175.24, -0.30);
insert into SHOT values (729, 727, 728, 2008, 24.10, 196.11, 9.89, 24.10, 196.11, 9.89, 0.00, 177.32, 0.00);
insert into SHOT values (730, 728, 729, 2008, 17.47, 294.02, -1.20, 17.47, 294.02, -1.20, 0.00, 8.75, 0.54);
insert into SHOT values (731, 729, 730, 2008, 21.19, 207.61, 3.42, 21.19, 207.61, 3.42, 0.00, 33.69, 0.00);
insert into SHOT values (732, 730, 731, 2008, 11.44, 175.04, 19.83, 11.43, 175.04, 19.83, 0.00, 9.63, -1.34);
insert into SHOT values (733, 731, 732, 2008, 24.00, 114.22, -3.88, 24.00, 114.22, -3.88, 0.00, 153.43, -1.60);
insert into SHOT values (734, 732, 733, 2008, 13.25, 179.47, -14.99, 13.25, 179.47, -14.99, 0.00, 179.53, 0.00);
insert into SHOT values (735, 733, 734, 2008, 13.06, 225.96, -4.00, 13.06, 225.96, -4.00, 0.00, 186.71, 0.63);
insert into SHOT values (736, 734, 735, 2008, 13.39, 262.52, 6.89, 13.39, 262.52, 6.89, 0.00, 358.18, 0.45);
insert into SHOT values (737, 735, 736, 2008, 15.81, 208.14, -0.56, 15.81, 208.14, -0.56, 0.00, 4.76, -1.12);
insert into SHOT values (738, 736, 737, 2008, 30.03, 194.28, 0.24, 30.03, 194.28, 0.24, 0.00, 1.91, -0.18);
insert into SHOT values (739, 737, 738, 2008, 20.68, 208.44, -1.46, 20.68, 208.44, -1.46, 0.00, 170.54, -0.29);
insert into SHOT values (740, 738, 739, 2008, 17.56, 217.87, 0.59, 17.56, 217.87, 0.59, 0.00, 0.00, -0.12);
insert into SHOT values (741, 739, 740, 2008, 13.14, 235.21, 1.00, 13.14, 235.21, 1.00, 0.00, 5.44, 0.40);
insert into SHOT values (742, 740, 741, 2008, 25.15, 193.49, -1.16, 25.15, 193.49, -1.16, 0.00, 251.57, -1.70);
insert into SHOT values (743, 741, 742, 2008, 21.63, 183.14, 0.16, 21.63, 183.14, 0.16, 0.00, 172.87, -0.28);
insert into SHOT values (744, 742, 743, 2008, 26.64, 212.82, 0.44, 26.64, 212.82, 0.44, 0.00, 197.65, 0.54);
insert into SHOT values (745, 743, 744, 2008, 20.35, 215.86, 5.10, 20.35, 215.86, 5.10, 0.00, 339.44, 0.84);
insert into SHOT values (746, 744, 745, 2008, 19.08, 207.77, 0.00, 19.08, 207.77, 0.00, 0.00, 5.71, 0.00);
insert into SHOT values (747, 745, 746, 2008, 25.93, 215.99, -5.17, 25.93, 215.99, -5.17, 0.00, 357.95, -0.51);
insert into SHOT values (748, 746, 747, 2008, 23.72, 175.65, 1.36, 23.72, 175.65, 1.36, 0.00, 175.13, 0.32);
insert into SHOT values (749, 747, 748, 2008, 29.39, 212.54, 1.62, 29.39, 212.54, 1.62, 0.00, 221.19, 1.35);
insert into SHOT values (750, 748, 749, 2008, 30.98, 219.04, -1.25, 30.98, 219.04, -1.25, 0.00, 174.29, -0.53);
insert into SHOT values (751, 749, 750, 2008, 18.34, 215.63, -2.35, 18.34, 215.63, -2.35, 0.00, 177.80, 0.00);
insert into SHOT values (752, 750, 751, 2008, 17.04, 181.01, -3.51, 17.04, 181.01, -3.51, 0.00, 175.05, 0.15);
insert into SHOT values (753, 751, 752, 2008, 18.31, 134.62, 2.51, 18.31, 134.62, 2.51, 0.00, 21.80, 0.22);
insert into SHOT values (754, 752, 753, 2008, 8.34, 221.32, 6.91, 8.34, 221.32, 6.91, 0.00, 350.98, -0.22);
insert into SHOT values (755, 753, 754, 2008, 6.14, 171.55, -18.64, 6.14, 171.55, -18.64, 0.00, 18.26, 0.38);
insert into SHOT values (756, 754, 755, 2008, 11.09, 179.63, -0.02, 11.09, 179.63, -0.02, 0.00, 5.63, 0.32);
insert into SHOT values (757, 755, 756, 2008, 8.77, 200.27, 3.46, 8.77, 200.27, 3.46, 0.00, 172.02, 0.09);
insert into SHOT values (758, 756, 757, 2008, 8.14, 166.11, 0.26, 8.14, 166.11, 0.26, 0.00, 352.68, -0.22);
insert into SHOT values (759, 757, 758, 2008, 17.00, 238.27, 0.01, 17.00, 238.27, 0.01, 0.00, 9.16, 0.35);
insert into SHOT values (760, 758, 759, 2008, 9.97, 156.20, 2.62, 9.97, 156.20, 2.62, 0.00, 6.34, -0.15);
insert into SHOT values (761, 759, 760, 2008, 16.97, 231.11, -1.96, 16.97, 231.11, -1.96, 0.00, 192.09, -0.75);
insert into SHOT values (762, 760, 761, 2008, 18.97, 193.13, -1.60, 18.97, 193.13, -1.60, 0.00, 353.52, 0.49);
insert into SHOT values (763, 761, 762, 2008, 21.40, 176.05, 2.06, 21.40, 176.05, 2.06, 0.00, 354.81, -0.32);
insert into SHOT values (764, 762, 763, 2008, 10.30, 203.55, 11.44, 10.30, 203.55, 11.44, 0.00, 156.04, -2.91);
insert into SURVEY values (2010, 53, 'mountaineye20', 'mountaineye20.Mountaineye', NULL);
 insert into CENTRELINE values (2011, 2010, NULL, NULL, NULL, 0.00, 0.00, 0.00);
 insert into SCRAPS values (2012, 2010, 'ME20_scrapSP1', 1);
 insert into MAPS values (2227, 2010, 'mountaineye20', 'Mountain eye cave part 20', 1, 121.534, 1.108);
 insert into MAPITEMS values (2227, 4, 2012);
 insert into CENTRELINE values (2228, 2010, NULL, '2006-10-09', NULL, 121.53, 0.00, 0.00);
 insert into SHOT values (765, 764, 765, 2228, 11.61, 332.28, -0.06, 11.61, 332.28, -0.06, 0.00, 243.43, 0.85);
insert into SHOT values (766, 765, 766, 2228, 4.93, 335.52, -1.36, 4.93, 335.52, -1.36, 0.00, 51.34, 2.79);
insert into SHOT values (767, 766, 767, 2228, 9.45, 35.15, 0.50, 9.45, 35.15, 0.50, 0.00, 90.00, -6.68);
insert into SHOT values (768, 767, 768, 2228, 5.08, 342.21, -5.22, 5.08, 342.21, -5.22, 0.00, 109.98, 3.67);
insert into SHOT values (769, 768, 769, 2228, 6.12, 38.05, 10.43, 6.12, 38.05, 10.43, 0.00, 248.20, 0.00);
insert into SHOT values (770, 769, 770, 2228, 17.15, 67.75, -1.29, 17.15, 67.75, -1.29, 0.00, 270.00, 10.62);
insert into SHOT values (771, 770, 771, 2228, 8.93, 24.76, 0.80, 8.93, 24.76, 0.80, 0.00, 270.00, 9.93);
insert into SHOT values (772, 771, 772, 2228, 15.25, 63.56, -2.09, 15.25, 63.56, -2.09, 0.00, 63.43, 6.38);
insert into SHOT values (773, 772, 773, 2228, 5.38, 45.86, 4.23, 5.39, 45.86, 4.23, 0.00, 90.00, -3.30);
insert into SHOT values (774, 773, 774, 2228, 17.43, 22.29, 1.32, 17.43, 22.29, 1.32, 0.00, 270.00, -17.35);
insert into SHOT values (775, 774, 775, 2228, 8.07, 81.55, -1.62, 8.07, 81.55, -1.62, 0.00, 265.24, 0.59);
insert into SHOT values (776, 775, 776, 2228, 12.14, 34.29, -1.21, 12.14, 34.29, -1.21, 0.00, 285.95, -0.98);
insert into SURVEY values (2230, 53, 'mountaineye21', 'mountaineye21.Mountaineye', NULL);
 insert into CENTRELINE values (2231, 2230, NULL, NULL, NULL, 0.00, 0.00, 0.00);
 insert into SCRAPS values (2232, 2230, 'ME21_scrapSP1', 1);
 insert into MAPS values (2260, 2230, 'mountaineye21', 'Mountain eye cave part 21', 1, 35.484, 1.069);
 insert into MAPITEMS values (2260, 4, 2232);
 insert into CENTRELINE values (2261, 2230, NULL, '2006-10-09', NULL, 35.48, 0.00, 0.00);
 insert into SHOT values (777, 777, 778, 2261, 5.03, 94.42, -2.13, 5.03, 94.42, -2.13, 0.00, 233.27, 0.05);
insert into SHOT values (778, 778, 779, 2261, 22.52, 208.96, 1.27, 22.52, 208.96, 1.27, 0.00, 92.12, -0.07);
insert into SHOT values (779, 779, 780, 2261, 7.94, 120.77, -7.74, 7.94, 120.77, -7.74, 0.00, 56.31, 1.32);
insert into SURVEY values (2263, 53, 'mountaineye22', 'mountaineye22.Mountaineye', NULL);
 insert into CENTRELINE values (2264, 2263, NULL, NULL, NULL, 0.00, 0.00, 0.00);
 insert into SCRAPS values (2265, 2263, 'ME22_scrapSP1', 1);
 insert into SCRAPS values (2369, 2263, 'scrap20a', 1);
 insert into MAPS values (2371, 2263, 'mountaineye22', 'Mountain eye cave part 22', 1, 112.683, 4.337);
 insert into MAPITEMS values (2371, 4, 2265);
 insert into CENTRELINE values (2372, 2263, NULL, '2006-10-09', NULL, 112.68, 0.00, 0.00);
 insert into SHOT values (780, 781, 782, 2372, 4.11, 352.25, -27.03, 4.11, 352.25, -27.03, 0.00, 114.61, 0.00);
insert into SHOT values (781, 782, 783, 2372, 6.08, 302.62, 6.75, 6.08, 302.62, 6.75, 0.00, 157.21, -0.11);
insert into SHOT values (782, 783, 784, 2372, 12.89, 264.64, -2.02, 12.89, 264.64, -2.02, 0.00, 48.81, 0.04);
insert into SHOT values (783, 784, 785, 2372, 24.11, 243.71, 0.61, 24.11, 243.71, 0.61, 0.00, 248.75, 0.00);
insert into SHOT values (784, 785, 786, 2372, 8.56, 156.34, -5.70, 8.56, 156.34, -5.70, 0.00, 102.93, -0.06);
insert into SHOT values (785, 782, 787, 2372, 7.09, 358.41, -2.25, 7.09, 358.41, -2.25, 0.00, 209.04, 0.20);
insert into SHOT values (786, 787, 788, 2372, 8.26, 345.74, -15.38, 8.26, 345.74, -15.38, 0.00, 117.16, 0.67);
insert into SHOT values (787, 788, 789, 2372, 10.48, 322.26, 18.42, 10.49, 322.26, 18.42, 0.00, 257.80, 0.00);
insert into SHOT values (788, 789, 790, 2372, 6.65, 271.21, -10.73, 6.65, 271.21, -10.73, 0.00, 247.41, 0.00);
insert into SHOT values (789, 790, 791, 2372, 3.38, 339.02, -10.38, 3.38, 339.02, -10.38, 0.00, 116.68, 0.13);
insert into SHOT values (790, 791, 792, 2372, 3.99, 287.38, -5.36, 3.99, 287.38, -5.36, 0.00, 289.96, 0.12);
insert into SHOT values (791, 792, 793, 2372, 2.84, 8.20, 0.06, 2.84, 8.20, 0.06, 0.00, 164.27, -0.44);
insert into SHOT values (792, 793, 794, 2372, 5.15, 262.23, -0.19, 5.15, 262.23, -0.19, 0.00, 58.79, 0.17);
insert into SHOT values (793, 794, 795, 2372, 9.09, 8.32, 0.18, 9.09, 8.32, 0.18, 0.00, 55.96, -0.27);
insert into SURVEY values (2374, 53, 'mountaineye23', 'mountaineye23.Mountaineye', NULL);
 insert into CENTRELINE values (2375, 2374, NULL, NULL, NULL, 0.00, 0.00, 0.00);
 insert into SCRAPS values (2376, 2374, 'ME23_scrapSP1', 1);
 insert into MAPS values (2591, 2374, 'mountaineye23', 'Mountain eye cave part 23', 1, 144.701, 4.208);
 insert into MAPITEMS values (2591, 4, 2376);
 insert into CENTRELINE values (2592, 2374, NULL, '2006-10-09', NULL, 144.70, 0.00, 0.00);
 insert into SHOT values (794, 796, 797, 2592, 13.14, 35.90, -2.40, 13.14, 35.90, -2.40, 0.00, 81.25, -0.06);
insert into SHOT values (795, 797, 798, 2592, 9.91, 317.66, -4.24, 9.91, 317.66, -4.24, 0.00, 75.14, -0.14);
insert into SHOT values (796, 798, 799, 2592, 11.28, 42.91, 5.14, 11.28, 42.91, 5.14, 0.00, 49.80, 0.00);
insert into SHOT values (797, 799, 800, 2592, 9.33, 36.40, -1.46, 9.33, 36.40, -1.46, 0.00, 87.92, -0.72);
insert into SHOT values (798, 800, 801, 2592, 5.10, 158.90, 9.80, 5.10, 158.90, 9.80, 0.00, 100.40, 0.65);
insert into SHOT values (799, 801, 802, 2592, 6.45, 69.37, 12.34, 6.45, 69.37, 12.34, 0.00, 99.68, 0.22);
insert into SHOT values (800, 802, 803, 2592, 15.11, 35.73, 2.14, 15.11, 35.73, 2.14, 0.00, 251.57, 0.00);
insert into SHOT values (801, 803, 804, 2592, 13.19, 84.25, -1.23, 13.19, 84.25, -1.23, 0.00, 79.81, 0.18);
insert into SHOT values (802, 804, 805, 2592, 19.74, 51.17, 1.27, 19.74, 51.17, 1.27, 0.00, 354.47, 0.11);
insert into SHOT values (803, 805, 806, 2592, 8.22, 96.93, -11.83, 8.22, 96.93, -11.83, 0.00, 57.78, -0.49);
insert into SHOT values (804, 806, 807, 2592, 8.43, 350.35, -2.31, 8.43, 350.35, -2.31, 0.00, 9.13, -0.34);
insert into SHOT values (805, 807, 808, 2592, 9.23, 307.57, -13.69, 9.23, 307.57, -13.69, 0.00, 267.27, -0.45);
insert into SHOT values (806, 808, 809, 2592, 8.36, 45.63, 4.25, 8.36, 45.63, 4.25, 0.00, 114.30, 0.63);
insert into SHOT values (807, 809, 810, 2592, 7.22, 349.09, 0.88, 7.22, 349.09, 0.88, 0.00, 196.05, 0.02);
insert into SURVEY values (2594, 53, 'cob', 'cob.Mountaineye', NULL);
 insert into CENTRELINE values (2595, 2594, NULL, NULL, NULL, 0.00, 0.00, 0.00);
 insert into SCRAPS values (2596, 2594, 'cobSP1', 1);
 insert into SCRAPS values (2628, 2594, 'cobSPX6.31', 2);
 insert into SCRAPS values (2630, 2594, 'cobSP2', 1);
 insert into SCRAPS values (2669, 2594, 'cobSP3', 1);
 insert into SCRAPS values (2788, 2594, 'cobSPX6.19', 2);
 insert into SCRAPS values (2790, 2594, 'cobSPX6.1', 2);
 insert into SCRAPS values (2792, 2594, 'cobSPX6.0', 2);
 insert into SCRAPS values (2794, 2594, 'cobSE1', 3);
 insert into MAPS values (2796, 2594, 'cob', NULL, 1, 620.193, 27.848);
 insert into MAPITEMS values (2796, 4, 2596);
 insert into MAPITEMS values (2796, 4, 2630);
 insert into MAPITEMS values (2796, 4, 2669);
 insert into CENTRELINE values (2797, 2594, NULL, '2006-10-09', NULL, 620.19, 0.00, 0.00);
 insert into SHOT values (808, 811, 812, 2797, 0.00, 0.00, 0.00, 0.00, 90.00, 0.00, 0.00, 90.00, 0.00);
insert into SHOT values (809, 811, 813, 2797, 1.19, 330.16, 7.95, 1.19, 330.16, 7.95, 0.00, 80.37, 2.64);
insert into SHOT values (810, 811, 814, 2797, 0.51, 336.09, 78.77, 0.51, 336.09, 78.77, 0.00, 232.05, -1.15);
insert into SHOT values (811, 811, 815, 2797, 0.32, 269.96, -84.03, 0.32, 269.96, -84.03, 0.00, 51.93, -2.13);
insert into SHOT values (812, 811, 816, 2797, 5.18, 145.58, 1.29, 5.18, 145.58, 1.29, 0.00, 278.32, 0.14);
insert into SHOT values (813, 811, 817, 2797, 8.83, 253.48, 2.25, 8.83, 253.48, 2.25, 0.00, 270.00, -0.43);
insert into SHOT values (814, 817, 818, 2797, 2.66, 335.46, -1.44, 2.66, 335.46, -1.44, 0.00, 305.42, 1.41);
insert into SHOT values (815, 817, 819, 2797, 0.40, 331.59, 49.77, 0.40, 331.59, 49.77, 0.00, 70.02, -0.29);
insert into SHOT values (816, 817, 820, 2797, 1.06, 233.64, -72.64, 1.06, 233.64, -72.64, 0.00, 43.83, -2.52);
insert into SHOT values (817, 817, 821, 2797, 3.12, 126.80, 0.43, 3.12, 126.80, 0.43, 0.00, 124.37, 0.43);
insert into SHOT values (818, 817, 822, 2797, 15.58, 251.70, -2.59, 15.58, 251.70, -2.59, 0.00, 219.81, -0.73);
insert into SHOT values (819, 817, 823, 2797, 2.82, 165.79, -7.73, 2.82, 165.79, -7.73, 0.00, 99.68, -0.92);
insert into SHOT values (820, 822, 824, 2797, 2.60, 170.74, -10.52, 2.60, 170.74, -10.52, 0.00, 183.38, 4.53);
insert into SHOT values (821, 822, 825, 2797, 2.35, 341.81, -12.47, 2.35, 341.81, -12.47, 0.00, 4.68, -1.73);
insert into SHOT values (822, 822, 826, 2797, 1.63, 307.51, 75.43, 1.63, 307.51, 75.43, 0.00, 236.54, -0.29);
insert into SHOT values (823, 822, 827, 2797, 1.08, 263.27, -77.23, 1.08, 263.27, -77.23, 0.00, 53.27, -0.83);
insert into SHOT values (824, 822, 828, 2797, 56.80, 250.08, -1.33, 56.80, 250.08, -1.33, 0.00, 129.81, -1.38);
insert into SHOT values (825, 828, 829, 2797, 0.93, 159.05, 13.01, 0.93, 159.05, 13.01, 0.00, 294.11, 0.84);
insert into SHOT values (826, 828, 830, 2797, 7.07, 345.53, 1.18, 7.07, 345.53, 1.18, 0.00, 60.87, 1.81);
insert into SHOT values (827, 828, 831, 2797, 14.21, 319.82, 0.93, 14.21, 319.82, 0.93, 0.00, 104.97, -0.11);
insert into SHOT values (828, 828, 832, 2797, 11.27, 49.44, 2.25, 11.27, 49.44, 2.25, 0.00, 113.11, -1.14);
insert into SHOT values (829, 828, 833, 2797, 8.07, 78.23, 3.50, 8.07, 78.23, 3.50, 0.00, 227.16, -0.29);
insert into SHOT values (830, 828, 834, 2797, 5.25, 87.68, 0.54, 5.25, 87.68, 0.54, 0.00, 67.75, -0.30);
insert into SHOT values (831, 828, 835, 2797, 8.21, 62.30, -7.99, 8.21, 62.30, -7.99, 0.00, 247.09, -0.22);
insert into SHOT values (832, 828, 836, 2797, 5.88, 324.42, -38.33, 5.88, 324.42, -38.33, 0.00, 276.39, 0.48);
insert into SHOT values (833, 828, 837, 2797, 37.84, 65.24, 1.05, 37.84, 65.24, 1.05, 0.00, 272.39, -1.39);
insert into SHOT values (834, 828, 838, 2797, 26.08, 75.23, 1.83, 26.08, 75.23, 1.83, 0.00, 145.23, 0.44);
insert into SHOT values (835, 828, 839, 2797, 24.16, 60.53, 0.77, 24.16, 60.53, 0.77, 0.00, 288.43, -3.34);
insert into SHOT values (836, 828, 840, 2797, 19.77, 282.05, -2.00, 19.77, 282.05, -2.00, 0.00, 248.96, 0.80);
insert into SHOT values (837, 840, 841, 2797, 3.44, 187.44, 2.53, 3.44, 187.44, 2.53, 0.00, 196.56, -1.30);
insert into SHOT values (838, 840, 842, 2797, 8.99, 129.77, 6.44, 8.99, 129.77, 6.44, 0.00, 241.66, 0.46);
insert into SHOT values (839, 840, 843, 2797, 9.58, 269.65, -1.32, 9.58, 269.65, -1.32, 0.00, 250.15, -0.69);
insert into SHOT values (840, 840, 844, 2797, 4.81, 334.70, 44.46, 4.81, 334.70, 44.46, 0.00, 246.17, -0.26);
insert into SHOT values (841, 840, 845, 2797, 7.16, 12.02, 9.05, 7.16, 12.02, 9.05, 0.00, 253.46, -0.16);
insert into SHOT values (842, 840, 846, 2797, 12.22, 57.16, 2.89, 12.22, 57.16, 2.89, 0.00, 118.57, -1.40);
insert into SHOT values (843, 840, 847, 2797, 12.33, 74.27, -7.78, 12.33, 74.27, -7.78, 0.00, 286.57, -0.82);
insert into SHOT values (844, 840, 848, 2797, 7.37, 314.03, 15.67, 7.37, 314.03, 15.67, 0.00, 265.96, -0.93);
insert into SHOT values (845, 840, 849, 2797, 8.00, 302.44, 1.98, 8.00, 302.44, 1.98, 0.00, 108.28, -0.43);
insert into SHOT values (846, 840, 850, 2797, 10.00, 287.88, -0.69, 10.00, 287.88, -0.69, 0.00, 238.11, -0.37);
insert into SHOT values (847, 850, 851, 2797, 3.72, 211.42, 9.92, 3.72, 211.42, 9.92, 0.00, 63.69, 0.67);
insert into SHOT values (848, 850, 852, 2797, 5.04, 156.96, -3.10, 5.04, 156.96, -3.10, 0.00, 292.19, -0.63);
insert into SHOT values (849, 850, 853, 2797, 8.45, 236.60, 2.85, 8.45, 236.60, 2.85, 0.00, 299.38, -0.52);
insert into SHOT values (850, 850, 854, 2797, 2.63, 267.77, 4.67, 2.62, 267.77, 4.67, 0.00, 91.63, -0.81);
insert into SHOT values (851, 850, 855, 2797, 3.95, 297.50, 8.42, 3.95, 297.50, 8.42, 0.00, 297.41, -0.36);
insert into SHOT values (852, 850, 856, 2797, 6.63, 27.31, 3.76, 6.63, 27.31, 3.76, 0.00, 315.12, 1.13);
insert into SHOT values (853, 850, 857, 2797, 4.26, 340.74, -1.93, 4.26, 340.74, -1.93, 0.00, 118.81, -1.31);
insert into SHOT values (854, 850, 858, 2797, 5.74, 325.73, -0.18, 5.74, 325.73, -0.18, 0.00, 6.80, -1.99);
insert into SHOT values (855, 850, 859, 2797, 5.29, 306.13, 2.96, 5.29, 306.13, 2.96, 0.00, 254.69, -4.76);
insert into SHOT values (856, 850, 860, 2797, 3.81, 297.69, 9.32, 3.81, 297.69, 9.32, 0.00, 315.58, -0.36);
insert into SHOT values (857, 828, 861, 2797, 0.00, 0.00, 0.00, 0.00, 90.00, 0.00, 0.00, 90.00, 0.00);
insert into SHOT values (858, 828, 862, 2797, 5.28, 304.97, -32.54, 5.28, 304.97, -32.54, 0.00, 329.69, 0.72);
insert into SHOT values (859, 828, 863, 2797, 3.88, 1.75, -39.72, 3.88, 1.75, -39.72, 0.00, 265.96, -1.54);
insert into SHOT values (860, 828, 864, 2797, 11.90, 319.78, -11.28, 11.90, 319.78, -11.28, 0.00, 59.04, 0.41);
insert into SHOT values (861, 864, 865, 2797, 0.00, 0.00, 0.00, 0.00, 90.00, 0.00, 0.00, 90.00, 0.00);
insert into SHOT values (862, 865, 866, 2797, 9.58, 55.62, -73.39, 9.58, 55.62, -73.39, 0.00, 54.11, -1.26);
insert into SHOT values (863, 866, 867, 2797, 0.97, 358.65, -7.59, 0.97, 358.65, -7.59, 0.00, 57.19, -0.56);
insert into SHOT values (864, 866, 868, 2797, 3.97, 281.05, -1.27, 3.97, 281.05, -1.27, 0.00, 309.77, -1.66);
insert into SHOT values (865, 866, 869, 2797, 6.22, 262.70, 0.57, 6.22, 262.70, 0.57, 0.00, 76.03, -0.63);
insert into SHOT values (866, 866, 870, 2797, 6.93, 239.78, 0.75, 6.93, 239.78, 0.75, 0.00, 286.35, -1.02);
insert into SHOT values (867, 866, 871, 2797, 2.65, 206.26, 4.89, 2.65, 206.26, 4.89, 0.00, 130.13, 0.31);
insert into SHOT values (868, 866, 872, 2797, 19.77, 253.58, -0.90, 19.77, 253.58, -0.90, 0.00, 70.88, 0.77);
insert into SHOT values (869, 872, 873, 2797, 5.26, 244.48, 13.18, 5.26, 244.48, 13.18, 0.00, 219.13, 1.51);
insert into SHOT values (870, 872, 874, 2797, 11.58, 282.73, 6.93, 11.58, 282.73, 6.93, 0.00, 232.98, -0.95);
insert into SHOT values (871, 872, 875, 2797, 11.57, 315.42, 9.20, 11.56, 315.42, 9.20, 0.00, 60.62, -0.30);
insert into SHOT values (872, 872, 876, 2797, 8.48, 345.38, 5.47, 8.48, 345.38, 5.47, 0.00, 260.19, -1.22);
insert into SHOT values (873, 872, 877, 2797, 3.82, 17.67, 2.22, 3.82, 17.67, 2.22, 0.00, 317.45, 1.54);
insert into SHOT values (874, 872, 878, 2797, 5.27, 56.30, 4.56, 5.27, 56.30, 4.56, 0.00, 309.74, 0.84);
insert into SHOT values (875, 872, 879, 2797, 9.71, 13.60, 80.01, 9.71, 13.60, 80.01, 0.00, 108.33, 0.43);
insert into SHOT values (876, 872, 880, 2797, 9.55, 84.74, 1.43, 9.55, 84.74, 1.43, 0.00, 264.80, 0.36);
insert into SHOT values (877, 872, 881, 2797, 12.31, 68.55, 2.63, 12.31, 68.55, 2.63, 0.00, 227.35, 0.23);
insert into SHOT values (878, 872, 882, 2797, 2.02, 170.21, 5.43, 2.01, 170.21, 5.43, 0.00, 68.33, -0.74);
insert into SHOT values (879, 872, 883, 2797, 0.71, 79.32, -85.90, 0.71, 79.32, -85.90, 0.00, 110.64, -0.08);
insert into SHOT values (880, 872, 884, 2797, 11.91, 313.01, 7.11, 11.91, 313.01, 7.11, 0.00, 281.31, 0.18);
insert into SHOT values (881, 884, 885, 2797, 7.55, 177.50, 3.17, 7.55, 177.50, 3.17, 0.00, 278.58, -0.82);
insert into SHOT values (882, 884, 886, 2797, 4.25, 218.93, 5.15, 4.25, 218.93, 5.15, 0.00, 263.69, 0.91);
insert into SHOT values (883, 884, 887, 2797, 0.68, 212.50, 66.83, 0.68, 212.50, 66.83, 0.00, 244.91, 3.48);
insert into SHOT values (884, 884, 888, 2797, 1.65, 214.23, -57.34, 1.65, 214.23, -57.34, 0.00, 98.43, -0.40);
insert into SHOT values (885, 884, 889, 2797, 5.23, 240.33, -12.47, 5.23, 240.33, -12.47, 0.00, 279.76, -0.62);
insert into SHOT values (886, 884, 890, 2797, 10.73, 90.57, -0.17, 10.72, 90.57, -0.17, 0.00, 304.38, -0.46);
insert into SHOT values (887, 884, 891, 2797, 7.73, 110.40, -0.21, 7.73, 110.40, -0.21, 0.00, 21.19, 1.42);
insert into SHOT values (888, 884, 892, 2797, 22.38, 250.55, -5.06, 22.38, 250.55, -5.06, 0.00, 276.73, -1.38);
insert into SHOT values (889, 892, 893, 2797, 7.50, 323.44, -3.63, 7.50, 323.44, -3.63, 0.00, 15.32, -2.32);
insert into SHOT values (890, 892, 894, 2797, 8.53, 26.12, -2.63, 8.53, 26.12, -2.63, 0.00, 112.09, -0.38);
insert into SHOT values (891, 892, 895, 2797, 15.92, 54.87, 1.76, 15.92, 54.87, 1.76, 0.00, 19.33, -0.80);
insert into SHOT values (892, 892, 896, 2797, 20.94, 64.51, 4.28, 20.94, 64.51, 4.28, 0.00, 253.21, -0.89);
insert into SHOT values (893, 892, 897, 2797, 15.49, 70.82, 6.99, 15.49, 70.82, 6.99, 0.00, 308.66, -0.45);
insert into SHOT values (894, 892, 898, 2797, 16.28, 76.38, 2.89, 16.28, 76.38, 2.89, 0.00, 120.43, -0.12);
insert into SHOT values (895, 892, 899, 2797, 15.95, 81.79, 5.09, 15.95, 81.79, 5.09, 0.00, 100.97, -1.11);
insert into SHOT values (896, 892, 900, 2797, 10.08, 92.74, 3.57, 10.08, 92.74, 3.57, 0.00, 292.83, 1.37);
insert into SHOT values (897, 892, 901, 2797, 7.80, 73.73, -26.07, 7.80, 73.73, -26.07, 0.00, 17.46, 0.00);
insert into SHOT values (898, 892, 902, 2797, 6.11, 67.13, 38.03, 6.11, 67.13, 38.03, 0.00, 240.48, 0.00);
insert into SHOT values (899, 892, 903, 2797, 5.75, 88.81, -36.62, 5.75, 88.81, -36.62, 0.00, 334.66, 2.45);
insert into SHOT values (900, 892, 904, 2797, 3.40, 97.96, -38.97, 3.40, 97.96, -38.97, 0.00, 276.81, -0.86);
insert into SHOT values (901, 892, 905, 2797, 11.64, 123.75, 3.18, 11.64, 123.75, 3.18, 0.00, 262.16, -0.83);
insert into SHOT values (902, 892, 906, 2797, 6.84, 141.89, -1.00, 6.84, 141.89, -1.00, 0.00, 123.32, -0.10);
insert into SHOT values (903, 892, 907, 2797, 5.92, 223.52, -15.57, 5.92, 223.52, -15.57, 0.00, 147.79, 3.39);
insert into SHOT values (904, 892, 908, 2797, 4.20, 257.60, -1.21, 4.20, 257.60, -1.21, 0.00, 97.18, 0.64);
insert into SHOT values (905, 908, 909, 2797, 1.56, 66.73, -5.21, 1.57, 66.73, -5.21, 0.00, 91.75, 0.18);
insert into SHOT values (906, 908, 910, 2797, 0.43, 341.17, 71.45, 0.43, 341.17, 71.45, 0.00, 114.61, -0.03);
insert into SHOT values (907, 908, 911, 2797, 0.50, 341.53, -75.90, 0.50, 341.53, -75.90, 0.00, 293.26, 0.79);
insert into SHOT values (908, 908, 912, 2797, 3.10, 330.11, -1.86, 3.10, 330.11, -1.86, 0.00, 273.50, -0.37);
insert into SHOT values (909, 908, 913, 2797, 3.74, 187.62, 2.18, 3.74, 187.62, 2.18, 0.00, 260.72, 0.56);
insert into SHOT values (910, 908, 914, 2797, 16.46, 243.03, 0.34, 16.46, 243.03, 0.34, 0.00, 281.13, -1.02);
insert into SHOT values (911, 914, 915, 2797, 4.63, 339.40, -35.19, 4.63, 339.40, -35.19, 0.00, 322.25, 0.80);
insert into SHOT values (912, 914, 916, 2797, 2.04, 333.94, 5.92, 2.05, 333.94, 5.92, 0.00, 250.36, 0.26);
insert into SHOT values (913, 914, 917, 2797, 6.68, 336.32, 1.07, 6.68, 336.32, 1.07, 0.00, 114.97, 0.59);
insert into SHOT values (914, 914, 918, 2797, 0.43, 216.30, -76.81, 0.43, 216.30, -76.81, 0.00, 330.79, -1.31);
insert into SHOT values (915, 914, 919, 2797, 13.12, 30.39, -0.71, 13.12, 30.39, -0.71, 0.00, 136.67, 0.27);
insert into SHOT values (916, 914, 920, 2797, 18.28, 264.71, -11.02, 18.28, 264.71, -11.02, 0.00, 141.34, 0.78);
insert into SHOT values (917, 920, 921, 2797, 1.85, 3.48, 55.39, 1.85, 3.48, 55.39, 0.00, 73.33, -1.42);
insert into SHOT values (918, 920, 922, 2797, 1.74, 168.38, 57.79, 1.74, 168.38, 57.79, 0.00, 62.65, -0.45);
insert into SHOT values (919, 920, 923, 2797, 4.29, 134.96, 76.44, 4.29, 134.96, 76.44, 0.00, 290.14, 0.60);
insert into SHOT values (920, 920, 924, 2797, 1.93, 210.81, -80.81, 1.93, 210.81, -80.81, 0.00, 302.29, 1.10);
insert into SHOT values (921, 920, 925, 2797, 15.83, 253.71, -18.30, 15.83, 253.71, -18.30, 0.00, 180.00, -1.74);
insert into SHOT values (922, 920, 926, 2797, 12.02, 91.97, 17.77, 12.02, 91.97, 17.77, 0.00, 357.20, -0.47);
insert into SHOT values (923, 920, 927, 2797, 6.46, 67.79, 38.27, 6.46, 67.79, 38.27, 0.00, 137.16, -0.37);
insert into SHOT values (924, 925, 928, 2797, 1.13, 333.06, -64.13, 1.13, 333.06, -64.13, 0.00, 56.05, -2.28);
insert into SHOT values (925, 925, 929, 2797, 1.17, 335.27, 2.21, 1.17, 335.27, 2.21, 0.00, 61.37, 0.21);
insert into SHOT values (926, 925, 930, 2797, 0.44, 221.65, 5.32, 0.44, 221.65, 5.32, 0.00, 75.47, 0.53);
insert into SHOT values (927, 925, 931, 2797, 5.02, 177.90, 84.93, 5.02, 177.90, 84.93, 0.00, 122.21, -1.52);
insert into SHOT values (928, 925, 932, 2797, 11.00, 67.68, 9.36, 11.00, 67.68, 9.36, 0.00, 131.07, -0.77);
insert into SHOT values (929, 925, 933, 2797, 7.46, 83.38, 10.23, 7.46, 83.38, 10.23, 0.00, 172.47, -1.72);
insert into SHOT values (930, 925, 934, 2797, 5.54, 258.73, 1.37, 5.54, 258.73, 1.37, 0.00, 31.74, 0.64);
insert into SHOT values (931, 925, 935, 2797, 15.31, 247.07, -0.23, 15.31, 247.07, -0.23, 0.00, 57.23, -0.33);
insert into SHOT values (932, 935, 936, 2797, 1.82, 322.30, 1.14, 1.82, 322.30, 1.14, 0.00, 295.03, 1.14);
insert into SHOT values (933, 935, 937, 2797, 3.49, 157.50, 20.76, 3.49, 157.50, 20.76, 0.00, 61.54, 0.60);
insert into SHOT values (934, 935, 938, 2797, 5.09, 72.14, -0.88, 5.09, 72.14, -0.88, 0.00, 297.97, -0.34);
insert into SHOT values (935, 935, 939, 2797, 4.17, 61.96, -0.03, 4.17, 61.96, -0.03, 0.00, 190.08, -0.77);
insert into SHOT values (936, 935, 940, 2797, 2.70, 22.24, 0.78, 2.70, 22.24, 0.78, 0.00, 72.08, -0.34);
insert into SHOT values (937, 935, 941, 2797, 1.69, 44.77, 72.80, 1.69, 44.77, 72.80, 0.00, 121.40, 1.52);
insert into SHOT values (938, 935, 942, 2797, 2.51, 6.14, -35.74, 2.51, 6.14, -35.74, 0.00, 236.42, 1.39);
insert into SHOT values (939, 935, 943, 2797, 7.83, 216.79, 4.60, 7.83, 216.79, 4.60, 0.00, 221.34, 0.50);
insert into SHOT values (940, 943, 944, 2797, 2.90, 336.42, 5.66, 2.90, 336.42, 5.66, 0.00, 27.29, -1.09);
insert into SHOT values (941, 943, 945, 2797, 1.69, 328.48, -39.12, 1.69, 328.48, -39.12, 0.00, 234.84, -1.14);
insert into SHOT values (942, 943, 946, 2797, 1.05, 337.15, 42.47, 1.05, 337.15, 42.47, 0.00, 228.89, 0.99);
insert into SHOT values (943, 943, 947, 2797, 0.35, 218.18, 22.12, 0.35, 218.18, 22.12, 0.00, 264.58, -1.60);
insert into SHOT values (944, 943, 948, 2797, 2.59, 281.46, -50.18, 2.59, 281.46, -50.18, 0.00, 257.39, -0.07);
insert into SHOT values (945, 943, 949, 2797, 2.76, 311.33, -40.22, 2.76, 311.33, -40.22, 0.00, 116.86, 0.93);
insert into SHOT values (946, 943, 950, 2797, 15.51, 257.53, -13.47, 15.51, 257.53, -13.47, 0.00, 270.35, -0.12);
insert into SHOT values (947, 950, 951, 2797, 4.59, 145.43, 72.27, 4.59, 145.43, 72.27, 0.00, 116.26, 0.77);
insert into SHOT values (948, 950, 952, 2797, 11.92, 131.36, 0.71, 11.92, 131.36, 0.71, 0.00, 279.75, -0.56);
insert into SHOT values (949, 950, 953, 2797, 6.01, 116.77, -41.96, 6.01, 116.77, -41.96, 0.00, 163.30, 0.58);
insert into SHOT values (950, 950, 954, 2797, 5.71, 347.21, 13.77, 5.72, 347.21, 13.77, 0.00, 272.29, 0.10);
insert into SHOT values (951, 950, 955, 2797, 6.48, 53.93, 9.28, 6.48, 53.93, 9.28, 0.00, 282.35, 0.19);
insert into SHOT values (952, 950, 956, 2797, 9.06, 89.86, 3.58, 9.06, 89.86, 3.58, 0.00, 139.58, 1.59);
insert into SHOT values (953, 950, 957, 2797, 9.28, 90.18, 6.43, 9.28, 90.18, 6.43, 0.00, 317.95, -2.49);
insert into SHOT values (954, 950, 958, 2797, 6.22, 356.77, 56.48, 6.22, 356.77, 56.48, 0.00, 79.35, -0.72);
insert into SHOT values (955, 950, 959, 2797, 6.60, 331.66, 55.42, 6.60, 331.66, 55.42, 0.00, 128.91, 3.22);
insert into SHOT values (956, 950, 960, 2797, 8.31, 295.70, -12.93, 8.31, 295.70, -12.93, 0.00, 66.40, -0.51);
insert into SHOT values (957, 950, 961, 2797, 3.71, 303.68, -9.88, 3.71, 303.68, -9.88, 0.00, 225.14, -0.34);
insert into SHOT values (958, 950, 962, 2797, 7.57, 300.68, -11.79, 7.57, 300.68, -11.79, 0.00, 246.56, 0.61);
insert into SHOT values (959, 950, 963, 2797, 4.14, 16.89, 33.67, 4.14, 16.89, 33.67, 0.00, 181.09, -1.90);
insert into SHOT values (960, 950, 964, 2797, 7.27, 329.43, 1.21, 7.27, 329.43, 1.21, 0.00, 69.31, 0.91);
insert into SHOT values (961, 950, 965, 2797, 16.39, 202.36, 11.72, 16.39, 202.36, 11.72, 0.00, 54.11, 0.31);
insert into SHOT values (962, 950, 966, 2797, 7.16, 221.20, 15.97, 7.16, 221.20, 15.97, 0.00, 241.11, -1.41);
insert into SHOT values (963, 950, 967, 2797, 12.68, 216.63, 9.12, 12.68, 216.63, 9.12, 0.00, 270.56, 0.71);
insert into SHOT values (964, 950, 968, 2797, 13.16, 137.86, -5.86, 13.16, 137.86, -5.86, 0.00, 239.93, 0.43);
insert into SHOT values (965, 950, 969, 2797, 13.47, 109.81, -3.78, 13.47, 109.81, -3.78, 0.00, 280.67, 0.92);
insert into SHOT values (966, 950, 970, 2797, 15.83, 133.37, -4.27, 15.83, 133.37, -4.27, 0.00, 92.91, -0.42);
insert into SHOT values (967, 950, 971, 2797, 14.09, 110.52, -3.77, 14.09, 110.52, -3.77, 0.00, 65.13, -0.71);
insert into SHOT values (968, 971, 972, 2797, 1.51, 138.72, -82.14, 1.51, 138.72, -82.14, 0.00, 83.94, 0.13);
insert into SHOT values (969, 971, 973, 2797, 5.13, 160.07, 45.66, 5.13, 160.07, 45.66, 0.00, 329.44, -0.19);
insert into SHOT values (970, 971, 974, 2797, 7.84, 147.54, 1.27, 7.84, 147.54, 1.27, 0.00, 123.24, -0.17);
insert into SHOT values (971, 971, 975, 2797, 0.68, 49.47, -29.72, 0.68, 49.47, -29.72, 0.00, 117.94, -0.76);
insert into SHOT values (972, 971, 976, 2797, 9.02, 179.71, 32.43, 9.01, 179.71, 32.43, 0.00, 299.00, 0.29);
insert into SHOT values (973, 971, 977, 2797, 10.73, 151.89, 33.00, 10.73, 151.89, 33.00, 0.00, 102.99, -0.86);
insert into SHOT values (974, 971, 978, 2797, 12.01, 112.28, -6.82, 12.01, 112.28, -6.82, 0.00, 232.98, 0.78);
insert into SHOT values (975, 971, 979, 2797, 8.77, 86.05, -8.16, 8.77, 86.05, -8.16, 0.00, 116.57, -1.46);
insert into SHOT values (976, 971, 980, 2797, 21.95, 98.79, -2.83, 21.95, 98.79, -2.83, 0.00, 267.40, -0.20);
insert into SHOT values (977, 980, 981, 2797, 8.50, 159.81, -27.77, 8.50, 159.81, -27.77, 0.00, 50.14, -0.43);
insert into SHOT values (978, 980, 982, 2797, 2.98, 343.97, 7.70, 2.98, 343.97, 7.70, 0.00, 104.08, 0.03);
insert into SHOT values (979, 980, 983, 2797, 2.31, 320.04, 25.43, 2.31, 320.04, 25.43, 0.00, 357.92, 0.98);
insert into SHOT values (980, 980, 984, 2797, 4.24, 263.88, -43.30, 4.24, 263.88, -43.30, 0.00, 75.12, -0.33);
insert into SHOT values (981, 980, 985, 2797, 8.54, 123.74, -13.72, 8.55, 123.74, -13.72, 0.00, 57.01, 0.00);
insert into SHOT values (982, 980, 986, 2797, 6.91, 133.73, -18.24, 6.91, 133.73, -18.24, 0.00, 105.82, 0.24);
insert into SHOT values (983, 980, 987, 2797, 10.02, 56.99, 15.79, 10.02, 56.99, 15.79, 0.00, 43.75, 0.88);
insert into SHOT values (984, 987, 988, 2797, 4.68, 152.03, 1.59, 4.68, 152.03, 1.59, 0.00, 68.54, 3.41);
insert into SHOT values (985, 987, 989, 2797, 0.96, 329.35, 39.29, 0.96, 329.35, 39.29, 0.00, 78.72, -1.11);
insert into SHOT values (986, 987, 990, 2797, 1.39, 137.20, 84.89, 1.38, 137.20, 84.89, 0.00, 270.19, -0.32);
insert into SHOT values (987, 987, 991, 2797, 0.85, 166.94, -62.52, 0.85, 166.94, -62.52, 0.00, 21.00, 3.51);
insert into SHOT values (988, 987, 992, 2797, 11.46, 109.30, 17.71, 11.46, 109.30, 17.71, 0.00, 232.84, -1.45);
insert into SHOT values (989, 992, 993, 2797, 0.57, 206.21, -26.83, 0.57, 206.21, -26.83, 0.00, 87.30, -1.37);
insert into SHOT values (990, 992, 994, 2797, 4.25, 2.66, -1.09, 4.25, 2.66, -1.09, 0.00, 318.83, -2.59);
insert into SHOT values (991, 992, 995, 2797, 9.39, 45.85, 68.83, 9.39, 45.85, 68.83, 0.00, 103.83, -0.87);
insert into SHOT values (992, 992, 996, 2797, 1.61, 5.55, -59.95, 1.61, 5.55, -59.95, 0.00, 98.09, 1.28);
insert into SHOT values (993, 992, 997, 2797, 12.48, 91.32, 1.10, 12.48, 91.32, 1.10, 0.00, 296.84, -0.06);
insert into SHOT values (994, 992, 998, 2797, 3.27, 111.07, 3.03, 3.27, 111.07, 3.03, 0.00, 341.57, -0.49);
insert into SHOT values (995, 992, 999, 2797, 4.97, 60.88, 6.68, 4.97, 60.88, 6.68, 0.00, 37.69, -0.10);
insert into SHOT values (996, 997, 1000, 2797, 8.67, 42.37, 83.27, 8.67, 42.37, 83.27, 0.00, 54.08, 1.81);
insert into SHOT values (997, 997, 1001, 2797, 2.73, 31.50, 6.09, 2.73, 31.50, 6.09, 0.00, 271.77, 0.48);
insert into SHOT values (998, 997, 1002, 2797, 0.27, 188.80, -6.15, 0.27, 188.80, -6.15, 0.00, 211.62, -0.69);
insert into SHOT values (999, 997, 1003, 2797, 1.79, 69.77, -42.38, 1.79, 69.77, -42.38, 0.00, 249.82, 0.77);
insert into SHOT values (1000, 997, 1004, 2797, 2.92, 107.20, -33.89, 2.92, 107.20, -33.89, 0.00, 197.07, 1.51);
insert into SHOT values (1001, 1004, 1005, 2797, 2.60, 69.15, 75.26, 2.60, 69.15, 75.26, 0.00, 125.14, -0.60);
insert into SHOT values (1002, 1004, 1006, 2797, 0.66, 148.15, -46.37, 0.66, 148.15, -46.37, 0.00, 347.12, 0.96);
insert into SHOT values (1003, 1004, 1007, 2797, 4.49, 132.01, 5.95, 4.49, 132.01, 5.95, 0.00, 336.12, 0.75);
insert into SHOT values (1004, 1004, 1008, 2797, 0.58, 345.01, 12.65, 0.58, 345.01, 12.65, 0.00, 168.01, -1.72);
insert into SHOT values (1005, 1004, 1009, 2797, 1.74, 255.01, 1.44, 1.74, 255.01, 1.44, 0.00, 333.57, -0.69);
insert into SHOT values (1006, 1004, 1010, 2797, 2.39, 284.28, 23.44, 2.39, 284.28, 23.44, 0.00, 284.22, 0.63);
insert into SHOT values (1007, 1004, 1011, 2797, 3.98, 245.00, -10.27, 3.98, 245.00, -10.27, 0.00, 309.62, -0.56);
insert into SHOT values (1008, 1004, 1012, 2797, 7.34, 229.06, -15.78, 7.34, 229.06, -15.78, 0.00, 98.85, -0.20);
insert into SHOT values (1009, 1004, 1013, 2797, 6.78, 208.32, -0.01, 6.78, 208.32, -0.01, 0.00, 349.10, 0.38);
insert into SHOT values (1010, 1004, 1014, 2797, 4.09, 60.53, 7.32, 4.09, 60.53, 7.32, 0.00, 55.88, 0.81);
insert into SHOT values (1011, 1004, 1015, 2797, 9.07, 97.67, 2.18, 9.07, 97.67, 2.18, 0.00, 115.09, 0.29);
insert into SHOT values (1012, 1004, 1016, 2797, 14.13, 77.20, 2.46, 14.13, 77.20, 2.46, 0.00, 107.76, 0.03);
insert into SHOT values (1013, 1016, 1017, 2797, 2.79, 164.06, -44.87, 2.78, 164.06, -44.87, 0.00, 69.13, 0.56);
insert into SHOT values (1014, 1016, 1018, 2797, 1.92, 47.07, -78.99, 1.92, 47.07, -78.99, 0.00, 100.27, 0.76);
insert into SHOT values (1015, 1016, 1019, 2797, 4.63, 304.43, -25.81, 4.63, 304.43, -25.81, 0.00, 103.03, 0.42);
insert into SHOT values (1016, 1016, 1020, 2797, 1.50, 268.76, 5.66, 1.50, 268.76, 5.66, 0.00, 192.30, -1.93);
insert into SHOT values (1017, 1016, 1021, 2797, 10.57, 82.63, -11.81, 10.57, 82.63, -11.81, 0.00, 135.45, -1.07);
insert into SHOT values (1018, 1021, 1022, 2797, 3.60, 338.02, -30.54, 3.60, 338.02, -30.54, 0.00, 43.87, 0.53);
insert into SHOT values (1019, 1021, 1023, 2797, 2.85, 214.62, -10.65, 2.85, 214.62, -10.65, 0.00, 116.36, 0.80);
insert into SHOT values (1020, 1021, 1024, 2797, 2.18, 12.73, 74.92, 2.18, 12.73, 74.92, 0.00, 301.98, -1.60);
insert into SHOT values (1021, 1021, 1025, 2797, 4.66, 269.09, -27.91, 4.66, 269.09, -27.91, 0.00, 343.43, -1.84);
insert into SHOT values (1022, 1021, 1026, 2797, 0.42, 65.17, -50.33, 0.42, 65.17, -50.33, 0.00, 333.69, 2.57);
insert into SHOT values (1023, 1021, 1027, 2797, 4.58, 44.23, 0.08, 4.57, 44.23, 0.08, 0.00, 198.67, 2.84);
insert into SHOT values (1024, 1021, 1028, 2797, 5.65, 116.81, -1.18, 5.65, 116.81, -1.18, 0.00, 241.50, -0.89);
insert into SHOT values (1025, 1028, 1029, 2797, 1.65, 152.94, -15.77, 1.65, 152.94, -15.77, 0.00, 100.28, -0.26);
insert into SHOT values (1026, 1028, 1030, 2797, 5.30, 355.09, 5.54, 5.30, 355.09, 5.54, 0.00, 168.44, -2.23);
insert into SHOT values (1027, 1028, 1031, 2797, 2.03, 43.52, 1.60, 2.03, 43.52, 1.60, 0.00, 102.23, -0.65);
insert into SHOT values (1028, 1028, 1032, 2797, 3.82, 48.18, -39.40, 3.82, 48.18, -39.40, 0.00, 97.24, 1.28);
insert into SHOT values (1029, 1028, 1033, 2797, 2.66, 76.68, 72.24, 2.66, 76.68, 72.24, 0.00, 265.90, -1.19);
insert into SHOT values (1030, 1028, 1034, 2797, 5.28, 95.32, -9.39, 5.28, 95.32, -9.39, 0.00, 264.07, 0.00);
insert into SHOT values (1031, 1028, 1035, 2797, 4.98, 45.71, -7.21, 4.98, 45.71, -7.21, 0.00, 339.44, 0.63);
insert into SHOT values (1032, 1028, 1036, 2797, 15.66, 71.07, -3.53, 15.66, 71.07, -3.53, 0.00, 236.58, -1.67);
insert into SHOT values (1033, 1036, 1037, 2797, 1.18, 342.91, -52.51, 1.18, 342.91, -52.51, 0.00, 286.54, 0.00);
insert into SHOT values (1034, 1036, 1038, 2797, 1.92, 339.87, -3.88, 1.92, 339.87, -3.88, 0.00, 117.47, 0.54);
insert into SHOT values (1035, 1036, 1039, 2797, 1.44, 152.72, 14.14, 1.44, 152.72, 14.14, 0.00, 137.96, -0.88);
insert into SHOT values (1036, 1036, 1040, 2797, 4.25, 82.16, 3.25, 4.25, 82.16, 3.25, 0.00, 315.18, -1.43);
insert into SHOT values (1037, 1036, 1041, 2797, 7.23, 270.14, 0.69, 7.23, 270.14, 0.69, 0.00, 251.52, 1.52);
insert into SHOT values (1038, 1036, 1042, 2797, 5.89, 225.92, -1.76, 5.89, 225.92, -1.76, 0.00, 42.75, -1.44);
insert into SHOT values (1039, 1043, 1044, 2797, 6.17, 106.64, -2.69, 6.17, 106.64, -2.69, 0.00, 79.29, 0.84);
insert into SHOT values (1040, 1036, 1044, 2797, 6.17, 106.64, -2.69, 6.17, 106.64, -2.69, 0.00, 79.29, 0.84);
insert into SHOT values (1041, 1044, 1045, 2797, 3.38, 253.21, 1.88, 3.38, 253.21, 1.88, 0.00, 301.24, 0.47);
insert into SHOT values (1042, 1044, 1046, 2797, 1.05, 244.82, -24.66, 1.05, 244.82, -24.66, 0.00, 138.82, -0.47);
insert into SHOT values (1043, 1044, 1047, 2797, 4.54, 168.45, 80.17, 4.54, 168.45, 80.17, 0.00, 351.11, -1.15);
insert into SHOT values (1044, 1044, 1048, 2797, 0.45, 94.60, 17.89, 0.45, 94.60, 17.89, 0.00, 99.17, 0.69);
insert into SHOT values (1045, 1044, 1049, 2797, 4.72, 321.58, 27.02, 4.72, 321.58, 27.02, 0.00, 96.93, -0.52);
insert into SHOT values (1046, 1044, 1050, 2797, 2.72, 293.81, 14.32, 2.72, 293.81, 14.32, 0.00, 252.91, 0.95);
insert into SHOT values (1047, 1044, 1051, 2797, 11.66, 192.79, 5.30, 11.66, 192.79, 5.30, 0.00, 103.87, -0.69);
insert into SHOT values (1048, 1044, 1052, 2797, 7.53, 219.42, -0.62, 7.53, 219.42, -0.62, 0.00, 45.24, 0.96);
insert into SHOT values (1049, 1044, 1053, 2797, 4.43, 181.72, 1.16, 4.43, 181.72, 1.16, 0.00, 297.34, -1.15);
insert into SHOT values (1050, 1051, 1054, 2797, 4.86, 51.00, -19.60, 4.86, 51.00, -19.60, 0.00, 62.04, -1.15);
insert into SHOT values (1051, 1051, 1055, 2797, 7.63, 106.58, 29.42, 7.63, 106.58, 29.42, 0.00, 272.25, -0.56);
insert into SHOT values (1052, 1051, 1056, 2797, 0.73, 306.94, -44.15, 0.73, 306.94, -44.15, 0.00, 273.51, -0.82);
insert into SHOT values (1053, 1051, 1057, 2797, 2.27, 49.77, -11.66, 2.27, 49.77, -11.66, 0.00, 207.58, 0.31);
insert into SHOT values (1054, 1051, 1058, 2797, 3.17, 60.58, 63.47, 3.17, 60.58, 63.47, 0.00, 321.65, -1.43);
insert into SHOT values (1055, 1051, 1059, 2797, 5.91, 29.39, -7.61, 5.91, 29.39, -7.61, 0.00, 124.19, -0.16);
insert into SHOT values (1056, 1051, 1060, 2797, 3.54, 329.10, -11.02, 3.54, 329.10, -11.02, 0.00, 323.46, -0.86);
insert into SHOT values (1057, 1051, 1061, 2797, 5.14, 59.71, -11.77, 5.14, 59.71, -11.77, 0.00, 173.03, 1.74);
insert into SHOT values (1058, 1051, 1062, 2797, 7.77, 197.96, 3.46, 7.77, 197.96, 3.46, 0.00, 204.62, -1.90);
insert into SHOT values (1059, 1051, 1063, 2797, 8.23, 154.20, 39.05, 8.23, 154.20, 39.05, 0.00, 270.46, 1.83);
insert into SHOT values (1060, 1051, 1064, 2797, 6.71, 184.82, 2.67, 6.71, 184.82, 2.67, 0.00, 301.44, -0.65);
insert into SHOT values (1061, 1062, 1065, 2797, 0.40, 271.69, -12.85, 0.40, 271.69, -12.85, 0.00, 316.72, 1.19);
insert into SHOT values (1062, 1062, 1066, 2797, 2.34, 140.86, -22.45, 2.34, 140.86, -22.45, 0.00, 270.35, -0.09);
insert into SHOT values (1063, 1062, 1067, 2797, 0.53, 309.05, -1.99, 0.53, 309.05, -1.99, 0.00, 280.66, -0.06);
insert into SHOT values (1064, 1062, 1068, 2797, 2.96, 305.55, 10.40, 2.96, 305.55, 10.40, 0.00, 138.61, -0.74);
insert into SHOT values (1065, 1062, 1069, 2797, 8.82, 235.50, 80.98, 8.82, 235.50, 80.98, 0.00, 75.75, 0.47);
insert into SHOT values (1066, 1062, 1070, 2797, 1.78, 273.75, -48.82, 1.78, 273.75, -48.82, 0.00, 273.17, -0.06);
insert into SHOT values (1067, 1062, 1071, 2797, 1.97, 75.88, -2.22, 1.97, 75.88, -2.22, 0.00, 82.59, 0.96);
insert into SHOT values (1068, 1062, 1072, 2797, 5.10, 10.60, -2.43, 5.10, 10.60, -2.43, 0.00, 77.52, -0.57);
insert into SHOT values (1069, 1062, 1073, 2797, 3.43, 339.27, -2.65, 3.43, 339.27, -2.65, 0.00, 140.66, -1.59);
insert into SHOT values (1070, 1062, 1074, 2797, 7.73, 255.70, 6.62, 7.73, 255.70, 6.62, 0.00, 251.07, -0.42);
insert into SHOT values (1071, 1062, 1075, 2797, 10.97, 239.95, 10.32, 10.97, 239.95, 10.32, 0.00, 162.65, -6.38);
insert into SHOT values (1072, 1062, 1076, 2797, 10.02, 236.23, 10.61, 10.02, 236.23, 10.61, 0.00, 256.46, 0.06);
insert into SHOT values (1073, 1062, 1077, 2797, 18.16, 241.97, 9.00, 18.16, 241.97, 9.00, 0.00, 94.40, 2.74);
insert into SHOT values (1074, 1077, 1078, 2797, 9.87, 227.82, 76.34, 9.87, 227.82, 76.34, 0.00, 41.73, 0.00);
insert into SHOT values (1075, 1077, 1079, 2797, 2.87, 270.47, 6.13, 2.87, 270.47, 6.13, 0.00, 93.04, 0.69);
insert into SHOT values (1076, 1077, 1080, 2797, 1.19, 163.53, 3.65, 1.19, 163.53, 3.65, 0.00, 145.09, -1.55);
insert into SHOT values (1077, 1077, 1081, 2797, 0.58, 321.80, -49.06, 0.58, 321.80, -49.06, 0.00, 279.80, 0.45);
insert into SHOT values (1078, 1077, 1082, 2797, 3.48, 201.48, -6.87, 3.48, 201.48, -6.87, 0.00, 263.26, 0.64);
insert into SHOT values (1079, 1077, 1083, 2797, 5.52, 173.35, -10.47, 5.52, 173.35, -10.47, 0.00, 259.02, -0.50);
insert into SHOT values (1080, 1083, 1084, 2797, 8.14, 287.66, 80.48, 8.14, 287.66, 80.48, 0.00, 243.33, 0.00);
insert into SHOT values (1081, 1083, 1085, 2797, 2.49, 265.01, -47.32, 2.49, 265.01, -47.32, 0.00, 274.85, -1.23);
insert into SHOT values (1082, 1083, 1086, 2797, 2.35, 286.03, 0.59, 2.35, 286.03, 0.59, 0.00, 339.73, 1.56);
insert into SHOT values (1083, 1083, 1087, 2797, 0.59, 159.11, 34.24, 0.59, 159.11, 34.24, 0.00, 358.80, -0.59);
insert into SHOT values (1084, 1083, 1088, 2797, 2.50, 9.00, 2.39, 2.50, 9.00, 2.39, 0.00, 117.09, -0.56);
insert into SHOT values (1085, 1083, 1089, 2797, 2.64, 320.42, 9.03, 2.64, 320.42, 9.03, 0.00, 141.90, 1.56);
insert into SHOT values (1086, 1083, 1090, 2797, 4.65, 212.27, -8.22, 4.65, 212.27, -8.22, 0.00, 28.00, 0.95);
insert into SHOT values (1087, 1083, 1091, 2797, 3.02, 239.05, -5.58, 3.02, 239.05, -5.58, 0.00, 234.93, 1.17);
insert into SHOT values (1088, 1083, 1092, 2797, 8.06, 228.21, -4.84, 8.06, 228.21, -4.84, 0.00, 117.25, 0.86);
insert into SHOT values (1089, 1092, 1093, 2797, 2.07, 283.08, -48.26, 2.07, 283.08, -48.26, 0.00, 157.90, 2.35);
insert into SHOT values (1090, 1092, 1094, 2797, 1.82, 289.67, 4.41, 1.82, 289.67, 4.41, 0.00, 18.26, -1.40);
insert into SHOT values (1091, 1092, 1095, 2797, 12.02, 268.94, 78.14, 12.02, 268.94, 78.14, 0.00, 264.20, 1.00);
insert into SHOT values (1092, 1092, 1096, 2797, 0.43, 80.42, -30.05, 0.43, 80.42, -30.05, 0.00, 136.33, -1.15);
insert into SHOT values (1093, 1092, 1097, 2797, 4.08, 61.68, -4.30, 4.08, 61.68, -4.30, 0.00, 348.86, -1.51);
insert into SHOT values (1094, 1092, 1098, 2797, 2.67, 48.86, 0.62, 2.68, 48.86, 0.62, 0.00, 112.70, 0.22);
insert into SHOT values (1095, 1092, 1099, 2797, 4.22, 186.57, 4.54, 4.22, 186.57, 4.54, 0.00, 297.65, -0.47);
insert into SHOT values (1096, 1092, 1100, 2797, 3.21, 163.16, 10.10, 3.22, 163.16, 10.10, 0.00, 74.44, -0.26);
insert into SHOT values (1097, 1092, 1101, 2797, 7.17, 175.15, 7.27, 7.17, 175.15, 7.27, 0.00, 121.95, 0.46);
insert into SHOT values (1098, 1101, 1102, 2797, 7.50, 120.60, 81.41, 7.50, 120.60, 81.41, 0.00, 4.47, 0.00);
insert into SHOT values (1099, 1101, 1103, 2797, 1.51, 106.92, -47.42, 1.51, 106.92, -47.42, 0.00, 295.31, 0.86);
insert into SHOT values (1100, 1101, 1104, 2797, 1.25, 88.06, 16.74, 1.25, 88.06, 16.74, 0.00, 61.40, 0.75);
insert into SHOT values (1101, 1101, 1105, 2797, 1.46, 248.31, 34.93, 1.46, 248.31, 34.93, 0.00, 255.61, 0.28);
insert into SHOT values (1102, 1101, 1106, 2797, 7.11, 121.83, 6.39, 7.11, 121.83, 6.39, 0.00, 323.20, 2.39);
insert into SHOT values (1103, 1101, 1107, 2797, 3.40, 153.44, 5.09, 3.40, 153.44, 5.09, 0.00, 113.38, 1.22);
insert into SHOT values (1104, 1101, 1108, 2797, 10.10, 138.95, 1.63, 10.10, 138.95, 1.63, 0.00, 332.90, 0.63);
insert into SHOT values (1105, 1108, 1109, 2797, 7.06, 195.20, 83.73, 7.06, 195.20, 83.73, 0.00, 129.11, -1.07);
insert into SHOT values (1106, 1108, 1110, 2797, 1.12, 143.31, 20.28, 1.12, 143.31, 20.28, 0.00, 237.61, -1.39);
insert into SHOT values (1107, 1108, 1111, 2797, 1.73, 256.62, 0.03, 1.72, 256.62, 0.03, 0.00, 60.30, 1.08);
insert into SHOT values (1108, 1108, 1112, 2797, 1.16, 142.40, 19.61, 1.16, 142.40, 19.61, 0.00, 45.44, 1.14);
insert into SHOT values (1109, 1108, 1113, 2797, 1.71, 215.85, -61.83, 1.71, 215.85, -61.83, 0.00, 118.53, 0.91);
insert into SHOT values (1110, 1108, 1114, 2797, 5.30, 311.22, 2.10, 5.30, 311.22, 2.10, 0.00, 134.59, 0.73);
insert into SHOT values (1111, 1108, 1115, 2797, 6.11, 334.13, 3.64, 6.11, 334.13, 3.64, 0.00, 40.31, 0.94);
insert into SHOT values (1112, 1108, 1116, 2797, 4.46, 196.20, 11.03, 4.46, 196.20, 11.03, 0.00, 55.94, -1.01);
insert into SHOT values (1113, 1108, 1117, 2797, 3.07, 166.70, 8.73, 3.07, 166.70, 8.73, 0.00, 82.01, 0.52);
insert into SHOT values (1114, 1108, 1118, 2797, 11.21, 156.78, 18.62, 11.21, 156.78, 18.62, 0.00, 91.35, -0.11);
insert into SHOT values (1115, 1118, 1119, 2797, 2.54, 347.27, -61.73, 2.54, 347.27, -61.73, 0.00, 359.00, 2.66);
insert into SHOT values (1116, 1118, 1120, 2797, 0.90, 4.89, 56.17, 0.90, 4.89, 56.17, 0.00, 344.93, -6.31);
insert into SHOT values (1117, 1118, 1121, 2797, 7.84, 13.93, 54.76, 7.84, 13.93, 54.76, 0.00, 74.94, 0.44);
insert into SHOT values (1118, 1118, 1122, 2797, 1.67, 29.84, -2.91, 1.67, 29.84, -2.91, 0.00, 90.79, -1.81);
insert into SHOT values (1119, 1118, 1123, 2797, 0.38, 263.22, 20.64, 0.38, 263.22, 20.64, 0.00, 272.42, 0.83);
insert into SHOT values (1120, 1118, 1124, 2797, 2.59, 316.34, -14.05, 2.59, 316.34, -14.05, 0.00, 260.97, 0.70);
insert into SHOT values (1121, 1118, 1125, 2797, 2.83, 353.73, -14.54, 2.83, 353.73, -14.54, 0.00, 64.65, -0.57);
insert into SHOT values (1122, 1118, 1126, 2797, 2.93, 99.93, 19.26, 2.93, 99.93, 19.26, 0.00, 153.31, 1.50);
insert into SHOT values (1123, 1118, 1127, 2797, 3.73, 80.99, 32.80, 3.73, 80.99, 32.80, 0.00, 258.32, 0.60);
insert into SHOT values (1124, 1118, 1128, 2797, 6.55, 90.09, 21.66, 6.55, 90.09, 21.66, 0.00, 231.06, 0.74);
insert into SHOT values (1125, 1128, 1129, 2797, 4.85, 216.93, 70.28, 4.85, 216.93, 70.28, 0.00, 247.30, 1.57);
insert into SHOT values (1126, 1128, 1130, 2797, 0.91, 312.13, -59.01, 0.91, 312.13, -59.01, 0.00, 115.64, 0.86);
insert into SHOT values (1127, 1128, 1131, 2797, 0.84, 158.67, -27.08, 0.84, 158.67, -27.08, 0.00, 242.21, 1.34);
insert into SHOT values (1128, 1128, 1132, 2797, 1.37, 11.67, -2.61, 1.37, 11.67, -2.61, 0.00, 259.46, 0.39);
insert into SHOT values (1129, 1128, 1133, 2797, 2.11, 102.86, -15.19, 2.11, 102.86, -15.19, 0.00, 209.54, -0.34);
insert into SHOT values (1130, 1128, 1134, 2797, 5.10, 50.50, -20.05, 5.10, 50.50, -20.05, 0.00, 60.15, 1.47);
insert into SHOT values (1131, 1134, 1135, 2797, 6.59, 287.58, 84.06, 6.59, 287.58, 84.06, 0.00, 77.82, 0.00);
insert into SHOT values (1132, 1134, 1136, 2797, 1.04, 215.06, -58.72, 1.04, 215.06, -58.72, 0.00, 223.83, 0.92);
insert into SHOT values (1133, 1134, 1137, 2797, 1.15, 311.95, 20.98, 1.14, 311.95, 20.98, 0.00, 220.88, -5.68);
insert into SHOT values (1134, 1134, 1138, 2797, 4.40, 207.46, 9.29, 4.40, 207.46, 9.29, 0.00, 305.37, -0.58);
insert into SHOT values (1135, 1134, 1139, 2797, 0.73, 155.96, 11.73, 0.73, 155.96, 11.73, 0.00, 0.68, -2.53);
insert into SHOT values (1136, 1134, 1140, 2797, 4.13, 59.57, -4.33, 4.13, 59.57, -4.33, 0.00, 275.91, -2.95);
insert into SHOT values (1137, 1134, 1141, 2797, 6.32, 68.62, -4.56, 6.32, 68.62, -4.56, 0.00, 292.80, -0.17);
insert into SHOT values (1138, 1134, 1142, 2797, 10.08, 59.62, -3.10, 10.08, 59.62, -3.10, 0.00, 259.38, 0.79);
insert into SHOT values (1139, 1142, 1143, 2797, 7.79, 213.46, 72.08, 7.79, 213.46, 72.08, 0.00, 83.60, -0.68);
insert into SHOT values (1140, 1142, 1144, 2797, 0.58, 9.97, 44.64, 0.58, 9.97, 44.64, 0.00, 237.09, -0.54);
insert into SHOT values (1141, 1142, 1145, 2797, 6.35, 78.96, 0.00, 6.35, 78.96, 0.00, 0.00, 75.96, 0.00);
insert into SHOT values (1142, 1142, 1146, 2797, 6.07, 92.89, 1.63, 6.07, 92.89, 1.63, 0.00, 239.51, 1.04);
insert into SHOT values (1143, 1142, 1147, 2797, 10.37, 87.48, 6.37, 10.37, 87.48, 6.37, 0.00, 110.62, 1.19);
insert into SHOT values (1144, 1147, 1148, 2797, 6.80, 315.95, 74.17, 6.80, 315.95, 74.17, 0.00, 75.88, -0.89);
insert into SHOT values (1145, 1147, 1149, 2797, 2.37, 306.41, -56.36, 2.37, 306.41, -56.36, 0.00, 230.53, -0.57);
insert into SHOT values (1146, 1147, 1150, 2797, 1.53, 328.05, 4.99, 1.53, 328.05, 4.99, 0.00, 111.01, -0.70);
insert into SHOT values (1147, 1147, 1151, 2797, 0.36, 218.21, 0.84, 0.36, 218.21, 0.84, 0.00, 115.58, 0.72);
insert into SHOT values (1148, 1147, 1152, 2797, 2.31, 18.92, 8.18, 2.31, 18.92, 8.18, 0.00, 100.53, -1.28);
insert into SHOT values (1149, 1147, 1153, 2797, 2.87, 66.03, 18.14, 2.87, 66.03, 18.14, 0.00, 98.42, 0.42);
insert into SHOT values (1150, 1147, 1154, 2797, 3.29, 34.73, 24.87, 3.28, 34.73, 24.87, 0.00, 203.36, 1.79);
insert into SHOT values (1151, 1147, 1155, 2797, 7.08, 36.52, 42.72, 7.08, 36.52, 42.72, 0.00, 118.65, 0.00);
insert into SHOT values (1152, 1155, 1156, 2797, 1.94, 129.97, 58.52, 1.94, 129.97, 58.52, 0.00, 17.57, 0.43);
insert into SHOT values (1153, 1155, 1157, 2797, 1.59, 117.12, -66.74, 1.59, 117.12, -66.74, 0.00, 218.42, 1.49);
insert into SHOT values (1154, 1155, 1158, 2797, 3.72, 122.34, 2.31, 3.72, 122.34, 2.31, 0.00, 59.05, -0.39);
insert into SHOT values (1155, 1155, 1159, 2797, 0.56, 13.14, -36.68, 0.56, 13.14, -36.68, 0.00, 209.06, -2.40);
insert into SHOT values (1156, 1155, 1160, 2797, 7.76, 66.49, 0.04, 7.76, 66.49, 0.04, 0.00, 113.98, 0.69);
insert into SHOT values (1157, 1160, 1161, 2797, 2.30, 161.90, 59.35, 2.30, 161.90, 59.35, 0.00, 43.03, -0.19);
insert into SHOT values (1158, 1160, 1162, 2797, 3.12, 136.73, -51.40, 3.12, 136.73, -51.40, 0.00, 289.10, -0.80);
insert into SHOT values (1159, 1160, 1163, 2797, 2.86, 164.50, 1.76, 2.86, 164.50, 1.76, 0.00, 241.84, -0.79);
insert into SHOT values (1160, 1160, 1164, 2797, 2.25, 82.22, 28.29, 2.25, 82.22, 28.29, 0.00, 299.78, -0.32);
insert into SHOT values (1161, 1160, 1165, 2797, 2.60, 153.17, -2.88, 2.60, 153.17, -2.88, 0.00, 41.25, 1.66);
insert into SHOT values (1162, 1160, 1166, 2797, 1.92, 109.39, -4.62, 1.92, 109.39, -4.62, 0.00, 247.64, 0.53);
insert into SHOT values (1163, 1160, 1167, 2797, 6.08, 180.36, 21.64, 6.07, 180.36, 21.64, 0.00, 272.85, 0.71);
insert into SHOT values (1164, 1160, 1168, 2797, 6.27, 114.61, -2.45, 6.27, 114.61, -2.45, 0.00, 114.95, -1.71);
insert into SHOT values (1165, 1160, 1169, 2797, 4.35, 143.62, -5.00, 4.35, 143.62, -5.00, 0.00, 88.62, 0.39);
insert into SHOT values (1166, 1160, 1170, 2797, 7.88, 125.10, 4.69, 7.88, 125.10, 4.69, 0.00, 349.29, -1.90);
insert into SHOT values (1167, 1170, 1171, 2797, 1.02, 195.69, 56.69, 1.03, 195.69, 56.69, 0.00, 150.99, 0.19);
insert into SHOT values (1168, 1170, 1172, 2797, 2.81, 200.07, -62.08, 2.81, 200.07, -62.08, 0.00, 279.57, 1.21);
insert into SHOT values (1169, 1170, 1173, 2797, 1.02, 43.29, -19.67, 1.02, 43.29, -19.67, 0.00, 274.84, 0.74);
insert into SHOT values (1170, 1170, 1174, 2797, 3.18, 215.51, 5.98, 3.18, 215.51, 5.98, 0.00, 75.94, 0.95);
insert into SHOT values (1171, 1170, 1175, 2797, 6.36, 200.26, 9.14, 6.36, 200.26, 9.14, 0.00, 52.59, 0.09);
insert into SHOT values (1172, 1170, 1176, 2797, 5.27, 132.90, 13.23, 5.27, 132.90, 13.23, 0.00, 127.50, 0.53);
insert into SHOT values (1173, 1170, 1177, 2797, 9.81, 158.46, -27.52, 9.81, 158.46, -27.52, 0.00, 282.18, -1.39);
insert into SHOT values (1174, 1177, 1178, 2797, 5.14, 59.74, 73.15, 5.14, 59.74, 73.15, 0.00, 42.02, 2.41);
insert into SHOT values (1175, 1177, 1179, 2797, 1.59, 45.44, -56.23, 1.59, 45.44, -56.23, 0.00, 67.78, 0.59);
insert into SHOT values (1176, 1177, 1180, 2797, 3.17, 74.15, 7.14, 3.18, 74.15, 7.14, 0.00, 103.94, -1.61);
insert into SHOT values (1177, 1177, 1181, 2797, 0.67, 304.33, 15.31, 0.67, 304.33, 15.31, 0.00, 221.29, 0.04);
insert into SHOT values (1178, 1177, 1182, 2797, 2.81, 318.04, 4.71, 2.81, 318.04, 4.71, 0.00, 28.71, -0.27);
insert into SHOT values (1179, 1177, 1183, 2797, 4.46, 346.79, 7.92, 4.46, 346.79, 7.92, 0.00, 91.62, -0.73);
insert into SHOT values (1180, 1177, 1184, 2797, 4.22, 129.64, 3.48, 4.22, 129.64, 3.48, 0.00, 81.87, -0.87);
insert into SHOT values (1181, 1177, 1185, 2797, 4.59, 174.15, 4.94, 4.58, 174.15, 4.94, 0.00, 62.82, 0.88);
insert into SHOT values (1182, 1177, 1186, 2797, 7.05, 161.35, 12.71, 7.05, 161.35, 12.71, 0.00, 69.29, -0.33);
insert into SHOT values (1183, 1186, 1187, 2797, 4.91, 137.77, 74.12, 4.91, 137.77, 74.12, 0.00, 52.40, -0.53);
insert into SHOT values (1184, 1186, 1188, 2797, 0.70, 271.14, 43.70, 0.70, 271.14, 43.70, 0.00, 97.37, 0.07);
insert into SHOT values (1185, 1186, 1189, 2797, 4.08, 71.95, 52.31, 4.08, 71.95, 52.31, 0.00, 124.34, -0.37);
insert into SHOT values (1186, 1186, 1190, 2797, 3.02, 271.17, 60.46, 3.02, 271.17, 60.46, 0.00, 251.77, -0.56);
insert into SHOT values (1187, 1186, 1191, 2797, 3.32, 147.61, -47.39, 3.32, 147.61, -47.39, 0.00, 83.02, -0.45);
insert into SHOT values (1188, 1186, 1192, 2797, 2.29, 11.93, -8.10, 2.29, 11.93, -8.10, 0.00, 266.90, -1.44);
insert into SHOT values (1189, 1186, 1193, 2797, 6.08, 333.78, -13.99, 6.08, 333.78, -13.99, 0.00, 23.24, 1.18);
insert into SHOT values (1190, 1186, 1194, 2797, 8.75, 152.34, -7.05, 8.75, 152.34, -7.05, 0.00, 29.68, -0.40);
insert into SHOT values (1191, 1194, 1195, 2797, 5.61, 80.58, 68.89, 5.61, 80.58, 68.89, 0.00, 105.85, -0.28);
insert into SHOT values (1192, 1194, 1196, 2797, 1.96, 311.53, -64.90, 1.96, 311.53, -64.90, 0.00, 63.72, -0.70);
insert into SHOT values (1193, 1194, 1197, 2797, 1.09, 23.04, 5.09, 1.09, 23.04, 5.09, 0.00, 288.55, 1.27);
insert into SHOT values (1194, 1194, 1198, 2797, 2.67, 331.62, -3.71, 2.67, 331.62, -3.71, 0.00, 323.09, 1.39);
insert into SHOT values (1195, 1194, 1199, 2797, 5.46, 311.76, -9.21, 5.46, 311.76, -9.21, 0.00, 296.75, 0.83);
insert into SHOT values (1196, 1194, 1200, 2797, 0.91, 200.92, -65.28, 0.91, 200.92, -65.28, 0.00, 122.71, 0.37);
insert into SHOT values (1197, 1194, 1201, 2797, 1.58, 80.17, -3.16, 1.58, 80.17, -3.16, 0.00, 265.04, -0.02);
insert into SHOT values (1198, 1194, 1202, 2797, 1.58, 80.00, -3.30, 1.58, 80.00, -3.30, 0.00, 200.73, -0.88);
insert into SHOT values (1199, 1202, 1203, 2797, 5.28, 193.92, 77.74, 5.28, 193.92, 77.74, 0.00, 161.70, -3.51);
insert into SHOT values (1200, 1202, 1204, 2797, 1.19, 231.74, -72.32, 1.19, 231.74, -72.32, 0.00, 336.38, 1.70);
insert into SHOT values (1201, 1202, 1205, 2797, 1.27, 195.80, 9.56, 1.27, 195.80, 9.56, 0.00, 132.55, 0.64);
insert into SHOT values (1202, 1202, 1206, 2797, 0.53, 95.97, 42.01, 0.53, 95.97, 42.01, 0.00, 261.85, -0.98);
insert into SHOT values (1203, 1202, 1207, 2797, 7.38, 153.62, 6.00, 7.38, 153.62, 6.00, 0.00, 271.53, 0.96);
insert into SHOT values (1204, 1207, 1208, 2797, 5.08, 27.34, 66.14, 5.08, 27.34, 66.14, 0.00, 94.54, 0.53);
insert into SHOT values (1205, 1207, 1209, 2797, 6.29, 12.26, 35.52, 6.28, 12.26, 35.52, 0.00, 124.08, -0.64);
insert into SHOT values (1206, 1207, 1210, 2797, 2.26, 150.27, 56.47, 2.26, 150.27, 56.47, 0.00, 140.79, 0.67);
insert into SHOT values (1207, 1207, 1211, 2797, 1.45, 48.24, -68.09, 1.45, 48.24, -68.09, 0.00, 298.48, -0.46);
insert into SHOT values (1208, 1207, 1212, 2797, 1.18, 5.36, -11.01, 1.18, 5.36, -11.01, 0.00, 210.99, -2.28);
insert into SHOT values (1209, 1207, 1213, 2797, 2.48, 286.40, -34.27, 2.48, 286.40, -34.27, 0.00, 251.05, -0.53);
insert into SHOT values (1210, 1207, 1214, 2797, 3.91, 325.87, -12.82, 3.91, 325.87, -12.82, 0.00, 257.66, 0.30);
insert into SHOT values (1211, 1207, 1215, 2797, 5.54, 77.80, 11.69, 5.54, 77.80, 11.69, 0.00, 158.33, 4.92);
insert into SHOT values (1212, 1207, 1216, 2797, 11.44, 66.20, 13.84, 11.44, 66.20, 13.84, 0.00, 129.56, -2.40);
insert into SHOT values (1213, 1216, 1217, 2797, 2.17, 221.48, 82.11, 2.17, 221.48, 82.11, 0.00, 264.01, -1.92);
insert into SHOT values (1214, 1216, 1218, 2797, 3.15, 158.87, 29.98, 3.15, 158.87, 29.98, 0.00, 271.22, -1.37);
insert into SHOT values (1215, 1216, 1219, 2797, 3.57, 329.21, 21.09, 3.57, 329.21, 21.09, 0.00, 147.33, 2.62);
insert into SHOT values (1216, 1216, 1220, 2797, 1.35, 246.41, -73.22, 1.35, 246.41, -73.22, 0.00, 116.27, 0.22);
insert into SHOT values (1217, 1216, 1221, 2797, 3.46, 51.61, -22.02, 3.46, 51.61, -22.02, 0.00, 163.42, -0.21);
insert into SHOT values (1218, 1216, 1222, 2797, 3.42, 66.26, -24.82, 3.43, 66.26, -24.82, 0.00, 123.35, -0.22);
insert into SHOT values (1219, 1216, 1223, 2797, 5.20, 73.25, 13.22, 5.20, 73.25, 13.22, 0.00, 223.19, 1.28);
insert into SHOT values (1220, 1223, 1224, 2797, 1.16, 294.87, -49.21, 1.16, 294.87, -49.21, 0.00, 139.30, -1.64);
insert into SHOT values (1221, 1223, 1225, 2797, 1.10, 354.88, 53.53, 1.10, 354.88, 53.53, 0.00, 102.07, 0.63);
insert into SHOT values (1222, 1223, 1226, 2797, 4.62, 345.78, 9.12, 4.62, 345.78, 9.12, 0.00, 59.03, 0.09);
insert into SHOT values (1223, 1223, 1227, 2797, 2.17, 153.03, 11.27, 2.17, 153.03, 11.27, 0.00, 182.89, 3.10);
insert into SHOT values (1224, 1223, 1228, 2797, 13.11, 54.60, 2.30, 13.11, 54.60, 2.30, 0.00, 57.91, -1.35);
insert into SHOT values (1225, 1228, 1229, 2797, 0.42, 197.39, -25.21, 0.42, 197.39, -25.21, 0.00, 221.55, -2.19);
insert into SHOT values (1226, 1228, 1230, 2797, 0.81, 148.62, 67.19, 0.81, 148.62, 67.19, 0.00, 28.01, -0.98);
insert into SHOT values (1227, 1228, 1231, 2797, 5.30, 164.30, 7.83, 5.31, 164.30, 7.83, 0.00, 112.62, -0.13);
insert into SHOT values (1228, 1228, 1232, 2797, 2.03, 355.74, 12.53, 2.03, 355.74, 12.53, 0.00, 199.06, 0.27);
insert into SHOT values (1229, 1228, 1233, 2797, 3.55, 58.88, -1.79, 3.55, 58.88, -1.79, 0.00, 227.12, 3.99);
insert into SHOT values (1230, 1228, 1234, 2797, 13.33, 77.53, 4.27, 13.33, 77.53, 4.27, 0.00, 213.69, 0.00);
insert into SHOT values (1231, 1228, 1235, 2797, 8.63, 85.02, -11.55, 8.63, 85.02, -11.55, 0.00, 348.89, 2.07);
insert into SURVEY values (2799, 53, 'connection', 'connection.Mountaineye', NULL);
 insert into CENTRELINE values (2800, 2799, NULL, NULL, NULL, 0.00, 0.00, 0.00);
 insert into SCRAPS values (2801, 2799, 'Highlinewalls', 1);
 insert into SCRAPS values (3138, 2799, 'ancientwalls', 1);
 insert into SCRAPS values (3985, 2799, 'fossiltrunkwalls', 1);
 insert into SCRAPS values (4003, 2799, 'superwalls', 1);
 insert into SCRAPS values (4148, 2799, 'bellywalls', 1);
 insert into MAPS values (4192, 2799, 'connection', NULL, 1, 1167.940, 54.457);
 insert into MAPITEMS values (4192, 4, 2801);
 insert into MAPITEMS values (4192, 4, 3138);
 insert into MAPITEMS values (4192, 4, 3985);
 insert into MAPITEMS values (4192, 4, 4003);
 insert into MAPITEMS values (4192, 4, 4148);
 insert into CENTRELINE values (4193, 2799, NULL, '2006-10-09', NULL, 1167.94, 0.00, 0.00);
 insert into SHOT values (1232, 1236, 1237, 4193, 0.00, 0.00, 0.00, 0.00, 90.00, 0.00, 0.00, 90.00, 0.00);
insert into SHOT values (1233, 1236, 1238, 4193, 9.43, 250.44, 0.64, 9.43, 250.44, 0.64, 0.00, 306.47, 0.13);
insert into SHOT values (1234, 1238, 1239, 4193, 4.14, 222.63, 59.55, 4.14, 222.63, 59.55, 0.00, 128.34, -1.88);
insert into SHOT values (1235, 1238, 1240, 4193, 0.00, 0.00, 0.00, 0.00, 90.00, 0.00, 0.00, 90.00, 0.00);
insert into SHOT values (1236, 1238, 1241, 4193, 1.03, 160.64, -0.24, 1.03, 160.64, -0.24, 0.00, 308.22, 3.92);
insert into SHOT values (1237, 1238, 1242, 4193, 1.26, 163.33, -84.53, 1.26, 163.33, -84.53, 0.00, 330.20, -1.20);
insert into SHOT values (1238, 1238, 1243, 4193, 5.98, 204.14, 85.95, 5.98, 204.14, 85.95, 0.00, 239.93, 0.00);
insert into SHOT values (1239, 1239, 1244, 4193, 0.00, 0.00, 0.00, 0.00, 90.00, 0.00, 0.00, 90.00, 0.00);
insert into SHOT values (1240, 1239, 1245, 4193, 7.59, 277.70, 36.38, 7.59, 277.70, 36.38, 0.00, 105.45, 0.68);
insert into SHOT values (1241, 1239, 1246, 4193, 0.00, 0.00, 0.00, 0.00, 90.00, 0.00, 0.00, 90.00, 0.00);
insert into SHOT values (1242, 1239, 1247, 4193, 1.26, 342.18, 1.82, 1.27, 342.18, 1.82, 0.00, 281.14, 0.18);
insert into SHOT values (1243, 1239, 1248, 4193, 4.57, 88.68, -87.67, 4.57, 88.68, -87.67, 0.00, 140.58, -1.31);
insert into SHOT values (1244, 1239, 1249, 4193, 5.44, 307.10, 74.05, 5.44, 307.10, 74.05, 0.00, 90.58, -1.39);
insert into SHOT values (1245, 1245, 1250, 4193, 0.00, 0.00, 0.00, 0.00, 90.00, 0.00, 0.00, 90.00, 0.00);
insert into SHOT values (1246, 1245, 1251, 4193, 2.44, 344.12, 1.94, 2.44, 344.12, 1.94, 0.00, 346.64, 1.15);
insert into SHOT values (1247, 1245, 1252, 4193, 3.86, 158.65, -0.71, 3.86, 158.65, -0.71, 0.00, 114.51, -1.36);
insert into SHOT values (1248, 1245, 1253, 4193, 1.58, 132.25, -86.49, 1.58, 132.25, -86.49, 0.00, 271.32, -0.93);
insert into SHOT values (1249, 1245, 1254, 4193, 3.88, 105.64, -39.69, 3.88, 105.64, -39.69, 0.00, 87.72, 0.78);
insert into SHOT values (1250, 1245, 1255, 4193, 4.25, 83.69, -39.42, 4.25, 83.69, -39.42, 0.00, 97.35, -3.09);
insert into SHOT values (1251, 1245, 1256, 4193, 10.39, 90.60, -3.20, 10.39, 90.60, -3.20, 0.00, 267.06, 0.24);
insert into SHOT values (1252, 1245, 1257, 4193, 11.54, 67.89, -2.59, 11.54, 67.89, -2.59, 0.00, 58.78, 2.69);
insert into SHOT values (1253, 1245, 1258, 4193, 27.54, 242.95, -0.58, 27.54, 242.95, -0.58, 0.00, 222.27, -0.82);
insert into SHOT values (1254, 1258, 1259, 4193, 8.15, 46.07, -0.65, 8.15, 46.07, -0.65, 0.00, 278.13, 0.47);
insert into SHOT values (1255, 1258, 1260, 4193, 7.09, 22.32, -1.69, 7.09, 22.32, -1.69, 0.00, 37.87, -4.23);
insert into SHOT values (1256, 1258, 1261, 4193, 5.29, 74.34, 3.75, 5.29, 74.34, 3.75, 0.00, 152.54, 0.18);
insert into SHOT values (1257, 1258, 1262, 4193, 8.44, 44.73, -4.38, 8.44, 44.73, -4.38, 0.00, 62.81, -0.80);
insert into SHOT values (1258, 1258, 1263, 4193, 1.14, 164.03, 8.58, 1.14, 164.03, 8.58, 0.00, 81.31, -1.78);
insert into SHOT values (1259, 1258, 1264, 4193, 4.68, 331.70, -3.33, 4.68, 331.70, -3.33, 0.00, 69.37, 1.14);
insert into SHOT values (1260, 1258, 1265, 4193, 1.02, 348.89, 53.12, 1.02, 348.89, 53.12, 0.00, 36.88, -1.36);
insert into SHOT values (1261, 1258, 1266, 4193, 2.55, 317.19, -31.27, 2.55, 317.19, -31.27, 0.00, 136.79, -0.78);
insert into SHOT values (1262, 1258, 1267, 4193, 15.32, 262.05, -0.55, 15.32, 262.05, -0.55, 0.00, 92.86, -0.38);
insert into SHOT values (1263, 1267, 1268, 4193, 5.56, 17.46, -2.69, 5.56, 17.46, -2.69, 0.00, 282.90, 1.72);
insert into SHOT values (1264, 1267, 1269, 4193, 0.53, 71.29, 50.02, 0.53, 71.29, 50.02, 0.00, 15.32, 1.46);
insert into SHOT values (1265, 1267, 1270, 4193, 0.75, 349.40, -43.39, 0.75, 349.40, -43.39, 0.00, 10.98, -0.67);
insert into SHOT values (1266, 1267, 1271, 4193, 1.41, 158.05, 10.55, 1.41, 158.05, 10.55, 0.00, 71.27, 0.00);
insert into SHOT values (1267, 1267, 1272, 4193, 11.40, 86.00, -3.88, 11.40, 86.00, -3.88, 0.00, 298.60, -1.14);
insert into SHOT values (1268, 1267, 1273, 4193, 8.37, 97.87, 0.27, 8.37, 97.87, 0.27, 0.00, 274.51, 0.04);
insert into SHOT values (1269, 1267, 1274, 4193, 9.09, 69.17, -2.87, 9.09, 69.17, -2.87, 0.00, 276.84, -0.57);
insert into SHOT values (1270, 1267, 1275, 4193, 18.07, 291.62, -1.08, 18.08, 291.62, -1.08, 0.00, 249.56, -0.32);
insert into SHOT values (1271, 1275, 1276, 4193, 4.13, 40.10, -0.90, 4.13, 40.10, -0.90, 0.00, 95.43, 0.80);
insert into SHOT values (1272, 1275, 1277, 4193, 1.98, 227.59, 27.63, 1.98, 227.59, 27.63, 0.00, 0.00, -0.98);
insert into SHOT values (1273, 1275, 1278, 4193, 0.89, 58.40, 59.51, 0.88, 58.40, 59.51, 0.00, 284.70, 0.40);
insert into SHOT values (1274, 1275, 1279, 4193, 0.58, 42.20, -20.29, 0.58, 42.20, -20.29, 0.00, 44.18, 1.95);
insert into SHOT values (1275, 1275, 1280, 4193, 11.72, 96.10, 0.80, 11.72, 96.10, 0.80, 0.00, 290.98, 1.10);
insert into SHOT values (1276, 1275, 1281, 4193, 9.02, 322.77, 2.79, 9.02, 322.77, 2.79, 0.00, 79.35, 0.13);
insert into SHOT values (1277, 1281, 1282, 4193, 3.18, 203.10, -3.51, 3.18, 203.10, -3.51, 0.00, 140.61, 0.46);
insert into SHOT values (1278, 1281, 1283, 4193, 1.44, 202.30, 19.03, 1.44, 202.30, 19.03, 0.00, 138.30, 0.24);
insert into SHOT values (1279, 1281, 1284, 4193, 1.49, 218.99, -39.15, 1.49, 218.99, -39.15, 0.00, 144.19, 1.27);
insert into SHOT values (1280, 1281, 1285, 4193, 0.95, 21.85, 6.06, 0.95, 21.85, 6.06, 0.00, 278.64, -1.63);
insert into SHOT values (1281, 1281, 1286, 4193, 12.80, 281.68, -1.96, 12.80, 281.68, -1.96, 0.00, 154.86, 1.62);
insert into SHOT values (1282, 1286, 1287, 4193, 3.17, 30.63, -0.39, 3.16, 30.63, -0.39, 0.00, 124.14, 0.94);
insert into SHOT values (1283, 1286, 1288, 4193, 0.44, 206.78, 31.30, 0.44, 206.78, 31.30, 0.00, 122.48, -0.35);
insert into SHOT values (1284, 1286, 1289, 4193, 2.08, 26.84, -21.02, 2.08, 26.84, -21.02, 0.00, 349.03, -0.94);
insert into SHOT values (1285, 1286, 1290, 4193, 1.95, 40.43, 25.88, 1.95, 40.43, 25.88, 0.00, 4.03, -0.98);
insert into SHOT values (1286, 1286, 1291, 4193, 3.75, 12.98, 0.90, 3.75, 12.98, 0.90, 0.00, 66.04, -0.94);
insert into SHOT values (1287, 1286, 1292, 4193, 5.22, 78.23, 0.54, 5.22, 78.23, 0.54, 0.00, 299.97, -0.53);
insert into SHOT values (1288, 1286, 1293, 4193, 9.97, 356.65, -0.36, 9.97, 356.65, -0.36, 0.00, 329.94, 1.63);
insert into SHOT values (1289, 1293, 1294, 4193, 1.07, 78.93, -5.12, 1.07, 78.93, -5.12, 0.00, 298.84, 0.10);
insert into SHOT values (1290, 1293, 1295, 4193, 4.26, 262.44, 16.62, 4.26, 262.44, 16.62, 0.00, 253.22, -0.92);
insert into SHOT values (1291, 1293, 1296, 4193, 2.00, 224.58, 36.97, 2.00, 224.58, 36.97, 0.00, 23.25, 0.00);
insert into SHOT values (1292, 1293, 1297, 4193, 1.61, 208.75, -28.06, 1.61, 208.75, -28.06, 0.00, 108.66, -0.05);
insert into SHOT values (1293, 1293, 1298, 4193, 4.78, 176.74, 11.10, 4.78, 176.74, 11.10, 0.00, 296.19, -0.19);
insert into SHOT values (1294, 1293, 1299, 4193, 7.69, 193.76, 6.17, 7.69, 193.76, 6.17, 0.00, 276.48, 3.07);
insert into SHOT values (1295, 1293, 1300, 4193, 13.18, 310.56, -1.97, 13.18, 310.56, -1.97, 0.00, 75.53, -0.82);
insert into SHOT values (1296, 1300, 1301, 4193, 0.50, 238.89, -7.36, 0.49, 238.89, -7.36, 0.00, 109.46, -0.48);
insert into SHOT values (1297, 1300, 1302, 4193, 3.06, 56.54, -0.97, 3.06, 56.54, -0.97, 0.00, 64.68, 7.34);
insert into SHOT values (1298, 1300, 1303, 4193, 1.74, 109.35, 40.81, 1.74, 109.35, 40.81, 0.00, 96.16, 1.80);
insert into SHOT values (1299, 1300, 1304, 4193, 1.67, 42.13, -22.88, 1.67, 42.13, -22.88, 0.00, 115.93, 0.05);
insert into SHOT values (1300, 1300, 1305, 4193, 11.72, 345.97, 3.44, 11.72, 345.97, 3.44, 0.00, 299.34, 0.31);
insert into SHOT values (1301, 1305, 1306, 4193, 0.60, 235.84, 80.76, 0.60, 235.84, 80.76, 0.00, 69.50, 0.97);
insert into SHOT values (1302, 1305, 1307, 4193, 1.59, 246.20, -69.01, 1.59, 246.20, -69.01, 0.00, 228.58, -0.95);
insert into SHOT values (1303, 1305, 1308, 4193, 1.86, 12.51, 13.31, 1.86, 12.51, 13.31, 0.00, 96.38, 0.61);
insert into SHOT values (1304, 1305, 1309, 4193, 0.84, 235.87, -0.96, 0.84, 235.87, -0.96, 0.00, 224.56, -1.83);
insert into SHOT values (1305, 1305, 1310, 4193, 4.25, 313.96, -2.71, 4.25, 313.96, -2.71, 0.00, 65.44, 0.25);
insert into SHOT values (1306, 1305, 1311, 4193, 6.73, 292.30, -14.16, 6.73, 292.30, -14.16, 0.00, 241.85, 0.70);
insert into SHOT values (1307, 1305, 1312, 4193, 14.31, 324.65, -1.90, 14.31, 324.65, -1.90, 0.00, 249.44, -0.61);
insert into SHOT values (1308, 1312, 1313, 4193, 1.08, 108.61, -2.33, 1.08, 108.61, -2.33, 0.00, 336.09, -1.16);
insert into SHOT values (1309, 1312, 1314, 4193, 1.13, 111.23, 76.91, 1.13, 111.23, 76.91, 0.00, 99.70, -2.39);
insert into SHOT values (1310, 1312, 1315, 4193, 1.45, 119.61, -69.51, 1.45, 119.61, -69.51, 0.00, 84.30, 0.46);
insert into SHOT values (1311, 1312, 1316, 4193, 0.24, 299.84, 26.67, 0.24, 299.84, 26.67, 0.00, 200.69, -2.86);
insert into SHOT values (1312, 1312, 1317, 4193, 1.49, 284.43, -3.54, 1.49, 284.43, -3.54, 0.00, 84.99, 0.51);
insert into SHOT values (1313, 1312, 1318, 4193, 17.05, 68.24, -0.71, 17.05, 68.24, -0.71, 0.00, 270.33, 0.73);
insert into SHOT values (1314, 1318, 1319, 4193, 0.94, 350.49, 1.44, 0.95, 350.49, 1.44, 0.00, 72.23, 0.99);
insert into SHOT values (1315, 1318, 1320, 4193, 0.74, 166.70, 5.89, 0.74, 166.70, 5.89, 0.00, 293.05, -0.68);
insert into SHOT values (1316, 1318, 1321, 4193, 0.72, 116.83, -79.38, 0.72, 116.83, -79.38, 0.00, 35.37, 0.89);
insert into SHOT values (1317, 1318, 1322, 4193, 1.91, 149.04, 73.16, 1.91, 149.04, 73.16, 0.00, 235.67, -1.42);
insert into SHOT values (1318, 1318, 1323, 4193, 4.03, 85.81, 23.85, 4.02, 85.81, 23.85, 0.00, 204.94, -1.38);
insert into SHOT values (1319, 1318, 1324, 4193, 10.58, 271.21, -4.02, 10.58, 271.21, -4.02, 0.00, 347.04, -1.73);
insert into SHOT values (1320, 1324, 1325, 4193, 0.98, 131.41, -8.09, 0.99, 131.41, -8.09, 0.00, 87.60, -1.21);
insert into SHOT values (1321, 1324, 1326, 4193, 4.39, 289.98, -3.47, 4.39, 289.98, -3.47, 0.00, 99.59, 0.86);
insert into SHOT values (1322, 1324, 1327, 4193, 2.58, 104.71, 73.26, 2.58, 104.71, 73.26, 0.00, 262.10, 0.98);
insert into SHOT values (1323, 1324, 1328, 4193, 0.47, 174.14, -77.87, 0.47, 174.14, -77.87, 0.00, 74.12, -0.32);
insert into SHOT values (1324, 1324, 1329, 4193, 1.68, 79.87, 5.87, 1.68, 79.87, 5.87, 0.00, 66.54, -0.89);
insert into SHOT values (1325, 1324, 1330, 4193, 7.13, 64.81, 8.24, 7.14, 64.81, 8.24, 0.00, 68.10, 0.45);
insert into SHOT values (1326, 1330, 1331, 4193, 0.74, 331.09, 1.59, 0.74, 331.09, 1.59, 0.00, 256.83, -0.81);
insert into SHOT values (1327, 1330, 1332, 4193, 0.95, 6.17, 77.37, 0.95, 6.17, 77.37, 0.00, 245.16, 0.93);
insert into SHOT values (1328, 1330, 1333, 4193, 1.54, 355.79, -78.93, 1.55, 355.79, -78.93, 0.00, 281.05, -1.13);
insert into SHOT values (1329, 1330, 1334, 4193, 17.47, 73.66, 1.30, 17.47, 73.66, 1.30, 0.00, 317.73, -0.27);
insert into SHOT values (1330, 1334, 1335, 4193, 0.91, 335.75, 3.25, 0.91, 335.75, 3.25, 0.00, 111.32, 0.22);
insert into SHOT values (1331, 1334, 1336, 4193, 0.95, 333.68, 67.63, 0.95, 333.68, 67.63, 0.00, 296.87, 1.53);
insert into SHOT values (1332, 1334, 1337, 4193, 2.28, 266.61, -32.74, 2.28, 266.61, -32.74, 0.00, 74.14, -0.72);
insert into SHOT values (1333, 1334, 1338, 4193, 2.02, 265.80, -9.22, 2.02, 265.80, -9.22, 0.00, 139.07, 0.63);
insert into SHOT values (1334, 1334, 1339, 4193, 17.34, 271.61, -2.83, 17.34, 271.61, -2.83, 0.00, 147.55, -0.82);
insert into SHOT values (1335, 1339, 1340, 4193, 0.70, 187.40, -1.24, 0.70, 187.40, -1.24, 0.00, 306.47, 0.99);
insert into SHOT values (1336, 1339, 1341, 4193, 2.95, 237.95, 5.36, 2.95, 237.95, 5.36, 0.00, 304.61, 0.31);
insert into SHOT values (1337, 1339, 1342, 4193, 1.97, 44.51, 24.58, 1.97, 44.51, 24.58, 0.00, 95.04, -0.74);
insert into SHOT values (1338, 1339, 1343, 4193, 1.51, 2.50, 3.49, 1.51, 2.50, 3.49, 0.00, 98.95, 0.80);
insert into SHOT values (1339, 1339, 1344, 4193, 1.27, 289.68, 75.32, 1.27, 289.68, 75.32, 0.00, 94.07, 0.92);
insert into SHOT values (1340, 1339, 1345, 4193, 1.28, 237.09, -78.95, 1.28, 237.09, -78.95, 0.00, 100.38, 1.76);
insert into SHOT values (1341, 1339, 1346, 4193, 1.69, 278.55, -2.23, 1.69, 278.55, -2.23, 0.00, 76.20, -0.47);
insert into SHOT values (1342, 1346, 1347, 4193, 2.17, 326.48, -33.29, 2.17, 326.48, -33.29, 0.00, 131.13, 1.05);
insert into SHOT values (1343, 1346, 1348, 4193, 2.17, 160.25, -29.05, 2.17, 160.25, -29.05, 0.00, 202.48, -1.79);
insert into SHOT values (1344, 1346, 1349, 4193, 1.62, 136.92, 62.82, 1.62, 136.92, 62.82, 0.00, 289.72, -0.18);
insert into SHOT values (1345, 1346, 1350, 4193, 1.68, 301.28, -72.52, 1.68, 301.28, -72.52, 0.00, 147.89, 2.13);
insert into SHOT values (1346, 1346, 1351, 4193, 5.92, 258.83, 7.27, 5.92, 258.83, 7.27, 0.00, 279.88, 1.26);
insert into SHOT values (1347, 1351, 1352, 4193, 0.64, 13.66, 60.11, 0.64, 13.66, 60.11, 0.00, 114.94, 0.19);
insert into SHOT values (1348, 1351, 1353, 4193, 1.05, 22.04, -65.17, 1.05, 22.04, -65.17, 0.00, 163.50, 0.07);
insert into SHOT values (1349, 1351, 1354, 4193, 3.35, 4.51, -10.52, 3.35, 4.51, -10.52, 0.00, 50.78, 2.14);
insert into SHOT values (1350, 1351, 1355, 4193, 7.77, 273.08, -11.44, 7.77, 273.08, -11.44, 0.00, 30.35, -1.43);
insert into SHOT values (1351, 1355, 1356, 4193, 2.60, 73.25, 49.79, 2.60, 73.25, 49.79, 0.00, 119.04, 0.65);
insert into SHOT values (1352, 1355, 1357, 4193, 0.72, 48.38, -55.27, 0.72, 48.38, -55.27, 0.00, 21.65, -1.68);
insert into SHOT values (1353, 1355, 1358, 4193, 0.38, 219.62, -7.12, 0.38, 219.62, -7.12, 0.00, 177.85, 3.13);
insert into SHOT values (1354, 1355, 1359, 4193, 3.36, 78.37, 8.85, 3.36, 78.37, 8.85, 0.00, 118.66, 0.23);
insert into SHOT values (1355, 1355, 1360, 4193, 4.47, 66.25, 18.20, 4.47, 66.25, 18.20, 0.00, 167.17, -1.78);
insert into SHOT values (1356, 1355, 1361, 4193, 3.05, 49.63, -6.70, 3.05, 49.63, -6.70, 0.00, 123.86, 0.23);
insert into SHOT values (1357, 1361, 1362, 4193, 3.38, 248.31, 2.08, 3.38, 248.31, 2.08, 0.00, 292.08, -0.19);
insert into SHOT values (1358, 1361, 1363, 4193, 0.59, 278.86, 32.38, 0.59, 278.86, 32.38, 0.00, 84.17, 0.16);
insert into SHOT values (1359, 1361, 1364, 4193, 1.18, 266.65, -41.74, 1.18, 266.65, -41.74, 0.00, 300.77, 0.56);
insert into SHOT values (1360, 1361, 1365, 4193, 7.15, 317.06, 0.65, 7.15, 317.06, 0.65, 0.00, 279.61, -1.15);
insert into SHOT values (1361, 1365, 1366, 4193, 1.27, 308.05, -8.50, 1.27, 308.05, -8.50, 0.00, 258.10, 1.32);
insert into SHOT values (1362, 1365, 1367, 4193, 2.06, 125.24, 7.96, 2.06, 125.24, 7.96, 0.00, 54.65, -0.99);
insert into SHOT values (1363, 1365, 1368, 4193, 2.07, 53.72, -65.39, 2.07, 53.72, -65.39, 0.00, 105.43, 3.47);
insert into SHOT values (1364, 1365, 1369, 4193, 1.33, 157.99, 61.50, 1.33, 157.99, 61.50, 0.00, 270.34, 0.09);
insert into SHOT values (1365, 1365, 1370, 4193, 2.90, 93.96, 3.69, 2.90, 93.96, 3.69, 0.00, 240.68, 4.49);
insert into SHOT values (1366, 1365, 1371, 4193, 1.91, 218.51, -8.00, 1.91, 218.51, -8.00, 0.00, 330.00, -1.70);
insert into SHOT values (1367, 1365, 1372, 4193, 9.54, 60.65, -5.20, 9.54, 60.65, -5.20, 0.00, 259.52, -0.56);
insert into SHOT values (1368, 1372, 1373, 4193, 1.06, 315.71, 4.87, 1.06, 315.71, 4.87, 0.00, 271.83, -0.85);
insert into SHOT values (1369, 1372, 1374, 4193, 3.52, 226.33, 20.06, 3.52, 226.33, 20.06, 0.00, 323.34, -0.71);
insert into SHOT values (1370, 1372, 1375, 4193, 2.50, 275.08, 85.25, 2.50, 275.08, 85.25, 0.00, 180.36, 1.64);
insert into SHOT values (1371, 1372, 1376, 4193, 21.27, 340.78, -81.08, 21.27, 340.78, -81.08, 0.00, 208.50, 0.00);
insert into SHOT values (1372, 1372, 1377, 4193, 21.15, 331.58, -81.30, 21.15, 331.58, -81.30, 0.00, 266.92, -1.17);
insert into SHOT values (1373, 1377, 1378, 4193, 3.52, 52.50, 9.95, 3.52, 52.50, 9.95, 0.00, 59.00, -0.73);
insert into SHOT values (1374, 1377, 1379, 4193, 6.94, 241.84, 15.88, 6.94, 241.84, 15.88, 0.00, 239.12, 0.44);
insert into SHOT values (1375, 1377, 1380, 4193, 22.50, 135.92, 81.72, 22.50, 135.92, 81.72, 0.00, 203.61, -2.29);
insert into SHOT values (1376, 1377, 1381, 4193, 0.35, 299.14, -53.28, 0.35, 299.14, -53.28, 0.00, 298.60, -0.17);
insert into SHOT values (1377, 1377, 1382, 4193, 5.41, 331.27, 17.83, 5.41, 331.27, 17.83, 0.00, 305.97, -0.19);
insert into SHOT values (1378, 1377, 1383, 4193, 4.45, 28.00, 25.42, 4.45, 28.00, 25.42, 0.00, 252.03, 0.67);
insert into SHOT values (1379, 1377, 1384, 4193, 5.40, 69.05, 22.07, 5.40, 69.05, 22.07, 0.00, 292.83, 0.00);
insert into SHOT values (1380, 1377, 1385, 4193, 4.83, 167.33, 30.29, 4.83, 167.33, 30.29, 0.00, 102.15, -0.29);
insert into SHOT values (1381, 1377, 1386, 4193, 6.59, 221.52, 28.16, 6.59, 221.52, 28.16, 0.00, 55.05, 0.14);
insert into SHOT values (1382, 1377, 1387, 4193, 13.82, 304.13, 33.87, 13.81, 304.13, 33.87, 0.00, 75.23, 0.25);
insert into SHOT values (1383, 1387, 1388, 4193, 1.76, 153.64, -0.29, 1.76, 153.64, -0.29, 0.00, 252.41, 0.05);
insert into SHOT values (1384, 1387, 1389, 4193, 16.96, 332.06, 12.21, 16.96, 332.06, 12.21, 0.00, 84.34, -0.47);
insert into SHOT values (1385, 1387, 1390, 4193, 7.82, 333.10, 52.04, 7.82, 333.10, 52.04, 0.00, 130.52, 0.00);
insert into SHOT values (1386, 1387, 1391, 4193, 3.18, 140.63, -48.32, 3.18, 140.63, -48.32, 0.00, 239.68, 0.23);
insert into SHOT values (1387, 1387, 1392, 4193, 6.83, 268.39, 2.19, 6.83, 268.39, 2.19, 0.00, 277.71, -0.05);
insert into SHOT values (1388, 1392, 1393, 4193, 12.72, 231.99, 17.28, 12.72, 231.99, 17.28, 0.00, 137.91, -0.34);
insert into SHOT values (1389, 1392, 1394, 4193, 11.55, 314.06, 13.51, 11.55, 314.06, 13.51, 0.00, 262.23, -0.26);
insert into SHOT values (1390, 1392, 1395, 4193, 6.30, 111.55, -6.45, 6.30, 111.55, -6.45, 0.00, 253.21, 0.43);
insert into SHOT values (1391, 1392, 1396, 4193, 10.60, 83.75, 0.25, 10.60, 83.75, 0.25, 0.00, 118.47, 0.47);
insert into SHOT values (1392, 1392, 1397, 4193, 19.25, 71.83, 1.92, 19.25, 71.83, 1.92, 0.00, 80.77, 0.35);
insert into SHOT values (1393, 1392, 1398, 4193, 6.86, 183.99, 5.36, 6.86, 183.99, 5.36, 0.00, 93.28, 0.18);
insert into SHOT values (1394, 1392, 1399, 4193, 25.31, 43.88, 14.63, 25.31, 43.88, 14.63, 0.00, 72.96, 0.44);
insert into SHOT values (1395, 1392, 1400, 4193, 27.35, 60.68, 11.36, 27.35, 60.68, 11.36, 0.00, 289.06, -0.25);
insert into SHOT values (1396, 1392, 1401, 4193, 22.51, 69.74, 3.95, 22.51, 69.74, 3.95, 0.00, 71.03, 0.56);
insert into SHOT values (1397, 1392, 1402, 4193, 9.27, 58.81, 0.14, 9.26, 58.81, 0.14, 0.00, 164.05, -1.79);
insert into SHOT values (1398, 1392, 1403, 4193, 14.79, 261.81, 17.62, 14.79, 261.81, 17.62, 0.00, 301.33, 0.27);
insert into SHOT values (1399, 1403, 1404, 4193, 3.29, 327.40, 0.98, 3.28, 327.40, 0.98, 0.00, 110.58, 0.14);
insert into SHOT values (1400, 1403, 1405, 4193, 5.68, 164.47, 2.77, 5.68, 164.47, 2.77, 0.00, 133.92, 0.62);
insert into SHOT values (1401, 1403, 1406, 4193, 0.38, 172.97, 58.18, 0.38, 172.97, 58.18, 0.00, 250.78, -0.48);
insert into SHOT values (1402, 1403, 1407, 4193, 1.97, 174.92, -26.50, 1.97, 174.92, -26.50, 0.00, 108.86, -0.31);
insert into SHOT values (1403, 1403, 1408, 4193, 18.57, 230.21, -2.55, 18.57, 230.21, -2.55, 0.00, 90.00, 2.15);
insert into SHOT values (1404, 1408, 1409, 4193, 2.89, 164.50, 15.26, 2.89, 164.50, 15.26, 0.00, 44.64, -0.80);
insert into SHOT values (1405, 1408, 1410, 4193, 5.18, 322.62, -0.13, 5.18, 322.62, -0.13, 0.00, 301.01, 0.06);
insert into SHOT values (1406, 1408, 1411, 4193, 1.71, 314.99, 53.97, 1.71, 314.99, 53.97, 0.00, 114.99, -0.20);
insert into SHOT values (1407, 1408, 1412, 4193, 3.65, 282.30, -33.14, 3.65, 282.30, -33.14, 0.00, 257.03, 0.00);
insert into SHOT values (1408, 1408, 1413, 4193, 30.37, 247.15, 2.91, 30.37, 247.15, 2.91, 0.00, 180.00, -0.29);
insert into SHOT values (1409, 1413, 1414, 4193, 4.27, 312.90, 9.85, 4.27, 312.90, 9.85, 0.00, 88.49, -1.67);
insert into SHOT values (1410, 1413, 1415, 4193, 0.90, 254.71, 87.84, 0.90, 254.71, 87.84, 0.00, 147.84, -0.72);
insert into SHOT values (1411, 1413, 1416, 4193, 4.18, 142.28, -5.57, 4.18, 142.28, -5.57, 0.00, 82.99, 0.22);
insert into SHOT values (1412, 1413, 1417, 4193, 1.65, 119.82, -80.77, 1.65, 119.82, -80.77, 0.00, 89.33, -0.12);
insert into SHOT values (1413, 1413, 1418, 4193, 23.49, 210.18, -28.63, 23.49, 210.18, -28.63, 0.00, 168.23, -2.34);
insert into SHOT values (1414, 1418, 1419, 4193, 6.08, 143.68, 6.43, 6.08, 143.68, 6.43, 0.00, 75.77, 0.28);
insert into SHOT values (1415, 1418, 1420, 4193, 8.43, 308.25, 24.33, 8.43, 308.25, 24.33, 0.00, 65.56, -0.79);
insert into SHOT values (1416, 1418, 1421, 4193, 8.00, 52.65, 83.01, 8.00, 52.65, 83.01, 0.00, 66.72, 0.00);
insert into SHOT values (1417, 1418, 1422, 4193, 0.42, 131.61, -79.16, 0.42, 131.61, -79.16, 0.00, 112.88, -0.20);
insert into SHOT values (1418, 1418, 1423, 4193, 6.05, 122.06, 9.16, 6.05, 122.06, 9.16, 0.00, 323.23, -1.89);
insert into SHOT values (1419, 1418, 1424, 4193, 6.46, 89.84, 21.88, 6.46, 89.84, 21.88, 0.00, 335.55, -0.42);
insert into SHOT values (1420, 1418, 1425, 4193, 16.91, 56.31, 27.24, 16.91, 56.31, 27.24, 0.00, 31.87, 0.66);
insert into SHOT values (1421, 1418, 1426, 4193, 22.72, 46.79, 27.04, 22.72, 46.79, 27.04, 0.00, 290.56, -2.23);
insert into SHOT values (1422, 1418, 1427, 4193, 25.21, 18.72, 22.79, 25.21, 18.72, 22.79, 0.00, 241.08, -0.96);
insert into SHOT values (1423, 1418, 1428, 4193, 22.26, 0.74, 19.43, 22.26, 0.74, 19.43, 0.00, 288.70, 0.54);
insert into SHOT values (1424, 1418, 1429, 4193, 18.15, 347.22, 23.80, 18.15, 347.22, 23.80, 0.00, 311.63, -1.59);
insert into SHOT values (1425, 1418, 1430, 4193, 14.29, 318.93, 32.65, 14.28, 318.93, 32.65, 0.00, 96.25, 0.78);
insert into SHOT values (1426, 1418, 1431, 4193, 8.86, 279.24, 11.88, 8.86, 279.24, 11.88, 0.00, 212.51, -0.41);
insert into SHOT values (1427, 1418, 1432, 4193, 7.61, 251.60, -23.60, 7.61, 251.60, -23.60, 0.00, 232.18, -0.30);
insert into SHOT values (1428, 1418, 1433, 4193, 5.57, 198.02, -32.08, 5.57, 198.02, -32.08, 0.00, 274.46, 0.15);
insert into SHOT values (1429, 1418, 1434, 4193, 10.48, 237.96, -27.06, 10.48, 237.96, -27.06, 0.00, 139.40, -1.24);
insert into SHOT values (1430, 1434, 1435, 4193, 6.93, 125.96, 1.69, 6.93, 125.96, 1.69, 0.00, 255.35, 0.43);
insert into SHOT values (1431, 1434, 1436, 4193, 4.15, 310.79, 6.58, 4.15, 310.79, 6.58, 0.00, 85.76, 7.37);
insert into SHOT values (1432, 1434, 1437, 4193, 1.05, 201.33, 80.00, 1.05, 201.33, 80.00, 0.00, 243.36, -0.78);
insert into SHOT values (1433, 1434, 1438, 4193, 1.49, 209.87, -54.14, 1.48, 209.87, -54.14, 0.00, 92.80, -0.24);
insert into SHOT values (1434, 1434, 1439, 4193, 16.82, 226.11, 3.83, 16.82, 226.11, 3.83, 0.00, 255.53, -1.57);
insert into SHOT values (1435, 1439, 1440, 4193, 7.86, 180.46, 1.19, 7.86, 180.46, 1.19, 0.00, 236.66, 0.53);
insert into SHOT values (1436, 1439, 1441, 4193, 3.67, 348.62, -2.27, 3.67, 348.62, -2.27, 0.00, 263.27, 0.48);
insert into SHOT values (1437, 1439, 1442, 4193, 1.23, 262.19, -84.49, 1.23, 262.19, -84.49, 0.00, 319.18, 0.26);
insert into SHOT values (1438, 1439, 1443, 4193, 4.35, 268.28, -33.42, 4.35, 268.28, -33.42, 0.00, 73.23, -0.25);
insert into SHOT values (1439, 1443, 1444, 4193, 2.50, 330.86, -4.13, 2.50, 330.86, -4.13, 0.00, 236.31, -1.16);
insert into SHOT values (1440, 1443, 1445, 4193, 0.87, 160.35, -55.02, 0.87, 160.35, -55.02, 0.00, 122.52, -0.17);
insert into SHOT values (1441, 1443, 1446, 4193, 1.02, 195.18, -87.81, 1.02, 195.18, -87.81, 0.00, 248.77, -0.44);
insert into SHOT values (1442, 1443, 1447, 4193, 0.41, 345.25, 57.00, 0.41, 345.25, 57.00, 0.00, 202.46, 1.14);
insert into SHOT values (1443, 1443, 1448, 4193, 4.55, 36.48, -4.26, 4.55, 36.48, -4.26, 0.00, 314.41, -0.31);
insert into SHOT values (1444, 1443, 1449, 4193, 20.54, 255.24, 1.68, 20.54, 255.24, 1.68, 0.00, 326.31, -0.40);
insert into SHOT values (1445, 1449, 1450, 4193, 1.47, 350.40, -11.32, 1.46, 350.40, -11.32, 0.00, 86.27, 0.03);
insert into SHOT values (1446, 1449, 1451, 4193, 3.58, 161.04, -2.82, 3.58, 161.04, -2.82, 0.00, 286.97, -0.54);
insert into SHOT values (1447, 1449, 1452, 4193, 1.62, 189.50, -84.79, 1.62, 189.50, -84.79, 0.00, 38.81, -0.19);
insert into SHOT values (1448, 1449, 1453, 4193, 1.96, 166.06, 24.10, 1.96, 166.06, 24.10, 0.00, 72.76, -0.32);
insert into SHOT values (1449, 1449, 1454, 4193, 10.45, 220.13, 8.30, 10.45, 220.13, 8.30, 0.00, 236.55, -0.14);
insert into SHOT values (1450, 1454, 1455, 4193, 7.64, 338.40, 0.04, 7.64, 338.40, 0.04, 0.00, 1.58, -0.72);
insert into SHOT values (1451, 1454, 1456, 4193, 0.91, 290.29, -78.99, 0.91, 290.29, -78.99, 0.00, 148.76, 0.47);
insert into SHOT values (1452, 1454, 1457, 4193, 1.22, 335.30, 71.09, 1.22, 335.30, 71.09, 0.00, 290.98, 0.00);
insert into SHOT values (1453, 1454, 1458, 4193, 37.30, 252.58, -20.90, 37.30, 252.58, -20.90, 0.00, 207.55, -1.10);
insert into SHOT values (1454, 1458, 1459, 4193, 22.60, 187.05, -16.36, 22.60, 187.05, -16.36, 0.00, 197.87, 0.00);
insert into SHOT values (1455, 1458, 1460, 4193, 34.45, 230.44, 19.79, 34.46, 230.44, 19.79, 0.00, 305.36, -0.75);
insert into SHOT values (1456, 1458, 1461, 4193, 49.50, 243.90, 20.52, 49.50, 243.90, 20.52, 0.00, 26.57, 0.00);
insert into SHOT values (1457, 1458, 1462, 4193, 51.35, 247.44, 20.83, 51.36, 247.44, 20.83, 0.00, 180.00, 0.00);
insert into SHOT values (1458, 1458, 1463, 4193, 15.75, 151.14, 3.00, 15.75, 151.14, 3.00, 0.00, 303.69, 0.13);
insert into SHOT values (1459, 1458, 1464, 4193, 17.86, 103.79, 5.66, 17.86, 103.79, 5.66, 0.00, 224.49, 0.18);
insert into SHOT values (1460, 1458, 1465, 4193, 23.78, 94.56, -9.39, 23.78, 94.56, -9.39, 0.00, 27.15, 0.00);
insert into SHOT values (1461, 1458, 1466, 4193, 30.39, 79.49, 16.85, 30.39, 79.49, 16.85, 0.00, 226.74, 0.00);
insert into SHOT values (1462, 1458, 1467, 4193, 14.40, 64.62, 7.04, 14.40, 64.62, 7.04, 0.00, 228.50, 0.21);
insert into SHOT values (1463, 1458, 1468, 4193, 9.89, 20.41, 14.80, 9.90, 20.41, 14.80, 0.00, 109.20, 0.11);
insert into SHOT values (1464, 1458, 1469, 4193, 6.49, 275.97, 5.44, 6.49, 275.97, 5.44, 0.00, 190.34, -0.10);
insert into SHOT values (1465, 1458, 1470, 4193, 13.23, 255.50, 2.25, 13.23, 255.50, 2.25, 0.00, 141.87, -0.11);
insert into SHOT values (1466, 1458, 1471, 4193, 17.85, 220.99, 71.64, 17.85, 220.99, 71.64, 0.00, 111.25, 0.00);
insert into SHOT values (1467, 1458, 1472, 4193, 19.34, 211.60, -10.73, 19.34, 211.60, -10.73, 0.00, 296.57, 0.80);
insert into SHOT values (1468, 1472, 1473, 4193, 14.18, 50.69, 4.61, 14.18, 50.69, 4.61, 0.00, 272.05, 0.26);
insert into SHOT values (1469, 1472, 1474, 4193, 9.56, 153.79, -26.24, 9.56, 153.79, -26.24, 0.00, 286.63, 0.00);
insert into SHOT values (1470, 1472, 1475, 4193, 11.98, 345.47, 8.99, 11.98, 345.47, 8.99, 0.00, 270.93, -0.06);
insert into SHOT values (1471, 1472, 1476, 4193, 3.94, 88.01, -69.94, 3.94, 88.01, -69.94, 0.00, 225.97, 0.00);
insert into SHOT values (1472, 1472, 1477, 4193, 21.37, 59.25, 84.33, 21.37, 59.25, 84.33, 0.00, 201.05, 0.00);
insert into SHOT values (1473, 1472, 1478, 4193, 25.16, 90.32, -25.03, 25.16, 90.32, -25.03, 0.00, 89.15, 0.00);
insert into SHOT values (1474, 1472, 1479, 4193, 25.04, 106.81, -25.58, 25.04, 106.81, -25.58, 0.00, 106.31, 0.00);
insert into SHOT values (1475, 1472, 1480, 4193, 29.21, 290.41, 25.15, 29.21, 290.41, 25.15, 0.00, 291.12, 0.00);
insert into SHOT values (1476, 1480, 1481, 4193, 0.59, 15.12, 3.25, 0.59, 15.12, 3.25, 0.00, 59.82, -0.06);
insert into SHOT values (1477, 1480, 1482, 4193, 15.53, 181.75, 19.96, 15.53, 181.75, 19.96, 0.00, 152.79, -1.16);
insert into SHOT values (1478, 1480, 1483, 4193, 10.12, 194.32, 79.01, 10.12, 194.32, 79.01, 0.00, 251.94, -0.43);
insert into SHOT values (1479, 1480, 1484, 4193, 2.41, 188.96, -32.95, 2.41, 188.96, -32.95, 0.00, 103.48, -0.19);
insert into SHOT values (1480, 1480, 1485, 4193, 13.56, 233.30, 33.98, 13.56, 233.30, 33.98, 0.00, 264.68, -0.56);
insert into SHOT values (1481, 1485, 1486, 4193, 6.88, 165.18, 11.82, 6.87, 165.18, 11.82, 0.00, 259.15, -0.12);
insert into SHOT values (1482, 1485, 1487, 4193, 7.76, 0.58, 7.32, 7.76, 0.58, 7.32, 0.00, 220.26, 0.84);
insert into SHOT values (1483, 1485, 1488, 4193, 2.06, 17.97, 39.34, 2.06, 17.97, 39.34, 0.00, 197.36, 0.37);
insert into SHOT values (1484, 1485, 1489, 4193, 1.49, 342.26, -75.12, 1.49, 342.26, -75.12, 0.00, 240.78, -0.51);
insert into SHOT values (1485, 1485, 1490, 4193, 12.90, 322.31, 6.34, 12.90, 322.31, 6.34, 0.00, 179.16, 1.05);
insert into SHOT values (1486, 1490, 1491, 4193, 2.37, 38.41, -2.40, 2.37, 38.41, -2.40, 0.00, 223.36, 0.31);
insert into SHOT values (1487, 1490, 1492, 4193, 2.93, 216.93, -1.49, 2.93, 216.93, -1.49, 0.00, 320.30, 0.58);
insert into SHOT values (1488, 1490, 1493, 4193, 1.17, 245.22, -81.50, 1.17, 245.22, -81.50, 0.00, 197.84, 0.00);
insert into SHOT values (1489, 1490, 1494, 4193, 20.37, 302.01, -1.13, 20.37, 302.01, -1.13, 0.00, 140.83, 1.18);
insert into SHOT values (1490, 1494, 1495, 4193, 3.27, 223.67, 5.64, 3.27, 223.67, 5.64, 0.00, 297.32, 0.87);
insert into SHOT values (1491, 1494, 1496, 4193, 0.28, 347.21, 83.84, 0.28, 347.21, 83.84, 0.00, 282.43, 0.06);
insert into SHOT values (1492, 1494, 1497, 4193, 0.38, 138.85, -84.68, 0.38, 138.85, -84.68, 0.00, 43.28, 2.13);
insert into SHOT values (1493, 1494, 1498, 4193, 5.63, 42.03, 3.18, 5.63, 42.03, 3.18, 0.00, 121.92, 2.99);
insert into SHOT values (1494, 1494, 1499, 4193, 15.31, 104.04, -0.51, 15.31, 104.04, -0.51, 0.00, 41.22, 0.09);
insert into SHOT values (1495, 1494, 1500, 4193, 12.98, 136.46, 0.76, 12.98, 136.46, 0.76, 0.00, 202.71, 0.08);
insert into SHOT values (1496, 1494, 1501, 4193, 4.37, 277.93, 15.46, 4.37, 277.93, 15.46, 0.00, 143.36, 0.17);
insert into SHOT values (1497, 1501, 1502, 4193, 7.29, 323.05, -3.69, 7.29, 323.05, -3.69, 0.00, 21.49, 0.08);
insert into SHOT values (1498, 1501, 1503, 4193, 3.15, 153.68, -4.54, 3.15, 153.68, -4.54, 0.00, 115.06, 0.15);
insert into SHOT values (1499, 1501, 1504, 4193, 1.05, 311.74, -70.05, 1.05, 311.74, -70.05, 0.00, 101.98, -0.52);
insert into SHOT values (1500, 1501, 1505, 4193, 15.76, 234.98, -5.93, 15.76, 234.98, -5.93, 0.00, 304.59, 0.41);
insert into SHOT values (1501, 1505, 1506, 4193, 5.92, 288.64, -3.25, 5.92, 288.64, -3.25, 0.00, 16.82, 0.06);
insert into SHOT values (1502, 1505, 1507, 4193, 7.05, 113.03, 0.82, 7.05, 113.03, 0.82, 0.00, 137.07, -0.69);
insert into SHOT values (1503, 1505, 1508, 4193, 2.29, 85.73, 88.85, 2.29, 85.73, 88.85, 0.00, 12.30, 0.00);
insert into SHOT values (1504, 1505, 1509, 4193, 1.43, 359.22, -74.16, 1.43, 359.22, -74.16, 0.00, 70.45, -0.90);
insert into SHOT values (1505, 1505, 1510, 4193, 19.09, 210.63, 4.07, 19.09, 210.63, 4.07, 0.00, 45.91, -0.48);
insert into SHOT values (1506, 1510, 1511, 4193, 0.97, 271.13, 51.11, 0.97, 271.13, 51.11, 0.00, 329.46, 0.00);
insert into SHOT values (1507, 1510, 1512, 4193, 0.92, 142.49, 86.88, 0.92, 142.49, 86.88, 0.00, 140.71, 0.00);
insert into SHOT values (1508, 1510, 1513, 4193, 13.89, 97.64, 2.03, 13.89, 97.64, 2.03, 0.00, 44.13, -0.31);
insert into SHOT values (1509, 1510, 1514, 4193, 1.54, 127.89, -59.43, 1.54, 127.89, -59.43, 0.00, 75.59, -0.24);
insert into SHOT values (1510, 1510, 1515, 4193, 25.07, 145.57, 2.04, 25.07, 145.57, 2.04, 0.00, 154.59, -0.81);
insert into SHOT values (1511, 1515, 1516, 4193, 5.89, 61.20, -12.85, 5.89, 61.20, -12.85, 0.00, 105.31, 0.11);
insert into SHOT values (1512, 1515, 1517, 4193, 7.10, 252.10, -28.78, 7.10, 252.10, -28.78, 0.00, 294.62, 0.72);
insert into SHOT values (1513, 1515, 1518, 4193, 1.82, 169.23, -84.34, 1.82, 169.23, -84.34, 0.00, 171.57, 1.08);
insert into SHOT values (1514, 1515, 1519, 4193, 17.31, 318.83, -3.66, 17.31, 318.83, -3.66, 0.00, 225.00, -8.79);
insert into SHOT values (1515, 1515, 1520, 4193, 11.02, 172.14, -11.36, 11.02, 172.14, -11.36, 0.00, 127.13, -0.86);
insert into SHOT values (1516, 1520, 1521, 4193, 4.99, 31.68, 21.08, 4.99, 31.68, 21.08, 0.00, 117.78, -0.68);
insert into SHOT values (1517, 1520, 1522, 4193, 9.27, 245.09, 3.21, 9.27, 245.09, 3.21, 0.00, 208.23, -0.27);
insert into SHOT values (1518, 1520, 1523, 4193, 1.44, 134.14, -18.90, 1.44, 134.14, -18.90, 0.00, 290.41, -0.70);
insert into SHOT values (1519, 1520, 1524, 4193, 0.81, 159.17, -71.32, 0.80, 159.17, -71.32, 0.00, 11.12, -1.13);
insert into SHOT values (1520, 1520, 1525, 4193, 3.16, 351.15, 48.16, 3.16, 351.15, 48.16, 0.00, 234.06, 0.24);
insert into SHOT values (1521, 1520, 1526, 4193, 9.52, 272.59, 15.05, 9.51, 272.59, 15.05, 0.00, 121.23, -0.27);
insert into SHOT values (1522, 1520, 1527, 4193, 8.94, 310.40, 15.30, 8.94, 310.40, 15.30, 0.00, 74.96, -1.24);
insert into SHOT values (1523, 1520, 1528, 4193, 22.23, 210.96, 0.16, 22.23, 210.96, 0.16, 0.00, 43.30, 0.47);
insert into SHOT values (1524, 1528, 1529, 4193, 6.13, 97.40, -16.74, 6.13, 97.40, -16.74, 0.00, 255.77, -0.68);
insert into SHOT values (1525, 1528, 1530, 4193, 4.30, 275.93, -2.41, 4.30, 275.93, -2.41, 0.00, 25.58, 0.00);
insert into SHOT values (1526, 1528, 1531, 4193, 2.26, 117.24, -45.44, 2.26, 117.24, -45.44, 0.00, 221.33, 1.48);
insert into SHOT values (1527, 1528, 1532, 4193, 8.86, 56.40, -10.66, 8.86, 56.40, -10.66, 0.00, 329.12, 0.72);
insert into SHOT values (1528, 1528, 1533, 4193, 9.00, 2.43, -3.53, 9.00, 2.43, -3.53, 0.00, 123.44, -0.30);
insert into SHOT values (1529, 1528, 1534, 4193, 1.88, 358.31, 84.62, 1.88, 358.31, 84.62, 0.00, 195.16, 0.47);
insert into SHOT values (1530, 1528, 1535, 4193, 11.90, 169.48, 0.31, 11.90, 169.48, 0.31, 0.00, 308.18, -0.83);
insert into SHOT values (1531, 1535, 1536, 4193, 6.81, 267.04, -2.29, 6.81, 267.04, -2.29, 0.00, 194.11, -0.15);
insert into SHOT values (1532, 1535, 1537, 4193, 3.69, 64.35, 5.91, 3.69, 64.35, 5.91, 0.00, 304.89, -1.09);
insert into SHOT values (1533, 1535, 1538, 4193, 2.33, 132.31, 73.41, 2.33, 132.31, 73.41, 0.00, 297.90, 0.24);
insert into SHOT values (1534, 1535, 1539, 4193, 1.01, 277.06, -83.88, 1.01, 277.06, -83.88, 0.00, 224.66, -0.73);
insert into SHOT values (1535, 1535, 1540, 4193, 7.72, 54.64, 18.05, 7.72, 54.64, 18.05, 0.00, 337.75, -1.21);
insert into SHOT values (1536, 1535, 1541, 4193, 6.46, 262.59, -0.70, 6.46, 262.59, -0.70, 0.00, 49.87, -0.43);
insert into SHOT values (1537, 1535, 1542, 4193, 9.86, 216.57, 7.52, 9.85, 216.57, 7.52, 0.00, 5.71, 4.27);
insert into SHOT values (1538, 1535, 1543, 4193, 11.97, 195.69, 0.08, 11.97, 195.69, 0.08, 0.00, 207.28, -0.18);
insert into SHOT values (1539, 1543, 1544, 4193, 12.35, 66.01, 13.00, 12.35, 66.01, 13.00, 0.00, 139.55, 1.07);
insert into SHOT values (1540, 1543, 1545, 4193, 1.58, 227.82, 21.32, 1.58, 227.82, 21.32, 0.00, 118.18, -1.03);
insert into SHOT values (1541, 1543, 1546, 4193, 0.71, 19.10, 86.41, 0.71, 19.10, 86.41, 0.00, 237.60, 0.25);
insert into SHOT values (1542, 1543, 1547, 4193, 14.01, 115.93, -1.05, 14.01, 115.93, -1.05, 0.00, 57.16, 0.00);
insert into SHOT values (1543, 1547, 1548, 4193, 1.94, 235.38, 2.33, 1.93, 235.38, 2.33, 0.00, 140.19, -0.72);
insert into SHOT values (1544, 1547, 1549, 4193, 7.60, 61.41, 5.30, 7.60, 61.41, 5.30, 0.00, 284.67, -0.70);
insert into SHOT values (1545, 1547, 1550, 4193, 1.03, 47.41, 69.76, 1.03, 47.41, 69.76, 0.00, 262.04, -0.83);
insert into SHOT values (1546, 1547, 1551, 4193, 2.15, 340.68, -26.78, 2.15, 340.68, -26.78, 0.00, 312.88, 0.32);
insert into SHOT values (1547, 1547, 1552, 4193, 6.30, 134.54, 5.99, 6.30, 134.54, 5.99, 0.00, 111.41, -1.05);
insert into SHOT values (1548, 1552, 1553, 4193, 5.85, 74.75, -4.30, 5.85, 74.75, -4.30, 0.00, 144.51, 0.71);
insert into SHOT values (1549, 1552, 1554, 4193, 4.63, 242.18, -0.68, 4.63, 242.18, -0.68, 0.00, 136.03, 0.10);
insert into SHOT values (1550, 1552, 1555, 4193, 0.57, 157.85, -83.59, 0.57, 157.85, -83.59, 0.00, 329.93, 1.62);
insert into SHOT values (1551, 1552, 1556, 4193, 1.82, 44.90, 83.29, 1.82, 44.90, 83.29, 0.00, 320.56, -0.60);
insert into SHOT values (1552, 1552, 1557, 4193, 9.50, 62.53, 10.22, 9.50, 62.53, 10.22, 0.00, 313.26, 0.61);
insert into SHOT values (1553, 1552, 1558, 4193, 9.94, 144.59, -0.27, 9.94, 144.59, -0.27, 0.00, 137.29, -0.54);
insert into SHOT values (1554, 1558, 1559, 4193, 2.32, 134.83, 4.06, 2.32, 134.83, 4.06, 0.00, 53.24, 0.73);
insert into SHOT values (1555, 1558, 1560, 4193, 2.65, 266.67, 5.13, 2.65, 266.67, 5.13, 0.00, 103.87, -0.64);
insert into SHOT values (1556, 1558, 1561, 4193, 4.08, 208.42, 43.28, 4.08, 208.42, 43.28, 0.00, 191.46, 0.45);
insert into SHOT values (1557, 1558, 1562, 4193, 1.29, 352.72, -68.90, 1.29, 352.72, -68.90, 0.00, 163.70, 0.00);
insert into SHOT values (1558, 1472, 1563, 4193, 0.00, 0.00, 0.00, 0.00, 90.00, 0.00, 0.00, 90.00, 0.00);
insert into SHOT values (1559, 1472, 1564, 4193, 17.16, 111.87, -26.36, 17.16, 111.87, -26.36, 0.00, 303.02, 0.00);
insert into SHOT values (1560, 1564, 1565, 4193, 7.49, 97.85, -20.87, 7.49, 97.85, -20.87, 0.00, 72.23, -0.39);
insert into SHOT values (1561, 1564, 1566, 4193, 5.62, 26.15, -20.32, 5.62, 26.15, -20.32, 0.00, 97.55, 0.00);
insert into SHOT values (1562, 1564, 1567, 4193, 1.41, 3.39, 74.15, 1.41, 3.39, 74.15, 0.00, 295.58, 0.00);
insert into SHOT values (1563, 1564, 1568, 4193, 1.39, 238.12, -85.89, 1.39, 238.12, -85.89, 0.00, 329.49, -0.12);
insert into SHOT values (1564, 1564, 1569, 4193, 9.29, 33.79, -22.45, 9.29, 33.79, -22.45, 0.00, 89.31, 0.11);
insert into SHOT values (1565, 1569, 1570, 4193, 1.71, 60.99, 10.91, 1.71, 60.99, 10.91, 0.00, 74.58, -0.25);
insert into SHOT values (1566, 1569, 1571, 4193, 8.56, 162.03, 5.86, 8.56, 162.03, 5.86, 0.00, 64.18, -0.13);
insert into SHOT values (1567, 1569, 1572, 4193, 3.98, 141.09, 53.13, 3.98, 141.09, 53.13, 0.00, 295.06, -0.37);
insert into SHOT values (1568, 1569, 1573, 4193, 7.54, 115.63, -43.17, 7.54, 115.63, -43.17, 0.00, 266.28, 0.00);
insert into SHOT values (1569, 1569, 1574, 4193, 34.88, 123.93, 0.67, 34.88, 123.93, 0.67, 0.00, 102.99, -0.17);
insert into SHOT values (1570, 1574, 1575, 4193, 18.85, 312.12, -3.53, 18.85, 312.12, -3.53, 0.00, 310.67, -0.08);
insert into SHOT values (1571, 1574, 1576, 4193, 7.24, 277.50, -6.75, 7.24, 277.50, -6.75, 0.00, 277.90, 0.20);
insert into SHOT values (1572, 1574, 1577, 4193, 3.86, 278.25, 29.55, 3.86, 278.25, 29.55, 0.00, 244.45, 0.18);
insert into SHOT values (1573, 1574, 1578, 4193, 9.67, 283.44, -31.48, 9.67, 283.44, -31.48, 0.00, 231.32, 0.60);
insert into SHOT values (1574, 1574, 1579, 4193, 8.09, 348.09, -3.53, 8.09, 348.09, -3.53, 0.00, 277.55, -0.13);
insert into SHOT values (1575, 1574, 1580, 4193, 9.88, 192.52, -4.09, 9.88, 192.52, -4.09, 0.00, 207.22, -0.45);
insert into SHOT values (1576, 1574, 1581, 4193, 11.36, 228.15, -4.53, 11.36, 228.15, -4.53, 0.00, 65.46, -0.21);
insert into SHOT values (1577, 1574, 1582, 4193, 62.91, 200.98, 1.16, 62.91, 200.98, 1.16, 0.00, 82.15, 0.37);
insert into SHOT values (1578, 1582, 1583, 4193, 3.27, 314.70, 20.88, 3.27, 314.70, 20.88, 0.00, 131.72, 0.10);
insert into SHOT values (1579, 1583, 1584, 4193, 12.35, 63.63, -5.39, 12.35, 63.63, -5.39, 0.00, 110.89, 0.14);
insert into SHOT values (1580, 1583, 1585, 4193, 5.22, 121.79, -9.60, 5.22, 121.79, -9.60, 0.00, 287.33, -0.08);
insert into SHOT values (1581, 1583, 1586, 4193, 2.45, 106.69, 9.63, 2.45, 106.69, 9.63, 0.00, 283.76, 0.07);
insert into SHOT values (1582, 1583, 1587, 4193, 2.57, 102.41, -31.98, 2.57, 102.41, -31.98, 0.00, 252.27, 0.00);
insert into SHOT values (1583, 1583, 1588, 4193, 13.90, 23.85, -25.45, 13.90, 23.85, -25.45, 0.00, 60.08, 0.36);
insert into SHOT values (1584, 1583, 1589, 4193, 21.36, 46.36, -7.21, 21.36, 46.36, -7.21, 0.00, 76.33, 0.13);
insert into SHOT values (1585, 1583, 1590, 4193, 19.77, 278.79, -18.50, 19.77, 278.79, -18.50, 0.00, 78.14, 0.00);
insert into SHOT values (1586, 1583, 1591, 4193, 21.41, 242.17, -4.95, 21.41, 242.17, -4.95, 0.00, 246.19, 0.13);
insert into SHOT values (1587, 1583, 1592, 4193, 20.24, 222.92, -0.88, 20.24, 222.92, -0.88, 0.00, 225.99, 0.02);
insert into SHOT values (1588, 1583, 1593, 4193, 11.40, 189.32, 1.74, 11.40, 189.32, 1.74, 0.00, 66.78, -0.21);
insert into SHOT values (1589, 1583, 1594, 4193, 23.13, 259.19, -11.24, 23.13, 259.19, -11.24, 0.00, 354.52, 0.00);
insert into SHOT values (1590, 1583, 1595, 4193, 11.24, 228.82, 0.64, 11.24, 228.82, 0.64, 0.00, 313.19, 0.05);
insert into SHOT values (1591, 1595, 1596, 4193, 19.10, 263.55, -0.36, 19.10, 263.55, -0.36, 0.00, 287.82, 0.18);
insert into SHOT values (1592, 1595, 1597, 4193, 10.91, 101.22, 2.73, 10.92, 101.22, 2.73, 0.00, 149.04, 0.00);
insert into SHOT values (1593, 1595, 1598, 4193, 0.38, 96.06, 29.72, 0.38, 96.06, 29.72, 0.00, 271.28, 0.19);
insert into SHOT values (1594, 1595, 1599, 4193, 11.44, 207.22, -36.96, 11.44, 207.22, -36.96, 0.00, 233.71, 0.58);
insert into SHOT values (1595, 1595, 1600, 4193, 9.93, 220.87, -9.27, 9.93, 220.87, -9.27, 0.00, 86.32, 0.06);
insert into SHOT values (1596, 1595, 1601, 4193, 8.47, 132.67, 0.81, 8.48, 132.67, 0.81, 0.00, 148.92, -0.25);
insert into SHOT values (1597, 1595, 1602, 4193, 13.46, 354.94, -21.78, 13.46, 354.94, -21.78, 0.00, 351.05, -0.52);
insert into SHOT values (1598, 1595, 1603, 4193, 21.36, 210.25, -1.18, 21.36, 210.25, -1.18, 0.00, 97.51, -0.06);
insert into SHOT values (1599, 1595, 1604, 4193, 19.97, 163.66, -8.29, 19.97, 163.66, -8.29, 0.00, 321.69, 0.00);
insert into SHOT values (1600, 1595, 1605, 4193, 25.02, 187.40, -3.04, 25.02, 187.40, -3.04, 0.00, 244.89, 0.05);
insert into SHOT values (1601, 1605, 1606, 4193, 13.88, 115.44, -6.76, 13.88, 115.44, -6.76, 0.00, 96.94, 0.27);
insert into SHOT values (1602, 1605, 1607, 4193, 7.60, 151.58, 9.25, 7.60, 151.58, 9.25, 0.00, 274.97, 0.09);
insert into SHOT values (1603, 1605, 1608, 4193, 7.82, 75.54, -9.50, 7.82, 75.54, -9.50, 0.00, 264.98, 0.17);
insert into SHOT values (1604, 1605, 1609, 4193, 22.97, 23.92, 7.22, 22.97, 23.92, 7.22, 0.00, 310.18, 0.24);
insert into SHOT values (1605, 1605, 1610, 4193, 33.39, 21.60, 2.81, 33.39, 21.60, 2.81, 0.00, 93.42, 0.11);
insert into SHOT values (1606, 1605, 1611, 4193, 13.86, 47.75, -5.69, 13.86, 47.75, -5.69, 0.00, 277.07, -0.18);
insert into SHOT values (1607, 1605, 1612, 4193, 17.30, 316.29, 26.15, 17.30, 316.29, 26.15, 0.00, 257.23, 0.00);
insert into SHOT values (1608, 1605, 1613, 4193, 16.66, 352.51, 5.58, 16.66, 352.51, 5.58, 0.00, 33.27, 0.00);
insert into SHOT values (1609, 1605, 1614, 4193, 17.15, 251.42, 31.07, 17.15, 251.42, 31.07, 0.00, 296.57, 0.00);
insert into SHOT values (1610, 1605, 1615, 4193, 9.29, 231.31, 22.96, 9.29, 231.31, 22.96, 0.00, 260.59, -0.16);
insert into SHOT values (1611, 1605, 1616, 4193, 22.38, 350.59, 59.87, 22.38, 350.59, 59.87, 0.00, 71.53, 0.00);
insert into SHOT values (1612, 1605, 1617, 4193, 12.60, 166.31, 4.63, 12.60, 166.31, 4.63, 0.00, 77.27, 0.00);
insert into SHOT values (1613, 1605, 1618, 4193, 9.46, 189.94, 4.23, 9.46, 189.94, 4.23, 0.00, 117.69, -0.12);
insert into SHOT values (1614, 1605, 1619, 4193, 13.88, 157.24, 6.69, 13.88, 157.24, 6.69, 0.00, 66.04, 0.00);
insert into SHOT values (1615, 1605, 1620, 4193, 10.52, 214.45, 11.73, 10.52, 214.45, 11.73, 0.00, 319.01, -0.26);
insert into SHOT values (1616, 1620, 1621, 4193, 5.54, 284.13, 6.60, 5.54, 284.13, 6.60, 0.00, 301.64, -0.22);
insert into SHOT values (1617, 1620, 1622, 4193, 0.53, 328.31, 32.97, 0.53, 328.31, 32.97, 0.00, 123.44, 0.03);
insert into SHOT values (1618, 1620, 1623, 4193, 1.66, 243.13, -83.85, 1.66, 243.13, -83.85, 0.00, 9.49, 0.22);
insert into SHOT values (1619, 1620, 1624, 4193, 2.60, 155.69, -49.11, 2.60, 155.69, -49.11, 0.00, 319.82, 0.00);
insert into SHOT values (1620, 1620, 1625, 4193, 6.67, 236.49, 0.39, 6.67, 236.49, 0.39, 0.00, 86.82, 0.04);
insert into SHOT values (1621, 1620, 1626, 4193, 5.19, 216.91, -16.84, 5.19, 216.91, -16.84, 0.00, 56.11, -0.07);
insert into SHOT values (1622, 1620, 1627, 4193, 13.93, 253.03, -1.54, 13.93, 253.03, -1.54, 0.00, 112.80, -0.02);
insert into SHOT values (1623, 1627, 1628, 4193, 5.34, 108.50, -5.76, 5.34, 108.50, -5.76, 0.00, 227.57, 0.12);
insert into SHOT values (1624, 1627, 1629, 4193, 4.90, 50.41, 15.08, 4.90, 50.41, 15.08, 0.00, 296.38, 0.00);
insert into SHOT values (1625, 1627, 1630, 4193, 2.78, 258.90, -16.92, 2.78, 258.90, -16.92, 0.00, 301.25, 0.07);
insert into SHOT values (1626, 1627, 1631, 4193, 2.12, 345.64, 70.53, 2.12, 345.64, 70.53, 0.00, 115.67, 0.14);
insert into SHOT values (1627, 1627, 1632, 4193, 1.07, 240.73, -60.74, 1.07, 240.73, -60.74, 0.00, 261.18, -0.08);
insert into SHOT values (1628, 1627, 1633, 4193, 0.62, 198.67, 5.60, 0.62, 198.67, 5.60, 0.00, 79.55, -0.02);
insert into SHOT values (1629, 1627, 1634, 4193, 0.77, 32.31, 23.03, 0.77, 32.31, 23.03, 0.00, 102.36, 0.00);
insert into SHOT values (1630, 1630, 1635, 4193, 0.00, 0.00, 0.00, 0.00, 90.00, 0.00, 0.00, 90.00, 0.00);
insert into SHOT values (1631, 1630, 1636, 4193, 1.36, 162.71, 0.59, 1.36, 162.71, 0.59, 0.00, 257.59, -0.16);
insert into SHOT values (1632, 1630, 1637, 4193, 1.73, 346.14, 81.86, 1.73, 346.14, 81.86, 0.00, 47.09, 0.00);
insert into SHOT values (1633, 1630, 1638, 4193, 0.78, 181.72, -35.55, 0.78, 181.72, -35.55, 0.00, 32.77, -0.14);
insert into SHOT values (1634, 1630, 1639, 4193, 16.50, 220.87, -0.68, 16.50, 220.87, -0.68, 0.00, 69.81, 0.16);
insert into SHOT values (1635, 1639, 1640, 4193, 0.19, 149.47, 72.47, 0.19, 149.47, 72.47, 0.00, 262.48, 0.07);
insert into SHOT values (1636, 1639, 1641, 4193, 0.13, 328.43, -69.55, 0.13, 328.43, -69.55, 0.00, 332.54, -1.33);
insert into SHOT values (1637, 1639, 1642, 4193, 7.00, 60.17, -1.33, 7.00, 60.17, -1.33, 0.00, 90.24, -0.02);
insert into SHOT values (1638, 1639, 1643, 4193, 0.76, 300.37, -19.41, 0.76, 300.37, -19.41, 0.00, 137.53, -0.15);
insert into SHOT values (1639, 1643, 1644, 4193, 1.01, 12.35, 8.56, 1.01, 12.35, 8.56, 0.00, 291.69, 0.34);
insert into SHOT values (1640, 1643, 1645, 4193, 0.60, 317.30, 1.28, 0.60, 317.30, 1.28, 0.00, 117.42, -0.16);
insert into SHOT values (1641, 1643, 1646, 4193, 0.52, 192.15, 6.60, 0.52, 192.15, 6.60, 0.00, 94.70, 0.11);
insert into SHOT values (1642, 1643, 1647, 4193, 3.17, 262.76, 6.99, 3.17, 262.76, 6.99, 0.00, 248.72, 0.30);
insert into SHOT values (1643, 1647, 1648, 4193, 0.39, 175.61, -87.28, 0.39, 175.61, -87.28, 0.00, 254.04, 0.15);
insert into SHOT values (1644, 1647, 1649, 4193, 0.72, 193.11, -2.62, 0.72, 193.11, -2.62, 0.00, 95.90, -0.05);
insert into SHOT values (1645, 1647, 1650, 4193, 1.10, 334.17, -9.53, 1.10, 334.17, -9.53, 0.00, 287.54, -0.04);
insert into SHOT values (1646, 1647, 1651, 4193, 0.84, 266.52, -21.45, 0.84, 266.52, -21.45, 0.00, 207.48, 0.00);
insert into SHOT values (1647, 1651, 1652, 4193, 0.29, 359.10, -64.22, 0.29, 359.10, -64.22, 0.00, 94.60, -0.13);
insert into SHOT values (1648, 1651, 1653, 4193, 0.39, 185.53, -7.40, 0.39, 185.53, -7.40, 0.00, 225.66, -0.02);
insert into SHOT values (1649, 1651, 1654, 4193, 0.78, 353.98, -9.87, 0.78, 353.98, -9.87, 0.00, 263.01, 0.07);
insert into SHOT values (1650, 1651, 1655, 4193, 1.43, 290.62, 2.70, 1.43, 290.62, 2.70, 0.00, 124.42, -0.00);
insert into SHOT values (1651, 1655, 1656, 4193, 0.18, 113.59, 78.44, 0.18, 113.59, 78.44, 0.00, 109.56, 0.02);
insert into SHOT values (1652, 1655, 1657, 4193, 0.31, 203.49, 18.99, 0.31, 203.49, 18.99, 0.00, 104.15, -0.14);
insert into SHOT values (1653, 1655, 1658, 4193, 1.02, 30.19, -1.88, 1.02, 30.19, -1.88, 0.00, 315.83, -0.09);
insert into SHOT values (1654, 1655, 1659, 4193, 1.35, 305.41, 40.82, 1.35, 305.41, 40.82, 0.00, 278.36, 0.21);
insert into SHOT values (1655, 1659, 1660, 4193, 4.91, 1.19, 8.62, 4.91, 1.19, 8.62, 0.00, 147.83, 0.00);
insert into SHOT values (1656, 1659, 1661, 4193, 1.11, 327.32, 58.52, 1.11, 327.32, 58.52, 0.00, 8.20, 0.07);
insert into SHOT values (1657, 1659, 1662, 4193, 0.59, 11.49, -76.18, 0.59, 11.49, -76.18, 0.00, 251.14, 0.05);
insert into SHOT values (1658, 1659, 1663, 4193, 0.71, 177.41, -18.86, 0.71, 177.41, -18.86, 0.00, 314.36, -0.01);
insert into SHOT values (1659, 1659, 1664, 4193, 6.95, 301.20, 8.86, 6.95, 301.20, 8.86, 0.00, 328.29, 0.10);
insert into SHOT values (1660, 1659, 1665, 4193, 25.76, 227.27, 1.59, 25.76, 227.27, 1.59, 0.00, 0.00, 0.10);
insert into SHOT values (1661, 1665, 1666, 4193, 6.64, 139.66, 9.71, 6.64, 139.66, 9.71, 0.00, 140.03, -0.10);
insert into SHOT values (1662, 1665, 1667, 4193, 1.50, 147.09, 32.70, 1.50, 147.09, 32.70, 0.00, 138.62, -0.15);
insert into SHOT values (1663, 1665, 1668, 4193, 3.61, 179.90, -32.90, 3.61, 179.90, -32.90, 0.00, 125.47, -0.25);
insert into SHOT values (1664, 1665, 1669, 4193, 9.88, 69.03, -4.40, 9.88, 69.03, -4.40, 0.00, 49.02, -0.20);
insert into SHOT values (1665, 1665, 1670, 4193, 18.02, 200.42, -0.01, 18.02, 200.42, -0.01, 0.00, 255.53, 0.34);
insert into SHOT values (1666, 1670, 1671, 4193, 2.55, 275.50, 37.60, 2.55, 275.50, 37.60, 0.00, 327.36, 0.00);
insert into SHOT values (1667, 1670, 1672, 4193, 1.27, 255.93, -77.78, 1.27, 255.93, -77.78, 0.00, 95.40, -0.26);
insert into SHOT values (1668, 1670, 1673, 4193, 2.11, 150.95, -42.69, 2.11, 150.95, -42.69, 0.00, 58.37, -0.34);
insert into SHOT values (1669, 1670, 1674, 4193, 8.90, 51.99, -4.52, 8.90, 51.99, -4.52, 0.00, 243.43, 0.28);
insert into SHOT values (1670, 1670, 1675, 4193, 18.01, 43.17, 1.74, 18.01, 43.17, 1.74, 0.00, 74.90, 0.05);
insert into SHOT values (1671, 1670, 1676, 4193, 17.83, 21.10, 0.34, 17.83, 21.10, 0.34, 0.00, 206.17, -0.16);
insert into SHOT values (1672, 1670, 1677, 4193, 15.18, 0.18, -4.42, 15.18, 0.18, -4.42, 0.00, 300.64, 0.10);
insert into SHOT values (1673, 1670, 1678, 4193, 16.19, 342.15, -0.04, 16.19, 342.15, -0.04, 0.00, 240.26, -0.17);
insert into SHOT values (1674, 1670, 1679, 4193, 21.67, 331.57, 9.09, 21.67, 331.57, 9.09, 0.00, 311.47, 0.00);
insert into SHOT values (1675, 1670, 1680, 4193, 6.41, 313.06, 9.31, 6.41, 313.06, 9.31, 0.00, 202.50, 0.00);
insert into SHOT values (1676, 1670, 1681, 4193, 18.82, 314.58, 10.61, 18.83, 314.58, 10.61, 0.00, 235.12, 0.00);
insert into SHOT values (1677, 1670, 1682, 4193, 8.22, 253.93, -3.73, 8.22, 253.93, -3.73, 0.00, 253.37, 0.18);
insert into SHOT values (1678, 1670, 1683, 4193, 7.79, 226.30, -5.82, 7.79, 226.30, -5.82, 0.00, 82.87, 0.00);
insert into SHOT values (1679, 1670, 1684, 4193, 11.76, 295.55, 12.28, 11.76, 295.55, 12.28, 0.00, 48.73, 0.00);
insert into SHOT values (1680, 1670, 1685, 4193, 2.04, 143.25, -41.85, 2.04, 143.25, -41.85, 0.00, 86.29, 0.00);
insert into SHOT values (1681, 1670, 1686, 4193, 9.71, 234.86, -1.92, 9.71, 234.86, -1.92, 0.00, 128.95, 0.16);
insert into SHOT values (1682, 1686, 1687, 4193, 2.02, 124.84, -33.89, 2.02, 124.84, -33.89, 0.00, 133.91, 0.00);
insert into SHOT values (1683, 1686, 1688, 4193, 0.95, 117.54, -83.63, 0.95, 117.54, -83.63, 0.00, 159.65, 0.19);
insert into SHOT values (1684, 1686, 1689, 4193, 0.30, 318.87, 38.92, 0.30, 318.87, 38.92, 0.00, 258.01, 0.19);
insert into SHOT values (1685, 1686, 1690, 4193, 2.43, 314.49, -8.98, 2.43, 314.49, -8.98, 0.00, 134.62, -0.05);
insert into SHOT values (1686, 1686, 1691, 4193, 6.49, 220.83, -3.50, 6.49, 220.83, -3.50, 0.00, 0.00, 0.15);
insert into SHOT values (1687, 1691, 1692, 4193, 0.50, 58.83, 86.26, 0.50, 58.83, 86.26, 0.00, 213.50, 0.00);
insert into SHOT values (1688, 1691, 1693, 4193, 2.21, 123.91, -10.76, 2.21, 123.91, -10.76, 0.00, 206.00, 0.04);
insert into SHOT values (1689, 1691, 1694, 4193, 2.76, 311.12, -2.43, 2.76, 311.12, -2.43, 0.00, 304.77, 0.05);
insert into SHOT values (1690, 1691, 1695, 4193, 9.08, 209.57, 8.11, 9.08, 209.57, 8.11, 0.00, 151.15, 0.00);
insert into SHOT values (1691, 1695, 1696, 4193, 10.01, 264.73, 6.40, 10.01, 264.73, 6.40, 0.00, 124.88, 0.18);
insert into SHOT values (1692, 1695, 1697, 4193, 12.90, 255.99, 6.11, 12.90, 255.99, 6.11, 0.00, 41.50, 0.10);
insert into SHOT values (1693, 1695, 1698, 4193, 13.66, 216.67, 26.72, 13.66, 216.67, 26.72, 0.00, 218.88, 0.00);
insert into SHOT values (1694, 1695, 1699, 4193, 12.43, 247.04, 72.87, 12.43, 247.04, 72.87, 0.00, 218.92, 0.00);
insert into SHOT values (1695, 1695, 1700, 4193, 0.86, 223.84, -78.62, 0.86, 223.84, -78.62, 0.00, 239.74, 0.15);
insert into SHOT values (1696, 1695, 1701, 4193, 16.20, 271.23, 50.81, 16.20, 271.23, 50.81, 0.00, 323.40, 0.00);
insert into SHOT values (1697, 1695, 1702, 4193, 17.44, 280.13, 48.02, 17.44, 280.13, 48.02, 0.00, 261.70, 0.00);
insert into SHOT values (1698, 1695, 1703, 4193, 18.81, 288.31, 37.80, 18.81, 288.31, 37.80, 0.00, 293.57, 0.00);
insert into SHOT values (1699, 1695, 1704, 4193, 15.28, 307.29, 40.59, 15.27, 307.29, 40.59, 0.00, 200.15, 0.00);
insert into SHOT values (1700, 1695, 1705, 4193, 3.61, 352.26, 9.50, 3.61, 352.26, 9.50, 0.00, 300.46, -0.08);
insert into SHOT values (1701, 1695, 1706, 4193, 2.51, 63.40, 2.34, 2.51, 63.40, 2.34, 0.00, 299.98, 0.15);
insert into SHOT values (1702, 1695, 1707, 4193, 5.00, 316.20, 23.72, 5.00, 316.20, 23.72, 0.00, 231.67, 0.00);
insert into SHOT values (1703, 1695, 1708, 4193, 7.21, 151.90, 20.51, 7.21, 151.90, 20.51, 0.00, 148.21, 0.00);
insert into SHOT values (1704, 1695, 1709, 4193, 19.25, 160.76, 21.49, 19.25, 160.76, 21.49, 0.00, 145.68, 0.00);
insert into SHOT values (1705, 1709, 1710, 4193, 10.33, 264.40, 4.51, 10.33, 264.40, 4.51, 0.00, 211.86, -0.10);
insert into SHOT values (1706, 1709, 1711, 4193, 3.84, 262.44, -50.65, 3.84, 262.44, -50.65, 0.00, 145.30, 0.00);
insert into SHOT values (1707, 1709, 1712, 4193, 5.25, 268.69, 63.15, 5.24, 268.69, 63.15, 0.00, 139.67, 0.00);
insert into SHOT values (1708, 1709, 1713, 4193, 13.74, 209.05, -0.35, 13.74, 209.05, -0.35, 0.00, 108.43, -0.05);
insert into SHOT values (1709, 1709, 1714, 4193, 13.73, 231.26, 1.08, 13.73, 231.26, 1.08, 0.00, 258.16, 0.00);
insert into SHOT values (1710, 1709, 1715, 4193, 22.59, 222.85, -2.17, 22.58, 222.85, -2.17, 0.00, 72.47, 0.18);
insert into SHOT values (1711, 1715, 1716, 4193, 1.72, 132.26, -2.48, 1.72, 132.26, -2.48, 0.00, 322.13, -0.22);
insert into SHOT values (1712, 1715, 1717, 4193, 3.98, 315.02, -4.45, 3.98, 315.02, -4.45, 0.00, 103.74, 0.00);
insert into SHOT values (1713, 1715, 1718, 4193, 2.02, 311.13, -53.18, 2.01, 311.13, -53.18, 0.00, 59.25, 0.00);
insert into SHOT values (1714, 1715, 1719, 4193, 23.47, 235.91, 0.73, 23.47, 235.91, 0.73, 0.00, 225.50, -0.02);
insert into SHOT values (1715, 1719, 1720, 4193, 0.72, 159.65, -1.93, 0.72, 159.65, -1.93, 0.00, 3.92, 0.01);
insert into SHOT values (1716, 1719, 1721, 4193, 2.55, 11.33, -33.90, 2.55, 11.33, -33.90, 0.00, 28.34, 0.00);
insert into SHOT values (1717, 1719, 1722, 4193, 1.78, 341.75, 44.72, 1.78, 341.75, 44.72, 0.00, 73.03, 0.00);
insert into SHOT values (1718, 1719, 1723, 4193, 6.22, 349.87, 4.43, 6.22, 349.87, 4.43, 0.00, 315.30, 0.02);
insert into SHOT values (1719, 1719, 1724, 4193, 11.95, 303.44, 8.69, 11.95, 303.44, 8.69, 0.00, 215.59, -0.11);
insert into SHOT values (1720, 1719, 1725, 4193, 10.76, 67.26, -6.06, 10.76, 67.26, -6.06, 0.00, 55.18, 0.00);
insert into SHOT values (1721, 1719, 1726, 4193, 24.05, 284.98, 8.39, 24.05, 284.98, 8.39, 0.00, 188.13, 0.00);
insert into SHOT values (1722, 1726, 1727, 4193, 2.44, 185.02, 1.69, 2.44, 185.02, 1.69, 0.00, 313.96, -0.02);
insert into SHOT values (1723, 1726, 1728, 4193, 2.11, 353.17, 73.63, 2.11, 353.17, 73.63, 0.00, 109.26, 0.40);
insert into SHOT values (1724, 1726, 1729, 4193, 3.97, 344.76, -74.05, 3.97, 344.76, -74.05, 0.00, 241.26, 0.00);
insert into SHOT values (1725, 1726, 1730, 4193, 15.60, 14.36, 3.08, 15.60, 14.36, 3.08, 0.00, 353.45, -0.19);
insert into SHOT values (1726, 1726, 1731, 4193, 8.29, 109.97, -2.10, 8.29, 109.97, -2.10, 0.00, 210.96, 0.00);
insert into SHOT values (1727, 1726, 1732, 4193, 9.34, 85.24, -3.05, 9.34, 85.24, -3.05, 0.00, 295.43, 0.00);
insert into SHOT values (1728, 1726, 1733, 4193, 12.20, 301.26, 16.23, 12.20, 301.26, 16.23, 0.00, 42.27, -0.28);
insert into SHOT values (1729, 1726, 1734, 4193, 4.70, 257.63, 2.73, 4.70, 257.63, 2.73, 0.00, 298.53, 0.10);
insert into SHOT values (1730, 1733, 1735, 4193, 0.00, 0.00, 0.00, 0.00, 90.00, 0.00, 0.00, 90.00, 0.00);
insert into SHOT values (1731, 1733, 1736, 4193, 4.20, 225.98, -33.19, 4.20, 225.98, -33.19, 0.00, 27.37, 0.00);
insert into SHOT values (1732, 1733, 1737, 4193, 3.54, 14.03, 46.77, 3.54, 14.03, 46.77, 0.00, 309.25, 0.00);
insert into SHOT values (1733, 1733, 1738, 4193, 16.64, 52.82, -6.33, 16.64, 52.82, -6.33, 0.00, 199.65, 0.96);
insert into SHOT values (1734, 1733, 1739, 4193, 2.44, 139.25, -80.56, 2.44, 139.25, -80.56, 0.00, 340.56, 0.00);
insert into SHOT values (1735, 1733, 1740, 4193, 9.15, 16.23, 12.56, 9.15, 16.23, 12.56, 0.00, 257.47, -0.22);
insert into SHOT values (1736, 1733, 1741, 4193, 4.68, 283.58, 21.28, 4.68, 283.58, 21.28, 0.00, 316.36, 0.00);
insert into SHOT values (1737, 1741, 1742, 4193, 1.32, 244.12, -46.07, 1.32, 244.12, -46.07, 0.00, 261.67, -0.78);
insert into SHOT values (1738, 1741, 1743, 4193, 1.05, 15.93, 45.35, 1.05, 15.93, 45.35, 0.00, 274.65, -0.07);
insert into SHOT values (1739, 1741, 1744, 4193, 3.15, 17.32, 10.21, 3.15, 17.32, 10.21, 0.00, 357.34, -0.14);
insert into SHOT values (1740, 1741, 1745, 4193, 5.75, 290.88, -12.42, 5.75, 290.88, -12.42, 0.00, 129.34, 0.00);
insert into SHOT values (1741, 1745, 1746, 4193, 3.71, 293.03, -6.88, 3.71, 293.03, -6.88, 0.00, 288.72, -0.52);
insert into SHOT values (1742, 1745, 1747, 4193, 2.06, 95.41, 2.67, 2.06, 95.41, 2.67, 0.00, 278.07, -0.09);
insert into SHOT values (1743, 1745, 1748, 4193, 1.76, 301.35, -88.59, 1.76, 301.35, -88.59, 0.00, 199.14, 0.11);
insert into SHOT values (1744, 1745, 1749, 4193, 1.69, 23.60, -11.72, 1.69, 23.60, -11.72, 0.00, 354.81, 0.06);
insert into SHOT values (1745, 1745, 1750, 4193, 2.32, 197.82, -24.42, 2.32, 197.82, -24.42, 0.00, 14.28, -0.08);
insert into SHOT values (1746, 1745, 1751, 4193, 4.69, 203.74, -23.43, 4.69, 203.74, -23.43, 0.00, 189.46, 0.17);
insert into SHOT values (1747, 1751, 1752, 4193, 0.77, 140.31, 2.76, 0.77, 140.31, 2.76, 0.00, 101.86, 0.17);
insert into SHOT values (1748, 1751, 1753, 4193, 1.82, 298.54, 43.53, 1.82, 298.54, 43.53, 0.00, 257.19, -0.31);
insert into SHOT values (1749, 1751, 1754, 4193, 1.29, 234.26, 73.87, 1.29, 234.26, 73.87, 0.00, 289.36, -0.22);
insert into SHOT values (1750, 1751, 1755, 4193, 4.09, 230.40, 10.66, 4.09, 230.40, 10.66, 0.00, 46.70, -0.09);
insert into SHOT values (1751, 1755, 1756, 4193, 0.81, 155.94, 74.92, 0.81, 155.94, 74.92, 0.00, 72.41, 0.06);
insert into SHOT values (1752, 1755, 1757, 4193, 0.71, 301.02, 53.04, 0.71, 301.02, 53.04, 0.00, 242.83, -0.42);
insert into SHOT values (1753, 1755, 1758, 4193, 1.04, 125.61, -0.68, 1.04, 125.61, -0.68, 0.00, 60.36, -0.39);
insert into SHOT values (1754, 1755, 1759, 4193, 2.57, 51.75, 50.47, 2.57, 51.75, 50.47, 0.00, 217.42, -0.15);
insert into SHOT values (1755, 1759, 1760, 4193, 10.04, 260.11, 35.11, 10.04, 260.11, 35.11, 0.00, 153.27, -0.50);
insert into SHOT values (1756, 1759, 1761, 4193, 2.93, 320.17, 33.23, 2.93, 320.17, 33.23, 0.00, 318.28, 0.12);
insert into SHOT values (1757, 1759, 1762, 4193, 0.55, 327.77, 57.30, 0.55, 327.77, 57.30, 0.00, 320.37, 0.00);
insert into SHOT values (1758, 1759, 1763, 4193, 0.89, 132.65, -88.90, 0.89, 132.65, -88.90, 0.00, 339.39, 0.09);
insert into SHOT values (1759, 1760, 1764, 4193, 0.00, 0.00, 0.00, 0.00, 90.00, 0.00, 0.00, 90.00, 0.00);
insert into SHOT values (1760, 1760, 1765, 4193, 1.96, 149.77, -5.31, 1.96, 149.77, -5.31, 0.00, 267.62, 0.25);
insert into SHOT values (1761, 1760, 1766, 4193, 9.37, 278.41, 63.20, 9.37, 278.41, 63.20, 0.00, 220.31, 0.00);
insert into SHOT values (1762, 1760, 1767, 4193, 1.05, 94.10, -77.97, 1.06, 94.10, -77.97, 0.00, 41.41, 0.42);
insert into SHOT values (1763, 1760, 1768, 4193, 9.62, 245.12, 20.11, 9.62, 245.12, 20.11, 0.00, 312.51, -0.19);
insert into SHOT values (1764, 1768, 1769, 4193, 4.13, 162.33, -3.03, 4.13, 162.33, -3.03, 0.00, 47.73, -0.70);
insert into SHOT values (1765, 1768, 1770, 4193, 6.07, 125.71, -56.26, 6.07, 125.71, -56.26, 0.00, 175.43, -1.31);
insert into SHOT values (1766, 1768, 1771, 4193, 5.85, 284.82, 72.55, 5.85, 284.82, 72.55, 0.00, 18.92, -0.51);
insert into SHOT values (1767, 1768, 1772, 4193, 7.07, 253.44, -0.14, 7.07, 253.44, -0.14, 0.00, 251.21, -0.39);
insert into MAPS values (4195, 53, 'Mountaineye', NULL, 1, 8501.392, 71.439);
 insert into MAPITEMS values (4195, 4, 4200);
 insert into MAPITEMS values (4195, 4, 4201);
 insert into MAPITEMS values (4195, 4, 4202);
 insert into MAPITEMS values (4195, 4, 4203);
 insert into MAPITEMS values (4195, 4, 4204);
 insert into MAPITEMS values (4195, 4, 4205);
 insert into MAPITEMS values (4195, 4, 4206);
 insert into MAPITEMS values (4195, 4, 4207);
 insert into MAPITEMS values (4195, 4, 4208);
 insert into MAPITEMS values (4195, 4, 4209);
 insert into MAPITEMS values (4195, 4, 4210);
 insert into CENTRELINE values (4198, 53, NULL, NULL, NULL, 0.00, 0.00, 0.00);
 insert into SCRAPS values (0, 0, '', 1);
 insert into MAPS values (4200, 0, '', NULL, 1, 631.621, 15.377);
 insert into MAPITEMS values (4200, 4, 0);
 insert into SCRAPS values (0, 0, '', 1);
 insert into MAPS values (4201, 0, '', NULL, 1, 1179.008, 10.695);
 insert into MAPITEMS values (4201, 4, 0);
 insert into SCRAPS values (0, 0, '', 1);
 insert into MAPS values (4202, 0, '', NULL, 1, 1642.594, 36.811);
 insert into MAPITEMS values (4202, 4, 0);
 insert into SCRAPS values (0, 0, '', 1);
 insert into MAPS values (4203, 0, '', NULL, 1, 1622.937, 56.734);
 insert into MAPITEMS values (4203, 4, 0);
 insert into SCRAPS values (0, 0, '', 1);
 insert into MAPS values (4204, 0, '', NULL, 1, 1222.697, 11.591);
 insert into MAPITEMS values (4204, 4, 0);
 insert into SCRAPS values (0, 0, '', 1);
 insert into MAPS values (4205, 0, '', NULL, 1, 121.534, 1.108);
 insert into MAPITEMS values (4205, 4, 0);
 insert into SCRAPS values (0, 0, '', 1);
 insert into MAPS values (4206, 0, '', NULL, 1, 35.484, 1.069);
 insert into MAPITEMS values (4206, 4, 0);
 insert into SCRAPS values (0, 0, '', 1);
 insert into MAPS values (4207, 0, '', NULL, 1, 112.683, 4.337);
 insert into MAPITEMS values (4207, 4, 0);
 insert into SCRAPS values (0, 0, '', 1);
 insert into MAPS values (4208, 0, '', NULL, 1, 144.701, 4.208);
 insert into MAPITEMS values (4208, 4, 0);
 insert into SCRAPS values (0, 0, '', 1);
 insert into MAPS values (4209, 0, '', NULL, 1, 620.193, 27.848);
 insert into MAPITEMS values (4209, 4, 0);
 insert into SCRAPS values (0, 0, '', 1);
 insert into MAPS values (4210, 0, '', NULL, 1, 1167.940, 54.457);
 insert into MAPITEMS values (4210, 4, 0);
 insert into STATION values (1, '1.0', 55, 0.00, 0.00, 0.00);
insert into STATION values (2, '-', 55, 0.00, 0.00, 0.00);
insert into STATION values (3, '-', 55, 0.68, -3.21, -0.06);
insert into STATION values (4, '-', 55, 0.66, 0.78, -0.00);
insert into STATION values (5, '-', 55, 2.18, -1.04, -0.34);
insert into STATION values (6, '-', 55, -0.17, -1.04, 4.79);
insert into STATION values (7, '-', 55, 0.09, -0.09, -0.51);
insert into STATION values (8, '1.1', 55, 2.87, -2.65, -2.15);
insert into STATION values (9, '-', 55, 2.64, -2.32, -0.81);
insert into STATION values (10, '-', 55, 4.36, 0.70, -2.06);
insert into STATION values (11, '-', 55, 2.96, -4.07, -2.45);
insert into STATION values (12, '-', 55, 2.78, -2.61, -2.91);
insert into STATION values (13, '-', 55, 9.87, 5.57, -4.66);
insert into STATION values (14, '1.2', 55, 10.49, -5.83, -6.61);
insert into STATION values (15, '-', 55, 14.40, -2.36, -4.67);
insert into STATION values (16, '-', 55, 13.50, 1.68, -4.14);
insert into STATION values (17, '-', 55, 9.51, -5.17, -0.73);
insert into STATION values (18, '-', 55, 7.56, -8.89, -4.56);
insert into STATION values (19, '101.1', 55, 10.58, 0.85, -5.69);
insert into STATION values (20, '-', 55, 10.49, -5.83, -6.61);
insert into STATION values (21, '1.3', 55, 13.97, -13.27, -6.49);
insert into STATION values (22, '-', 55, 19.52, -9.63, -5.79);
insert into STATION values (23, '-', 55, 16.60, -15.79, -5.75);
insert into STATION values (24, '-', 55, 11.01, -17.21, -5.52);
insert into STATION values (25, '-', 55, 10.75, -14.03, -5.36);
insert into STATION values (26, '102.1', 55, 9.51, -16.16, -5.33);
insert into STATION values (27, '-', 55, 7.05, -18.49, -4.27);
insert into STATION values (28, '-', 55, 11.12, -18.95, -5.10);
insert into STATION values (29, '-', 55, 8.12, -14.84, -5.32);
insert into STATION values (30, '-', 55, 9.13, -16.75, -2.96);
insert into STATION values (31, '-', 55, 13.97, -13.27, -6.49);
insert into STATION values (32, '-', 55, 16.00, -13.43, -0.94);
insert into STATION values (33, '-', 55, 22.35, -15.69, 0.18);
insert into STATION values (34, '1.4', 55, 33.19, -15.95, 0.89);
insert into STATION values (35, '-', 55, 33.16, -15.88, 3.78);
insert into STATION values (36, '-', 55, 33.19, -15.86, -0.13);
insert into STATION values (37, '-', 55, 19.06, -18.58, -4.57);
insert into STATION values (38, '-', 55, 20.74, -10.68, -4.56);
insert into STATION values (39, '-', 55, 34.04, -9.20, 0.31);
insert into STATION values (40, '-', 55, 36.64, -19.46, 0.92);
insert into STATION values (41, '-', 55, 27.83, -26.69, -5.07);
insert into STATION values (42, '-', 55, 13.82, -24.44, -1.88);
insert into STATION values (43, '-', 55, 20.41, -25.24, -3.88);
insert into STATION values (44, '1.5', 55, 33.99, -27.28, -4.33);
insert into STATION values (45, '-', 55, 33.85, -27.37, -3.18);
insert into STATION values (46, '-', 55, 33.89, -26.99, -5.59);
insert into STATION values (47, '-', 55, 28.94, -30.38, -4.25);
insert into STATION values (48, '-', 55, 34.69, -26.99, -4.14);
insert into STATION values (49, '-', 55, 36.64, -21.57, -3.70);
insert into STATION values (50, '-', 55, 36.44, -33.45, -4.25);
insert into STATION values (51, '-', 55, 44.49, -21.81, -3.33);
insert into STATION values (52, '1.6', 55, 32.80, -38.20, -1.61);
insert into STATION values (53, '-', 55, 34.06, -38.75, 4.79);
insert into STATION values (54, '-', 55, 32.59, -37.52, -3.99);
insert into STATION values (55, '-', 55, 28.43, -36.77, -1.42);
insert into STATION values (56, '-', 55, 34.66, -38.37, -1.30);
insert into STATION values (57, '-', 55, 39.19, -36.87, -4.76);
insert into STATION values (58, '-', 55, 37.61, -34.47, -4.90);
insert into STATION values (59, '1.7', 55, 34.41, -39.07, -0.07);
insert into STATION values (60, '-', 55, 34.77, -39.42, 5.00);
insert into STATION values (61, '-', 55, 33.33, -40.20, -1.77);
insert into STATION values (62, '-', 55, 34.81, -42.33, 0.40);
insert into STATION values (63, '-', 55, 34.38, -37.09, -0.05);
insert into STATION values (64, '-', 55, 33.75, -42.60, -0.03);
insert into STATION values (65, '-', 55, 35.83, -41.76, 1.30);
insert into STATION values (66, '-', 55, 37.33, -44.23, 4.40);
insert into STATION values (67, '-', 55, 29.21, -40.94, 0.46);
insert into STATION values (68, '-', 55, 35.65, -33.95, 2.94);
insert into STATION values (69, '1.8', 55, 45.74, -43.16, 4.96);
insert into STATION values (70, '-', 55, 45.78, -43.11, 4.32);
insert into STATION values (71, '-', 55, 44.64, -31.26, 4.37);
insert into STATION values (72, '-', 55, 38.92, -44.94, 4.66);
insert into STATION values (73, '-', 55, 42.04, -35.77, -2.14);
insert into STATION values (74, '-', 55, 38.99, -37.54, -2.48);
insert into STATION values (75, '1.9', 55, 48.47, -40.60, 4.63);
insert into STATION values (76, '-', 55, 48.48, -40.62, 4.40);
insert into STATION values (77, '-', 55, 48.44, -40.55, 5.16);
insert into STATION values (78, '-', 55, 46.91, -44.68, 4.57);
insert into STATION values (79, '-', 55, 54.72, -31.43, 4.32);
insert into STATION values (80, '1.10', 55, 54.10, -40.69, 4.57);
insert into STATION values (81, '-', 55, 56.19, -42.19, -0.06);
insert into STATION values (82, '-', 55, 54.16, -40.70, 4.96);
insert into STATION values (83, '-', 55, 63.72, -32.57, 4.56);
insert into STATION values (84, '-', 55, 54.44, -47.28, 3.75);
insert into STATION values (85, '1.11', 55, 66.40, -42.62, 1.90);
insert into STATION values (86, '-', 55, 65.99, -42.45, 4.48);
insert into STATION values (87, '-', 55, 66.24, -42.52, 0.67);
insert into STATION values (88, '-', 55, 60.41, -33.77, 4.96);
insert into STATION values (89, '-', 55, 59.34, -42.81, -1.62);
insert into STATION values (90, '1.12', 55, 73.39, -35.31, 1.51);
insert into STATION values (91, '-', 55, 72.96, -38.85, -1.08);
insert into STATION values (92, '-', 55, 73.01, -36.12, 4.88);
insert into STATION values (93, '-', 55, 74.43, -42.68, 0.98);
insert into STATION values (94, '-', 55, 65.60, -30.82, 4.34);
insert into STATION values (95, '1.13', 55, 73.53, -33.44, 1.94);
insert into STATION values (96, '-', 55, 69.72, -26.79, 3.49);
insert into STATION values (97, '-', 55, 75.61, -21.88, 4.61);
insert into STATION values (98, '-', 55, 83.16, -20.64, 3.96);
insert into STATION values (99, '-', 55, 94.74, -22.00, 5.01);
insert into STATION values (100, '-', 55, 99.11, -23.59, 5.33);
insert into STATION values (101, '-', 55, 96.78, -31.84, 3.07);
insert into STATION values (102, '-', 55, 88.98, -38.99, 2.82);
insert into STATION values (103, '-', 55, 86.04, -40.66, 2.88);
insert into STATION values (104, '-', 55, 79.16, -41.15, 2.77);
insert into STATION values (105, '-', 55, 75.56, -42.85, 2.91);
insert into STATION values (106, '1.14', 55, 70.80, -42.18, 0.38);
insert into STATION values (107, '-', 55, 70.98, -42.17, 2.92);
insert into STATION values (108, '-', 55, 70.77, -42.27, -1.50);
insert into STATION values (109, '-', 55, 69.39, -36.58, 1.00);
insert into STATION values (110, '-', 55, 70.68, -43.30, 0.42);
insert into STATION values (111, '1.15', 55, 68.90, -43.39, -2.43);
insert into STATION values (112, '-', 55, 68.95, -43.31, -1.53);
insert into STATION values (113, '-', 55, 69.06, -43.55, -2.78);
insert into STATION values (114, '-', 55, 68.68, -43.00, -2.42);
insert into STATION values (115, '-', 55, 69.73, -45.07, -1.65);
insert into STATION values (116, '1.16', 55, 67.01, -45.68, -1.63);
insert into STATION values (117, '-', 55, 67.07, -45.68, -1.40);
insert into STATION values (118, '-', 55, 66.92, -45.66, -2.27);
insert into STATION values (119, '-', 55, 67.29, -46.41, -1.62);
insert into STATION values (120, '-', 55, 65.48, -44.44, -2.13);
insert into STATION values (121, '1.17', 55, 57.11, -50.69, -2.59);
insert into STATION values (122, '-', 55, 47.22, -55.71, -3.55);
insert into STATION values (123, '-', 55, 57.08, -50.76, -1.96);
insert into STATION values (124, '-', 55, 56.20, -49.71, -3.42);
insert into STATION values (125, '-', 55, 57.70, -51.54, -2.33);
insert into STATION values (126, '-', 55, 55.40, -48.49, -2.51);
insert into STATION values (127, '1.18', 55, 44.59, -60.11, -2.09);
insert into STATION values (128, '-', 55, 44.61, -60.08, -1.62);
insert into STATION values (129, '-', 55, 46.29, -60.80, -3.20);
insert into STATION values (130, '-', 55, 44.04, -59.40, -1.87);
insert into STATION values (131, '-', 55, 47.74, -60.79, -2.48);
insert into STATION values (132, '1.19', 55, 47.34, -63.48, -2.51);
insert into STATION values (133, '-', 55, 47.33, -63.51, -2.33);
insert into STATION values (134, '-', 55, 47.27, -63.49, -3.45);
insert into STATION values (135, '-', 55, 48.25, -63.24, -2.51);
insert into STATION values (136, '-', 55, 44.93, -63.27, -2.40);
insert into STATION values (137, '-', 55, 49.39, -64.96, -3.08);
insert into STATION values (138, '-', 55, 47.74, -66.36, -3.28);
insert into STATION values (139, '1.20', 55, 40.52, -67.67, -2.40);
insert into STATION values (140, '-', 55, 40.52, -67.73, -2.67);
insert into STATION values (141, '-', 55, 40.65, -67.70, -1.72);
insert into STATION values (142, '-', 55, 41.83, -69.30, -1.84);
insert into STATION values (143, '-', 55, 38.93, -66.23, -1.71);
insert into STATION values (144, '1.21', 55, 38.09, -78.82, -1.58);
insert into STATION values (145, '-', 55, 42.16, -69.05, -1.85);
insert into STATION values (146, '-', 55, 40.59, -67.25, -2.16);
insert into STATION values (147, '-', 55, 38.09, -78.82, -1.58);
insert into STATION values (148, '-', 55, 34.15, -75.03, -1.50);
insert into STATION values (149, '-', 55, 38.70, -79.71, -1.60);
insert into STATION values (150, '-', 55, 36.34, -78.13, -2.83);
insert into STATION values (151, '-', 55, 38.51, -79.70, -4.67);
insert into STATION values (152, '1.22', 55, 24.97, -82.34, -2.05);
insert into STATION values (153, '-', 55, 24.95, -82.32, -1.54);
insert into STATION values (154, '-', 55, 25.11, -83.97, -2.96);
insert into STATION values (155, '-', 55, 26.91, -85.38, -2.13);
insert into STATION values (156, '-', 55, 24.17, -79.98, -1.89);
insert into STATION values (157, '-', 55, 29.75, -77.25, -1.73);
insert into STATION values (158, '1.23', 55, 23.55, -88.87, -1.71);
insert into STATION values (159, '-', 55, 23.66, -88.37, -3.07);
insert into STATION values (160, '-', 55, 23.49, -88.84, -1.44);
insert into STATION values (161, '-', 55, 30.11, -88.01, -2.14);
insert into STATION values (162, '-', 55, 21.07, -90.54, -1.52);
insert into STATION values (163, '-', 55, 14.38, -88.66, -1.61);
insert into STATION values (164, '-', 55, 15.09, -83.66, -3.68);
insert into STATION values (165, '-', 55, 16.98, -82.08, -3.78);
insert into STATION values (166, '1.24', 55, 26.97, -92.57, -1.17);
insert into STATION values (167, '-', 55, 26.73, -92.41, -2.44);
insert into STATION values (168, '-', 55, 27.62, -91.79, 3.56);
insert into STATION values (169, '-', 55, 27.29, -93.01, -1.38);
insert into STATION values (170, '-', 55, 26.12, -91.21, -1.14);
insert into STATION values (171, '-', 55, 24.07, -93.77, -1.65);
insert into STATION values (172, '1.25', 55, 29.94, -88.83, 0.84);
insert into STATION values (173, '-', 55, 31.76, -90.74, 1.32);
insert into STATION values (174, '-', 55, 29.50, -87.86, 0.69);
insert into STATION values (175, '-', 55, 30.54, -89.15, 3.36);
insert into STATION values (176, '-', 55, 29.68, -88.33, -2.53);
insert into STATION values (177, '1.26', 55, 40.79, -83.63, 0.64);
insert into STATION values (178, '-', 55, 40.93, -83.88, 2.13);
insert into STATION values (179, '-', 55, 39.58, -83.47, -1.95);
insert into STATION values (180, '-', 55, 41.20, -84.30, 0.42);
insert into STATION values (181, '-', 55, 39.68, -82.46, -0.17);
insert into STATION values (182, '1.27', 55, 51.02, -79.43, -0.25);
insert into STATION values (183, '-', 55, 51.62, -78.76, 3.06);
insert into STATION values (184, '-', 55, 50.95, -78.48, -2.24);
insert into STATION values (185, '-', 55, 51.41, -80.56, 0.93);
insert into STATION values (186, '-', 55, 50.62, -77.05, -0.23);
insert into STATION values (187, '-', 55, 52.44, -73.26, -4.35);
insert into STATION values (188, '1.28', 55, 61.24, -73.35, -0.43);
insert into STATION values (189, '-', 55, 61.44, -73.59, 2.20);
insert into STATION values (190, '-', 55, 60.61, -72.32, -2.87);
insert into STATION values (191, '-', 55, 60.42, -70.95, -0.22);
insert into STATION values (192, '-', 55, 62.05, -74.36, 0.61);
insert into STATION values (193, '-', 55, 57.27, -74.21, -1.20);
insert into STATION values (194, '1.29', 55, 76.79, -63.24, -0.95);
insert into STATION values (195, '-', 55, 76.92, -63.00, 3.67);
insert into STATION values (196, '-', 55, 76.61, -62.51, -2.44);
insert into STATION values (197, '-', 55, 77.01, -63.78, -0.48);
insert into STATION values (198, '-', 55, 68.19, -68.65, -0.88);
insert into STATION values (199, '-', 55, 75.81, -61.87, -1.21);
insert into STATION values (200, '-', 55, 75.77, -59.04, 1.64);
insert into STATION values (201, '1.30', 55, 84.89, -56.50, -0.23);
insert into STATION values (202, '-', 55, 85.27, -56.83, 1.85);
insert into STATION values (203, '-', 55, 86.20, -56.74, -2.27);
insert into STATION values (204, '-', 55, 85.67, -58.57, -0.43);
insert into STATION values (205, '-', 55, 85.05, -55.63, 1.35);
insert into STATION values (206, '1.31', 55, 89.34, -55.48, -0.78);
insert into STATION values (207, '-', 55, 88.16, -58.06, -2.37);
insert into STATION values (208, '-', 55, 89.40, -54.87, -0.69);
insert into STATION values (209, '-', 55, 87.96, -57.51, -1.05);
insert into STATION values (210, '-', 55, 89.83, -58.54, -1.28);
insert into STATION values (211, '1.32', 55, 86.49, -66.40, -0.40);
insert into STATION values (212, '-', 55, 86.38, -66.20, 1.53);
insert into STATION values (213, '-', 55, 85.24, -67.60, -5.24);
insert into STATION values (214, '-', 55, 86.74, -66.56, -0.40);
insert into STATION values (215, '-', 55, 84.46, -65.56, -0.16);
insert into STATION values (216, '-', 55, 85.85, -66.25, -1.48);
insert into STATION values (217, '1.33', 55, 82.45, -75.82, -0.31);
insert into STATION values (218, '-', 55, 83.01, -76.04, 3.59);
insert into STATION values (219, '-', 55, 83.45, -75.82, -1.53);
insert into STATION values (220, '-', 55, 81.98, -75.46, -0.21);
insert into STATION values (221, '-', 55, 85.00, -76.22, -0.56);
insert into STATION values (222, '-', 55, 85.22, -79.21, -0.47);
insert into STATION values (223, '-', 55, 88.30, -79.80, -0.62);
insert into STATION values (224, '1.34', 55, 91.31, -79.96, -0.04);
insert into STATION values (225, '-', 55, 90.76, -80.52, 3.88);
insert into STATION values (226, '-', 55, 90.97, -80.04, -1.51);
insert into STATION values (227, '-', 55, 89.23, -80.37, -0.27);
insert into STATION values (228, '1.35', 55, 91.05, -92.56, 0.17);
insert into STATION values (229, '-', 55, 90.85, -92.85, 3.82);
insert into STATION values (230, '-', 55, 91.03, -92.48, -1.42);
insert into STATION values (231, '-', 55, 91.79, -92.45, -0.40);
insert into STATION values (232, '-', 55, 88.91, -93.10, 0.25);
insert into STATION values (233, '1.36', 55, 92.72, -98.65, 0.32);
insert into STATION values (234, '-', 55, 93.51, -98.36, 3.06);
insert into STATION values (235, '-', 55, 92.61, -98.26, -1.61);
insert into STATION values (236, '-', 55, 92.18, -98.67, -0.33);
insert into STATION values (237, '-', 55, 94.84, -98.00, 0.25);
insert into STATION values (238, '-', 55, 93.21, -101.20, -2.97);
insert into STATION values (239, '1.37', 55, 95.32, -105.76, 0.11);
insert into STATION values (240, '-', 55, 95.40, -105.85, 2.66);
insert into STATION values (241, '-', 55, 95.75, -105.52, -1.48);
insert into STATION values (242, '-', 55, 94.87, -105.98, -0.01);
insert into STATION values (243, '-', 55, 97.17, -104.39, 0.09);
insert into STATION values (244, '1.38', 55, 101.70, -108.88, 0.01);
insert into STATION values (245, '-', 55, 101.11, -109.67, 2.72);
insert into STATION values (246, '-', 55, 100.18, -109.59, -1.61);
insert into STATION values (247, '-', 55, 102.07, -108.48, 0.01);
insert into STATION values (248, '-', 55, 99.27, -109.82, -0.15);
insert into STATION values (249, '1.39', 55, 99.33, -118.66, 0.27);
insert into STATION values (250, '-', 55, 99.49, -118.05, 3.00);
insert into STATION values (251, '-', 55, 99.59, -117.97, -1.69);
insert into STATION values (252, '-', 55, 100.75, -115.15, 0.31);
insert into STATION values (253, '-', 55, 100.87, -119.88, -0.00);
insert into STATION values (254, '-', 55, 97.09, -117.51, 0.53);
insert into STATION values (255, '1.40', 55, 95.92, -127.98, 0.55);
insert into STATION values (256, '-', 55, 96.52, -127.63, 2.91);
insert into STATION values (257, '-', 55, 96.55, -127.39, -1.29);
insert into STATION values (258, '-', 55, 95.30, -128.24, 0.03);
insert into STATION values (259, '-', 55, 97.94, -126.57, 0.14);
insert into STATION values (260, '-', 55, 97.77, -125.23, -0.02);
insert into STATION values (261, '-', 55, 98.99, -128.06, 0.29);
insert into STATION values (262, '1.41', 55, 100.10, -128.53, 0.45);
insert into STATION values (263, '-', 55, 100.05, -130.27, 4.37);
insert into STATION values (264, '-', 55, 100.31, -129.02, -1.25);
insert into STATION values (265, '-', 55, 100.20, -130.82, 0.38);
insert into STATION values (266, '-', 55, 100.04, -127.93, 0.03);
insert into STATION values (267, '1.42', 55, 110.86, -124.69, 0.64);
insert into STATION values (268, '-', 55, 111.19, -125.21, 2.96);
insert into STATION values (269, '-', 55, 111.12, -125.27, -0.99);
insert into STATION values (270, '-', 55, 110.56, -124.22, 0.49);
insert into STATION values (271, '-', 55, 111.72, -126.21, 0.56);
insert into STATION values (272, '-', 55, 106.93, -126.77, 0.43);
insert into STATION values (273, '1.43', 55, 115.36, -122.88, 0.94);
insert into STATION values (274, '-', 55, 114.91, -122.29, 2.34);
insert into STATION values (275, '-', 55, 115.37, -122.95, -1.03);
insert into STATION values (276, '-', 55, 114.38, -121.38, 0.60);
insert into STATION values (277, '-', 55, 115.55, -123.14, 0.91);
insert into STATION values (278, '-', 55, 114.65, -120.01, -3.35);
insert into STATION values (279, '103.2', 55, -0.02, -1.10, 3.70);
insert into STATION values (280, '103.1', 55, -5.58, 4.27, 3.64);
insert into STATION values (281, '103.0', 55, -7.54, 7.51, 5.27);
insert into STATION values (282, '-', 55, -5.59, 4.26, 3.65);
insert into STATION values (283, '-', 55, -6.84, 7.90, 5.36);
insert into STATION values (284, '-', 55, -8.20, 7.23, 5.12);
insert into STATION values (285, '-', 55, -7.51, 7.74, 6.06);
insert into STATION values (286, '-', 55, -7.53, 7.43, 5.00);
insert into STATION values (287, '-', 55, -8.22, 5.25, 4.20);
insert into STATION values (288, '-', 55, -6.77, 4.86, 4.31);
insert into STATION values (289, '-', 55, -5.06, 7.14, 4.99);
insert into STATION values (290, '-', 55, -5.33, 5.91, 4.23);
insert into STATION values (291, '-', 55, -5.34, 4.53, 4.75);
insert into STATION values (292, '-', 55, -5.32, 4.40, 3.18);
insert into STATION values (293, '-', 55, -5.05, 4.34, 3.70);
insert into STATION values (294, '-', 55, -5.59, 3.98, 3.60);
insert into STATION values (295, '-', 55, -5.55, 3.05, 3.71);
insert into STATION values (296, '-', 55, -5.10, 3.89, 3.67);
insert into STATION values (297, '-', 55, -4.75, 2.90, 3.53);
insert into STATION values (298, '-', 55, -4.03, 2.54, 3.71);
insert into STATION values (299, '-', 55, -3.75, 2.19, 3.21);
insert into STATION values (300, '-', 55, 1.89, 0.19, 2.98);
insert into STATION values (301, '-', 55, -0.16, -0.82, 4.72);
insert into STATION values (302, '-', 55, -0.18, 0.29, 3.36);
insert into STATION values (303, '-', 55, -1.52, 1.00, 3.58);
insert into STATION values (304, '-', 55, -2.15, -1.38, 4.10);
insert into STATION values (305, '-', 55, -3.53, 1.94, 4.30);
insert into STATION values (306, '-', 55, -2.94, 0.56, 4.00);
insert into STATION values (307, '-', 55, -3.35, 2.52, 3.56);
insert into STATION values (308, '-', 55, -3.25, 1.86, 3.66);
insert into STATION values (309, '-', 55, -0.86, -0.80, 2.54);
insert into STATION values (310, '-', 55, 1.44, 0.71, -0.07);
insert into STATION values (311, '-', 55, -0.11, 1.36, 0.03);
insert into STATION values (312, '-', 55, 0.46, -0.02, -0.57);
insert into STATION values (313, '-', 55, 0.41, -0.26, 3.57);
insert into STATION values (314, '-', 55, -0.94, -0.06, 0.72);
insert into STATION values (315, '-', 55, 0.15, -1.96, 0.48);
insert into STATION values (316, '104.1', 55, 33.77, -43.15, 4.20);
insert into STATION values (317, '-', 55, 33.88, -43.21, 4.17);
insert into STATION values (318, '-', 55, 33.70, -42.77, 5.55);
insert into STATION values (319, '-', 55, 32.86, -41.52, -1.43);
insert into STATION values (320, '-', 55, 29.90, -41.61, 4.83);
insert into STATION values (321, '-', 55, 39.66, -45.97, 4.96);
insert into STATION values (322, '-', 55, 36.17, -47.18, 4.96);
insert into STATION values (323, '104.2', 55, 29.35, -44.89, 5.09);
insert into STATION values (324, '-', 55, 29.72, -45.25, 5.72);
insert into STATION values (325, '-', 55, 29.18, -45.11, 4.56);
insert into STATION values (326, '-', 55, 28.72, -41.90, 4.68);
insert into STATION values (327, '-', 55, 23.55, -53.59, 5.06);
insert into STATION values (328, '104.3', 55, 17.23, -46.67, 4.47);
insert into STATION values (329, '-', 55, 17.36, -47.11, 5.11);
insert into STATION values (330, '-', 55, 17.61, -46.97, 3.94);
insert into STATION values (331, '-', 55, 19.80, -52.73, 5.57);
insert into STATION values (332, '-', 55, 17.20, -46.50, 4.08);
insert into STATION values (333, '-', 55, 20.22, -45.22, 4.41);
insert into STATION values (334, '104.4', 55, 8.11, -54.14, 4.69);
insert into STATION values (335, '-', 55, 8.69, -53.85, 5.80);
insert into STATION values (336, '-', 55, 8.35, -54.07, 4.44);
insert into STATION values (337, '-', 55, 8.55, -51.22, 5.27);
insert into STATION values (338, '-', 55, 11.86, -49.62, 5.02);
insert into STATION values (339, '-', 55, 6.23, -54.37, 5.09);
insert into STATION values (340, '-', 55, 1.67, -55.03, 6.03);
insert into STATION values (341, '-', 55, 12.90, -61.44, 4.22);
insert into STATION values (342, '104.5', 55, 1.52, -60.46, 4.97);
insert into STATION values (343, '-', 55, 1.49, -60.49, 5.64);
insert into STATION values (344, '-', 55, 2.21, -61.05, 4.45);
insert into STATION values (345, '-', 55, -2.49, -56.70, 4.82);
insert into STATION values (346, '-', 55, -5.85, -61.68, 5.54);
insert into STATION values (347, '-', 55, 2.95, -68.67, 4.16);
insert into STATION values (348, '-', 55, 11.68, -62.77, 4.43);
insert into STATION values (349, '-', 55, 6.84, -56.72, 4.35);
insert into STATION values (350, '104.6', 55, -16.44, -74.59, 5.30);
insert into STATION values (351, '-', 55, -18.10, -68.04, 3.92);
insert into STATION values (352, '-', 55, -8.57, -66.34, 5.00);
insert into STATION values (353, '-', 55, -10.34, -73.41, 4.84);
insert into STATION values (354, '-', 55, -16.15, -74.60, 5.48);
insert into STATION values (355, '-', 55, -16.27, -74.12, 4.84);
insert into STATION values (356, '-', 55, -14.09, -78.66, 5.24);
insert into STATION values (357, '104.7', 55, -17.95, -76.04, 6.13);
insert into STATION values (358, '-', 55, -18.03, -76.20, 6.40);
insert into STATION values (359, '-', 55, -17.74, -76.41, 5.50);
insert into STATION values (360, '-', 55, -17.76, -76.49, 5.80);
insert into STATION values (361, '-', 55, -18.08, -75.77, 6.05);
insert into STATION values (362, '104.8', 55, -27.20, -75.06, 6.55);
insert into STATION values (363, '-', 55, -26.78, -70.22, 6.68);
insert into STATION values (364, '-', 55, -21.49, -71.06, 6.13);
insert into STATION values (365, '-', 55, -23.52, -82.12, 6.77);
insert into STATION values (366, '-', 55, -20.99, -81.29, 6.71);
insert into STATION values (367, '-', 55, -28.33, -82.42, 6.53);
insert into STATION values (368, '-', 55, -27.18, -75.15, 6.74);
insert into STATION values (369, '-', 55, -24.94, -76.02, 6.35);
insert into STATION values (370, '-', 55, -40.39, -85.23, 6.13);
insert into STATION values (371, '-', 55, -32.16, -70.69, 6.72);
insert into STATION values (372, '104.9', 55, -45.74, -79.86, 6.48);
insert into STATION values (373, '-', 55, -45.33, -79.64, 7.19);
insert into STATION values (374, '-', 55, -45.62, -75.78, 6.68);
insert into STATION values (375, '-', 55, -41.35, -73.03, 6.60);
insert into STATION values (376, '-', 55, -40.88, -85.53, 6.27);
insert into STATION values (377, '-', 55, -40.78, -80.39, 4.27);
insert into STATION values (378, '-', 55, -50.08, -76.25, 7.25);
insert into STATION values (379, '-', 55, -50.66, -85.39, 7.54);
insert into STATION values (380, '104.10', 55, -52.70, -78.83, 8.77);
insert into STATION values (381, '-', 55, -52.72, -79.00, 8.99);
insert into STATION values (382, '-', 55, -50.15, -81.03, 6.38);
insert into STATION values (383, '-', 55, -44.35, -83.22, 7.74);
insert into STATION values (384, '-', 55, -46.44, -77.76, 7.48);
insert into STATION values (385, '-', 55, -52.68, -78.24, 8.77);
insert into STATION values (386, '-', 55, -53.10, -85.49, 8.40);
insert into STATION values (387, '-', 55, -56.97, -82.04, 8.79);
insert into STATION values (388, '-', 55, 1.52, -60.46, 4.97);
insert into STATION values (389, '104.11', 55, -2.80, -68.43, 4.45);
insert into STATION values (390, '-', 55, -3.42, -70.53, 4.08);
insert into STATION values (391, '-', 55, -5.49, -67.68, 4.23);
insert into STATION values (392, '104.12', 55, -19.13, -73.38, 4.96);
insert into STATION values (393, '105.0', 55, 45.74, 6.84, 4.96);
insert into STATION values (394, '106.0', 55, 47.34, -63.48, -2.50);
insert into STATION values (395, '-', 55, 49.97, -65.49, -3.02);
insert into STATION values (396, '-', 55, 47.58, -65.54, -3.01);
insert into STATION values (397, '-', 55, 48.96, -67.36, -3.24);
insert into STATION values (398, '-', 55, 50.30, -68.43, -3.35);
insert into STATION values (399, '106.1', 55, 52.07, -69.61, -3.41);
insert into STATION values (400, '-', 55, 53.32, -66.40, -2.94);
insert into STATION values (401, '-', 55, 50.22, -65.52, -2.97);
insert into STATION values (402, '-', 55, 50.58, -69.18, -3.24);
insert into STATION values (403, '-', 55, 51.34, -69.73, -3.32);
insert into STATION values (404, '106.2', 55, 51.66, -70.76, -3.55);
insert into STATION values (405, '-', 55, 51.85, -70.78, -3.12);
insert into STATION values (406, '-', 55, 51.94, -70.50, -4.23);
insert into STATION values (407, '-', 55, 52.21, -70.90, -3.53);
insert into STATION values (408, '-', 55, 52.10, -70.30, -3.59);
insert into STATION values (409, '106.3', 55, 53.28, -70.57, -3.46);
insert into STATION values (410, '-', 55, 53.37, -70.16, -3.45);
insert into STATION values (411, '-', 55, 53.00, -70.09, -3.41);
insert into STATION values (412, '-', 55, 53.23, -71.07, -4.07);
insert into STATION values (413, '-', 55, 53.11, -70.80, -3.12);
insert into STATION values (414, '-', 55, 52.79, -70.79, -3.57);
insert into STATION values (415, '106.4', 55, 53.23, -72.79, -3.43);
insert into STATION values (416, '-', 55, 53.01, -72.70, -4.40);
insert into STATION values (417, '-', 55, 53.37, -72.92, -2.96);
insert into STATION values (418, '-', 55, 53.75, -72.31, -3.49);
insert into STATION values (419, '-', 55, 53.60, -73.11, -3.51);
insert into STATION values (420, '-', 55, 53.96, -72.76, -3.52);
insert into STATION values (421, '-', 55, 53.29, -71.46, -3.55);
insert into STATION values (422, '106.5', 55, 52.05, -78.56, -5.69);
insert into STATION values (423, '-', 55, 52.05, -78.56, -5.69);
insert into STATION values (424, '-', 55, 52.51, -79.33, -5.59);
insert into STATION values (425, '-', 55, 52.42, -73.72, -4.27);
insert into STATION values (426, '-', 55, 53.11, -74.68, -4.35);
insert into STATION values (427, '-', 55, 54.07, -76.25, -4.92);
insert into STATION values (428, '-', 55, 55.34, -77.63, -5.20);
insert into STATION values (429, '-', 55, 42.05, -83.38, -5.20);
insert into STATION values (430, '-', 55, 50.10, -75.33, -3.94);
insert into STATION values (431, '1.42', 410, 110.86, -124.69, 0.64);
insert into STATION values (432, '1.43', 410, 115.36, -122.88, 0.94);
insert into STATION values (433, '1.44', 410, 117.67, -119.13, 1.10);
insert into STATION values (434, '1.45', 410, 124.96, -119.47, 1.01);
insert into STATION values (435, '1.46', 410, 130.15, -113.12, 0.59);
insert into STATION values (436, '1.47', 410, 138.72, -103.45, 0.82);
insert into STATION values (437, '1.48', 410, 144.51, -107.31, 1.05);
insert into STATION values (438, '1.49', 410, 148.40, -116.53, 0.81);
insert into STATION values (439, '1.50', 410, 152.86, -115.13, 1.02);
insert into STATION values (440, '1.51', 410, 164.87, -117.60, 0.79);
insert into STATION values (441, '1.52', 410, 169.69, -119.01, 0.74);
insert into STATION values (442, '1.53', 410, 174.90, -125.95, 0.77);
insert into STATION values (443, '1.54', 410, 156.80, -138.11, 1.73);
insert into STATION values (444, '1.55', 410, 159.30, -150.33, 2.05);
insert into STATION values (445, '1.56', 410, 146.39, -157.86, 1.97);
insert into STATION values (446, '1.57', 410, 145.22, -168.34, 1.69);
insert into STATION values (447, '1.58', 410, 147.20, -180.99, 2.61);
insert into STATION values (448, '2.0', 410, 174.90, -125.95, 0.77);
insert into STATION values (449, '2.1', 410, 188.73, -108.82, 2.13);
insert into STATION values (450, '2.2', 410, 216.07, -104.76, 1.04);
insert into STATION values (451, '2.3', 410, 243.90, -98.60, 1.70);
insert into STATION values (452, '2.4', 410, 251.91, -103.00, 2.14);
insert into STATION values (453, '2.5', 410, 261.29, -122.75, 2.21);
insert into STATION values (454, '2.6', 410, 286.00, -97.03, 1.57);
insert into STATION values (455, '2.7', 410, 300.46, -85.37, 0.99);
insert into STATION values (456, '2.8', 410, 320.42, -71.67, 2.90);
insert into STATION values (457, '2.9', 410, 325.71, -75.25, 1.82);
insert into STATION values (458, '2.10', 410, 336.86, -80.45, 1.39);
insert into STATION values (459, '2.11', 410, 351.86, -73.95, 3.52);
insert into STATION values (460, '2.12', 410, 367.53, -71.86, 1.09);
insert into STATION values (461, '2.13', 410, 381.44, -60.55, 1.93);
insert into STATION values (462, '2.14', 410, 384.35, -57.09, 3.95);
insert into STATION values (463, '2.15', 410, 399.32, -34.29, 2.69);
insert into STATION values (464, '2.16', 410, 403.79, -21.98, 3.38);
insert into STATION values (465, '2.17', 410, 407.11, -11.57, 2.77);
insert into STATION values (466, '2.18', 410, 406.24, 2.63, 1.46);
insert into STATION values (467, '2.19', 410, 405.37, 19.09, 0.94);
insert into STATION values (468, '2.20', 410, 418.33, 41.44, 0.67);
insert into STATION values (469, '2.21', 410, 422.73, 56.27, -1.21);
insert into STATION values (470, '2.22', 410, 434.61, 66.46, 1.58);
insert into STATION values (471, '2.23', 410, 435.91, 81.92, 2.65);
insert into STATION values (472, '2.24', 410, 439.45, 87.75, -1.16);
insert into STATION values (473, '2.25', 410, 439.44, 95.49, -2.90);
insert into STATION values (474, '2.26', 410, 442.22, 98.66, -1.82);
insert into STATION values (475, '2.27', 410, 441.33, 100.06, -0.65);
insert into STATION values (476, '2.28', 410, 446.12, 103.56, 1.90);
insert into STATION values (477, '2.29', 410, 449.02, 106.09, 2.10);
insert into STATION values (478, '2.30', 410, 452.03, 113.61, 0.14);
insert into STATION values (479, '2.31', 410, 458.49, 125.84, -0.11);
insert into STATION values (480, '2.32', 410, 460.20, 132.17, -2.18);
insert into STATION values (481, '2.33', 410, 463.56, 140.34, -2.43);
insert into STATION values (482, '2.34', 410, 466.62, 147.14, -2.74);
insert into STATION values (483, '2.35', 410, 469.55, 150.09, -2.30);
insert into STATION values (484, '2.36', 410, 471.00, 156.46, -1.31);
insert into STATION values (485, '2.37', 410, 477.28, 169.05, -1.10);
insert into STATION values (486, '2.38', 410, 486.70, 185.51, -3.02);
insert into STATION values (487, '2.39', 410, 493.27, 194.95, -2.12);
insert into STATION values (488, '2.40', 410, 498.77, 203.03, -2.50);
insert into STATION values (489, '2.41', 410, 501.78, 208.44, -2.66);
insert into STATION values (490, '2.42', 410, 508.15, 214.55, -2.65);
insert into STATION values (491, '2.43', 410, 510.36, 221.25, -2.45);
insert into STATION values (492, '2.44', 410, 519.85, 227.05, -2.48);
insert into STATION values (493, '2.45', 410, 524.29, 230.57, -3.86);
insert into STATION values (494, '2.46', 410, 533.27, 240.20, -3.01);
insert into STATION values (495, '2.47', 410, 537.30, 241.46, -3.50);
insert into STATION values (496, '2.48', 410, 539.05, 247.78, -3.38);
insert into STATION values (497, '2.49', 410, 542.24, 254.40, -2.94);
insert into STATION values (498, '2.50', 410, 550.47, 263.43, -1.67);
insert into STATION values (499, '2.51', 410, 553.57, 278.90, -0.44);
insert into STATION values (500, '2.52', 410, 555.71, 283.49, -3.09);
insert into STATION values (501, '2.53', 410, 591.06, 301.52, -5.24);
insert into STATION values (502, '2.54', 410, 609.02, 321.78, -5.71);
insert into STATION values (503, '2.55', 410, 636.11, 331.91, -5.89);
insert into STATION values (504, '2.56', 410, 657.62, 333.40, -5.93);
insert into STATION values (505, '2.57', 410, 682.56, 326.06, -6.11);
insert into STATION values (506, '2.58', 410, 717.16, 317.95, -6.75);
insert into STATION values (507, '2.59', 410, 745.46, 326.56, -6.36);
insert into STATION values (508, '2.60', 410, 777.45, 327.75, -5.61);
insert into STATION values (509, '2.61', 410, 809.76, 349.44, -6.42);
insert into STATION values (510, '2.62', 410, 826.49, 379.21, -4.84);
insert into STATION values (511, '2.63', 410, 842.28, 394.73, -6.01);
insert into STATION values (512, '2.64', 410, 862.60, 400.07, -3.96);
insert into STATION values (513, '2.64', 605, 862.60, 400.07, -3.96);
insert into STATION values (514, '2.65', 605, 871.05, 428.36, -5.94);
insert into STATION values (515, '2.66', 605, 865.66, 447.58, -6.76);
insert into STATION values (516, '2.67', 605, 884.65, 458.79, -6.25);
insert into STATION values (517, '2.68', 605, 910.26, 456.75, -6.60);
insert into STATION values (518, '2.69', 605, 932.09, 452.35, -6.26);
insert into STATION values (519, '2.70', 605, 943.42, 419.18, -2.43);
insert into STATION values (520, '2.71', 605, 969.33, 432.56, -5.58);
insert into STATION values (521, '2.72', 605, 997.42, 444.96, -7.05);
insert into STATION values (522, '2.73', 605, 1016.30, 463.97, -4.85);
insert into STATION values (523, '2.74', 605, 1038.31, 474.95, -0.29);
insert into STATION values (524, '2.75', 605, 1062.17, 489.74, 1.23);
insert into STATION values (525, '2.76', 605, 1092.01, 479.60, -5.82);
insert into STATION values (526, '2.77', 605, 1126.89, 495.04, -3.14);
insert into STATION values (527, '2.78', 605, 1133.40, 519.34, -0.61);
insert into STATION values (528, '2.79', 605, 1154.63, 527.24, -8.85);
insert into STATION values (529, '2.80', 605, 1175.97, 564.43, 14.13);
insert into STATION values (530, '2.81', 605, 1192.71, 566.05, 25.59);
insert into STATION values (531, '2.82', 605, 1195.87, 565.89, 26.75);
insert into STATION values (532, '2.83', 605, 1211.20, 580.59, 25.42);
insert into STATION values (533, '2.84', 605, 1215.97, 588.10, 22.43);
insert into STATION values (534, '2.85', 605, 1219.43, 596.16, 17.26);
insert into STATION values (535, '2.86', 605, 1225.65, 593.92, 15.28);
insert into STATION values (536, '2.87', 605, 1233.24, 601.84, 7.02);
insert into STATION values (537, '2.88', 605, 1247.41, 612.97, 5.71);
insert into STATION values (538, '2.89', 605, 1241.50, 624.22, 1.98);
insert into STATION values (539, '2.90', 605, 1239.34, 642.48, -3.40);
insert into STATION values (540, '2.91', 605, 1255.79, 658.15, -3.48);
insert into STATION values (541, '2.92', 605, 1268.53, 646.94, -3.92);
insert into STATION values (542, '2.93', 605, 1282.88, 657.34, -4.00);
insert into STATION values (543, '2.94', 605, 1297.86, 646.21, 2.25);
insert into STATION values (544, '2.95', 605, 1322.60, 659.71, -0.72);
insert into STATION values (545, '201.1', 605, 1254.66, 609.53, 4.76);
insert into STATION values (546, '202.1', 605, 1268.50, 594.34, 3.82);
insert into STATION values (547, '201.2', 605, 1304.24, 609.59, 3.02);
insert into STATION values (548, '201.3', 605, 1306.18, 631.81, 3.67);
insert into STATION values (549, '2.96', 605, 1335.03, 674.43, -5.25);
insert into STATION values (550, '2.97', 605, 1357.52, 667.03, 1.06);
insert into STATION values (551, '2.98', 605, 1365.06, 658.55, 4.40);
insert into STATION values (552, '2.99', 605, 1414.14, 644.22, 21.07);
insert into STATION values (553, '3.0', 605, 1357.52, 667.03, 1.06);
insert into STATION values (554, '205.0', 605, 1255.79, 558.15, -3.48);
insert into STATION values (555, '3.1', 605, 1355.91, 660.61, -1.23);
insert into STATION values (556, '3.2', 605, 1365.67, 652.22, -1.89);
insert into STATION values (557, '3.3', 605, 1385.33, 638.79, -2.23);
insert into STATION values (558, '3.4', 605, 1374.54, 634.33, -2.81);
insert into STATION values (559, '3.5', 605, 1395.35, 613.46, -2.07);
insert into STATION values (560, '3.6', 605, 1406.59, 602.72, -3.24);
insert into STATION values (561, '3.7', 605, 1413.90, 608.46, -2.47);
insert into STATION values (562, '3.8', 605, 1421.61, 598.14, -0.40);
insert into STATION values (563, '3.9', 605, 1427.86, 591.54, -1.75);
insert into STATION values (564, '3.10', 605, 1448.52, 566.55, -3.38);
insert into STATION values (565, '203.1', 605, 1329.45, 668.58, -10.07);
insert into STATION values (566, '204.1', 605, 1290.05, 667.55, -5.40);
insert into STATION values (567, '204.2', 605, 1287.45, 667.88, -4.02);
insert into STATION values (568, '4.1', 605, 1134.21, 542.27, 5.23);
insert into STATION values (569, '4.2', 605, 1117.46, 545.85, 8.30);
insert into STATION values (570, '4.3', 605, 1113.32, 569.04, 9.50);
insert into STATION values (571, '4.4', 605, 1098.99, 593.30, 10.82);
insert into STATION values (572, '4.5', 605, 1068.40, 610.45, 7.38);
insert into STATION values (573, '4.6', 605, 1045.18, 614.74, 7.61);
insert into STATION values (574, '4.7', 605, 1005.62, 611.86, 7.43);
insert into STATION values (575, '4.8', 605, 981.63, 614.04, 7.63);
insert into STATION values (576, '4.9', 605, 983.30, 579.81, 7.51);
insert into STATION values (577, '4.10', 605, 970.72, 574.67, 7.22);
insert into STATION values (578, '4.11', 605, 957.24, 575.31, 7.09);
insert into STATION values (579, '4.12', 605, 947.39, 565.93, 7.02);
insert into STATION values (580, '4.13', 605, 942.21, 554.48, 6.55);
insert into STATION values (581, '4.14', 605, 935.00, 546.70, 6.40);
insert into STATION values (582, '4.15', 605, 925.75, 532.60, 7.08);
insert into STATION values (583, '4.16', 605, 922.07, 520.87, 6.70);
insert into STATION values (584, '4.17', 605, 911.76, 515.05, 7.32);
insert into STATION values (585, '4.18', 605, 903.88, 504.34, 6.35);
insert into STATION values (586, '4.19', 605, 903.46, 501.42, 6.13);
insert into STATION values (587, '3.10', 1088, 1448.52, 566.55, -3.38);
insert into STATION values (588, '3.11', 1088, 1461.44, 568.65, -4.13);
insert into STATION values (589, '3.12', 1088, 1461.11, 568.79, -6.47);
insert into STATION values (590, '3.13', 1088, 1463.51, 566.70, -6.77);
insert into STATION values (591, '3.14', 1088, 1464.66, 567.00, -6.83);
insert into STATION values (592, '3.15', 1088, 1466.80, 565.80, -6.83);
insert into STATION values (593, '3.16', 1088, 1466.97, 565.79, -6.84);
insert into STATION values (594, '3.17', 1088, 1470.61, 564.82, -7.05);
insert into STATION values (595, '3.18', 1088, 1471.53, 563.27, -7.23);
insert into STATION values (596, '3.19', 1088, 1473.35, 563.83, -7.16);
insert into STATION values (597, '3.20', 1088, 1477.74, 561.96, -7.47);
insert into STATION values (598, '3.21', 1088, 1480.90, 563.39, -7.01);
insert into STATION values (599, '3.22', 1088, 1482.72, 561.94, -9.30);
insert into STATION values (600, '3.23', 1088, 1486.03, 560.40, -10.18);
insert into STATION values (601, '3.24', 1088, 1485.50, 559.27, -10.04);
insert into STATION values (602, '3.25', 1088, 1488.70, 557.18, -10.11);
insert into STATION values (603, '3.26', 1088, 1491.01, 553.49, -10.04);
insert into STATION values (604, '3.27', 1088, 1493.26, 546.70, -10.62);
insert into STATION values (605, '3.28', 1088, 1494.49, 540.98, -10.91);
insert into STATION values (606, '3.29', 1088, 1497.08, 536.96, -10.61);
insert into STATION values (607, '3.30', 1088, 1501.79, 529.60, -10.30);
insert into STATION values (608, '3.31', 1088, 1498.96, 524.56, -10.48);
insert into STATION values (609, '3.32', 1088, 1498.88, 510.23, -10.47);
insert into STATION values (610, '3.33', 1088, 1501.18, 504.66, -10.35);
insert into STATION values (611, '3.34', 1088, 1506.73, 500.88, -10.62);
insert into STATION values (612, '3.35', 1088, 1507.92, 497.93, -10.74);
insert into STATION values (613, '3.36', 1088, 1511.94, 492.73, -10.53);
insert into STATION values (614, '3.37', 1088, 1520.33, 484.45, -11.13);
insert into STATION values (615, '3.38', 1088, 1529.48, 490.41, -10.62);
insert into STATION values (616, '3.39', 1088, 1530.67, 502.26, -10.64);
insert into STATION values (617, '3.40', 1088, 1534.66, 509.49, -10.72);
insert into STATION values (618, '3.41', 1088, 1535.52, 516.75, -10.64);
insert into STATION values (619, '3.42', 1088, 1542.77, 525.28, -10.58);
insert into STATION values (620, '3.43', 1088, 1539.07, 543.03, -9.62);
insert into STATION values (621, '3.44', 1088, 1547.83, 547.43, -9.75);
insert into STATION values (622, '3.45', 1088, 1548.69, 555.77, -9.44);
insert into STATION values (623, '3.46', 1088, 1551.69, 559.93, -9.22);
insert into STATION values (624, '3.47', 1088, 1552.55, 562.16, -9.86);
insert into STATION values (625, '3.48', 1088, 1555.81, 566.68, -10.15);
insert into STATION values (626, '3.49', 1088, 1559.97, 565.39, -8.58);
insert into STATION values (627, '3.50', 1088, 1560.24, 573.71, -8.18);
insert into STATION values (628, '3.51', 1088, 1571.77, 584.01, -8.18);
insert into STATION values (629, '3.52', 1088, 1572.28, 588.56, -8.17);
insert into STATION values (630, '3.53', 1088, 1582.63, 596.29, -8.06);
insert into STATION values (631, '3.54', 1088, 1592.56, 597.15, -9.83);
insert into STATION values (632, '3.55', 1088, 1607.05, 598.99, -9.20);
insert into STATION values (633, '3.56', 1088, 1612.89, 613.41, -8.43);
insert into STATION values (634, '3.57', 1088, 1634.36, 619.50, -8.92);
insert into STATION values (635, '3.58', 1088, 1636.19, 629.70, -8.12);
insert into STATION values (636, '3.59', 1088, 1635.00, 642.70, -7.79);
insert into STATION values (637, '3.60', 1088, 1633.70, 655.66, -7.43);
insert into STATION values (638, '3.61', 1088, 1629.73, 658.89, -7.48);
insert into STATION values (639, '3.62', 1088, 1636.75, 669.51, -8.15);
insert into STATION values (640, '3.63', 1088, 1632.33, 679.03, -8.40);
insert into STATION values (641, '3.64', 1088, 1636.77, 692.59, -7.86);
insert into STATION values (642, '3.65', 1088, 1640.64, 710.88, -8.07);
insert into STATION values (643, '3.66', 1088, 1657.25, 721.87, -7.57);
insert into STATION values (644, '3.67', 1088, 1657.88, 733.14, -7.45);
insert into STATION values (645, '3.68', 1088, 1647.06, 744.30, -7.92);
insert into STATION values (646, '3.69', 1088, 1651.52, 762.94, -7.06);
insert into STATION values (647, '3.70', 1088, 1642.16, 782.36, -6.97);
insert into STATION values (648, '3.71', 1088, 1651.74, 787.16, -7.25);
insert into STATION values (649, '3.72', 1088, 1651.30, 801.06, -7.33);
insert into STATION values (650, '3.73', 1088, 1646.64, 808.95, -7.29);
insert into STATION values (651, '3.74', 1088, 1644.18, 813.88, -7.38);
insert into STATION values (652, '3.75', 1088, 1642.73, 820.99, -7.52);
insert into STATION values (653, '3.76', 1088, 1643.78, 823.61, -6.47);
insert into STATION values (654, '3.77', 1088, 1642.01, 826.41, -6.43);
insert into STATION values (655, '3.78', 1088, 1641.92, 828.10, -6.21);
insert into STATION values (656, '3.79', 1088, 1642.14, 833.93, -7.39);
insert into STATION values (657, '3.80', 1088, 1641.30, 842.62, -7.51);
insert into STATION values (658, '3.81', 1088, 1636.97, 858.06, -6.69);
insert into STATION values (659, '3.82', 1088, 1627.68, 878.09, -5.66);
insert into STATION values (660, '3.83', 1088, 1629.87, 895.57, -6.11);
insert into STATION values (661, '3.84', 1088, 1623.30, 902.22, -5.05);
insert into STATION values (662, '3.85', 1088, 1633.67, 910.81, -6.31);
insert into STATION values (663, '3.86', 1088, 1647.57, 919.94, -7.64);
insert into STATION values (664, '3.87', 1088, 1662.17, 937.67, -6.73);
insert into STATION values (665, '3.88', 1088, 1663.49, 949.09, -4.55);
insert into STATION values (666, '3.89', 1088, 1671.64, 953.77, -4.67);
insert into STATION values (667, '3.90', 1088, 1678.07, 989.79, -3.88);
insert into STATION values (668, '3.91', 1088, 1683.14, 989.94, -4.00);
insert into STATION values (669, '3.92', 1088, 1697.97, 996.75, -7.98);
insert into STATION values (670, '3.93', 1088, 1710.92, 1017.77, -9.86);
insert into STATION values (671, '3.94', 1088, 1713.01, 1034.39, -10.79);
insert into STATION values (672, '3.95', 1088, 1729.18, 1039.29, -10.56);
insert into STATION values (673, '3.96', 1088, 1741.69, 1049.81, -10.38);
insert into STATION values (674, '3.97', 1088, 1749.51, 1065.90, -10.56);
insert into STATION values (675, '3.98', 1088, 1765.14, 1075.18, -10.28);
insert into STATION values (676, '3.99', 1088, 1768.31, 1081.93, -10.24);
insert into STATION values (677, '3.100', 1088, 1778.92, 1087.49, -9.15);
insert into STATION values (678, '3.101', 1088, 1785.92, 1094.22, -10.90);
insert into STATION values (679, '3.102', 1088, 1796.69, 1096.77, -5.35);
insert into STATION values (680, '3.103', 1088, 1794.57, 1108.23, 0.26);
insert into STATION values (681, '3.104', 1088, 1799.78, 1117.13, 0.35);
insert into STATION values (682, '5.1', 1088, 1750.93, 1077.82, 0.15);
insert into STATION values (683, '5.2', 1088, 1739.52, 1094.61, 2.59);
insert into STATION values (684, '3.105', 1088, 1815.87, 1104.54, 0.25);
insert into STATION values (685, '3.106', 1088, 1856.41, 1124.41, 1.97);
insert into STATION values (686, '3.107', 1088, 1863.51, 1165.39, 1.98);
insert into STATION values (687, '3.108', 1088, 1881.89, 1196.39, 2.39);
insert into STATION values (688, '3.109', 1088, 1888.98, 1232.00, 1.87);
insert into STATION values (689, '3.110', 1088, 1914.49, 1264.44, 18.83);
insert into STATION values (690, '3.111', 1088, 1933.55, 1283.96, 23.77);
insert into STATION values (691, '3.112', 1088, 1936.51, 1294.25, 23.91);
insert into STATION values (692, '3.113', 1088, 1939.88, 1303.28, 29.85);
insert into STATION values (693, '3.114', 1088, 1951.02, 1323.07, 44.01);
insert into STATION values (694, '3.115', 1088, 1957.70, 1315.88, 45.61);
insert into STATION values (695, '301.0', 1088, 1642.16, 782.36, -6.97);
insert into STATION values (696, '301.1', 1088, 1638.68, 775.74, -6.11);
insert into STATION values (697, '301.2', 1088, 1619.11, 779.01, -1.91);
insert into STATION values (698, '301.3', 1088, 1591.79, 761.59, -1.40);
insert into STATION values (699, '301.4', 1088, 1558.28, 753.77, 3.22);
insert into STATION values (700, '301.5', 1088, 1516.87, 742.20, -1.25);
insert into STATION values (701, '301.6', 1088, 1518.17, 732.98, -0.56);
insert into STATION values (702, '301.7', 1088, 1514.78, 707.55, 7.01);
insert into STATION values (703, '1.58', 1366, 147.20, -180.99, 2.61);
insert into STATION values (704, '1.59', 1366, 135.02, -194.74, 0.79);
insert into STATION values (705, '1.60', 1366, 131.53, -213.81, 2.41);
insert into STATION values (706, '1.61', 1366, 115.03, -218.06, 2.30);
insert into STATION values (707, '1.62', 1366, 111.23, -232.38, 2.76);
insert into STATION values (708, '1.63', 1366, 102.73, -256.86, 1.16);
insert into STATION values (709, '1.64', 1366, 94.61, -273.35, 3.08);
insert into STATION values (710, '1.65', 1366, 84.30, -293.28, 2.22);
insert into STATION values (711, '1.66', 1366, 72.17, -302.11, 2.67);
insert into STATION values (712, '1.67', 1366, 60.01, -337.47, 2.57);
insert into STATION values (713, '1.68', 1366, 38.40, -370.13, 2.56);
insert into STATION values (714, '1.69', 1366, 59.97, -398.44, 3.07);
insert into STATION values (715, '1.70', 1366, 50.69, -421.87, 1.98);
insert into STATION values (716, '1.71', 1366, 33.34, -430.82, 3.44);
insert into STATION values (717, '1.72', 1366, 28.20, -447.18, 2.30);
insert into STATION values (718, '1.73', 1366, 5.74, -488.24, 3.02);
insert into STATION values (719, '1.74', 1366, -5.74, -509.04, 2.31);
insert into STATION values (720, '1.75', 1366, 3.23, -528.59, 3.24);
insert into STATION values (721, '1.76', 1366, -1.46, -558.11, 2.38);
insert into STATION values (722, '1.77', 1366, -16.74, -583.98, 3.52);
insert into STATION values (723, '1.78', 1366, -28.52, -600.02, 3.06);
insert into STATION values (724, '1.79', 1366, -46.97, -598.27, 3.41);
insert into STATION values (725, '1.80', 1366, -47.66, -609.19, 3.07);
insert into STATION values (726, '1.81', 1366, -63.47, -618.73, 4.02);
insert into STATION values (727, '1.82', 1366, -49.53, -643.21, 3.46);
insert into STATION values (728, '1.83', 1366, -56.11, -666.02, 7.60);
insert into STATION values (729, '1.84', 1366, -72.07, -658.91, 7.24);
insert into STATION values (730, '1.85', 1366, -81.87, -677.66, 8.50);
insert into STATION values (731, '1.86', 1366, -80.94, -688.37, 12.38);
insert into STATION values (732, '1.87', 1366, -59.11, -698.20, 10.76);
insert into STATION values (733, '1.88', 1366, -58.99, -710.99, 7.33);
insert into STATION values (734, '1.89', 1366, -68.35, -720.05, 6.42);
insert into STATION values (735, '1.90', 1366, -81.53, -721.78, 8.03);
insert into STATION values (736, '1.91', 1366, -88.99, -735.72, 7.87);
insert into STATION values (737, '1.92', 1366, -96.40, -764.82, 8.00);
insert into STATION values (738, '1.93', 1366, -106.24, -783.00, 7.47);
insert into STATION values (739, '1.94', 1366, -117.02, -796.86, 7.65);
insert into STATION values (740, '1.95', 1366, -127.81, -804.35, 7.88);
insert into STATION values (741, '1.96', 1366, -133.68, -828.81, 7.37);
insert into STATION values (742, '1.97', 1366, -134.86, -850.41, 7.43);
insert into STATION values (743, '1.98', 1366, -149.30, -872.79, 7.64);
insert into STATION values (744, '1.99', 1366, -161.17, -889.22, 9.44);
insert into STATION values (745, '1.100', 1366, -170.06, -906.10, 9.44);
insert into STATION values (746, '1.101', 1366, -185.24, -927.00, 7.11);
insert into STATION values (747, '1.102', 1366, -183.44, -950.65, 7.67);
insert into STATION values (748, '1.103', 1366, -199.24, -975.41, 8.50);
insert into STATION values (749, '1.104', 1366, -218.75, -999.47, 7.83);
insert into STATION values (750, '1.105', 1366, -229.42, -1014.36, 7.07);
insert into STATION values (751, '1.106', 1366, -229.72, -1031.37, 6.03);
insert into STATION values (752, '1.107', 1366, -216.70, -1044.21, 6.83);
insert into STATION values (753, '1.108', 1366, -222.17, -1050.43, 7.84);
insert into STATION values (754, '1.109', 1366, -221.31, -1056.18, 5.87);
insert into STATION values (755, '1.110', 1366, -221.24, -1067.27, 5.87);
insert into STATION values (756, '1.111', 1366, -224.28, -1075.48, 6.40);
insert into STATION values (757, '1.112', 1366, -222.32, -1083.38, 6.44);
insert into STATION values (758, '1.113', 1366, -236.78, -1092.32, 6.44);
insert into STATION values (759, '1.114', 1366, -232.76, -1101.43, 6.89);
insert into STATION values (760, '1.115', 1366, -245.96, -1112.08, 6.31);
insert into STATION values (761, '1.116', 1366, -250.27, -1130.54, 5.78);
insert into STATION values (762, '1.117', 1366, -248.79, -1151.88, 6.55);
insert into STATION values (763, '1.118', 1366, -252.82, -1161.13, 8.60);
insert into STATION values (764, '105.0', 2010, 45.74, -43.16, 4.96);
insert into STATION values (765, '105.1', 2010, 40.34, -32.89, 4.95);
insert into STATION values (766, '105.2', 2010, 38.30, -28.40, 4.83);
insert into STATION values (767, '105.3', 2010, 43.74, -20.68, 4.91);
insert into STATION values (768, '105.4', 2010, 42.19, -15.86, 4.45);
insert into STATION values (769, '105.5', 2010, 45.90, -11.12, 5.56);
insert into STATION values (770, '105.6', 2010, 61.77, -4.63, 5.17);
insert into STATION values (771, '105.7', 2010, 65.51, 3.48, 5.30);
insert into STATION values (772, '105.8', 2010, 79.15, 10.26, 4.74);
insert into STATION values (773, '105.9', 2010, 83.01, 14.00, 5.14);
insert into STATION values (774, '105.10', 2010, 89.62, 30.12, 5.54);
insert into STATION values (775, '105.11', 2010, 97.60, 31.31, 5.31);
insert into STATION values (776, '105.12', 2010, 104.44, 41.34, 5.05);
insert into STATION values (777, '205.1', 2230, 1255.79, 558.15, -3.48);
insert into STATION values (778, '205.2', 2230, 1260.80, 557.76, -3.67);
insert into STATION values (779, '205.3', 2230, 1249.90, 538.06, -3.17);
insert into STATION values (780, '205.4', 2230, 1256.65, 534.04, -4.24);
insert into STATION values (781, '204.0', 2263, 1287.45, 667.88, -4.02);
insert into STATION values (782, '204.3', 2263, 1286.96, 671.51, -5.89);
insert into STATION values (783, '204.4', 2263, 1281.88, 674.76, -5.17);
insert into STATION values (784, '204.5', 2263, 1269.05, 673.56, -5.63);
insert into STATION values (785, '204.6', 2263, 1247.44, 662.88, -5.37);
insert into STATION values (786, '204.7', 2263, 1250.86, 655.08, -6.22);
insert into STATION values (787, '206.1', 2263, 1286.76, 678.59, -6.16);
insert into STATION values (788, '206.2', 2263, 1284.80, 686.31, -8.36);
insert into STATION values (789, '206.3', 2263, 1278.71, 694.18, -5.04);
insert into STATION values (790, '206.4', 2263, 1272.18, 694.32, -6.28);
insert into STATION values (791, '206.5', 2263, 1270.99, 697.42, -6.89);
insert into STATION values (792, '206.6', 2263, 1267.20, 698.61, -7.26);
insert into STATION values (793, '206.7', 2263, 1267.60, 701.42, -7.26);
insert into STATION values (794, '206.8', 2263, 1262.50, 700.72, -7.28);
insert into STATION values (795, '206.9', 2263, 1263.81, 709.72, -7.25);
insert into STATION values (796, '203.2', 2374, 1329.45, 668.58, -10.07);
insert into STATION values (797, '203.3', 2374, 1337.15, 679.22, -10.62);
insert into STATION values (798, '203.4', 2374, 1330.49, 686.52, -11.35);
insert into STATION values (799, '203.5', 2374, 1338.15, 694.75, -10.34);
insert into STATION values (800, '203.6', 2374, 1343.68, 702.26, -10.58);
insert into STATION values (801, '203.7', 2374, 1345.49, 697.57, -9.71);
insert into STATION values (802, '203.8', 2374, 1351.39, 699.79, -8.33);
insert into STATION values (803, '203.9', 2374, 1360.21, 712.05, -7.77);
insert into STATION values (804, '203.10', 2374, 1373.32, 713.37, -8.05);
insert into STATION values (805, '203.11', 2374, 1388.69, 725.74, -7.61);
insert into STATION values (806, '203.12', 2374, 1396.68, 724.77, -9.30);
insert into STATION values (807, '203.13', 2374, 1395.27, 733.07, -9.64);
insert into STATION values (808, '203.14', 2374, 1388.17, 738.54, -11.82);
insert into STATION values (809, '203.15', 2374, 1394.13, 744.37, -11.20);
insert into STATION values (810, '203.16', 2374, 1392.76, 751.46, -11.09);
insert into STATION values (811, '6.0', 2594, 2551.93, 1553.10, 59.27);
insert into STATION values (812, '-', 2594, 2551.93, 1553.10, 59.27);
insert into STATION values (813, '-', 2594, 2551.34, 1554.12, 59.44);
insert into STATION values (814, '-', 2594, 2551.89, 1553.19, 59.77);
insert into STATION values (815, '-', 2594, 2551.90, 1553.10, 58.95);
insert into STATION values (816, '-', 2594, 2554.86, 1548.83, 59.39);
insert into STATION values (817, '6.1', 2594, 2543.47, 1550.59, 59.62);
insert into STATION values (818, '-', 2594, 2542.36, 1553.01, 59.55);
insert into STATION values (819, '-', 2594, 2543.35, 1550.82, 59.92);
insert into STATION values (820, '-', 2594, 2543.21, 1550.40, 58.60);
insert into STATION values (821, '-', 2594, 2545.97, 1548.72, 59.64);
insert into STATION values (822, '6.2', 2594, 2528.69, 1545.70, 58.92);
insert into STATION values (823, '-', 2594, 2544.15, 1547.88, 59.24);
insert into STATION values (824, '-', 2594, 2529.11, 1543.18, 58.44);
insert into STATION values (825, '-', 2594, 2527.98, 1547.89, 58.41);
insert into STATION values (826, '-', 2594, 2528.37, 1545.95, 60.49);
insert into STATION values (827, '-', 2594, 2528.46, 1545.68, 57.86);
insert into STATION values (828, '6.3', 2594, 2475.31, 1526.36, 57.60);
insert into STATION values (829, '-', 2594, 2475.63, 1525.51, 57.81);
insert into STATION values (830, '-', 2594, 2473.54, 1533.20, 57.74);
insert into STATION values (831, '-', 2594, 2466.14, 1537.21, 57.83);
insert into STATION values (832, '-', 2594, 2483.86, 1533.68, 58.04);
insert into STATION values (833, '-', 2594, 2483.20, 1528.00, 58.09);
insert into STATION values (834, '-', 2594, 2480.56, 1526.57, 57.65);
insert into STATION values (835, '-', 2594, 2482.51, 1530.14, 56.46);
insert into STATION values (836, '-', 2594, 2472.62, 1530.11, 53.95);
insert into STATION values (837, '-', 2594, 2509.67, 1542.20, 58.29);
insert into STATION values (838, '-', 2594, 2500.52, 1533.00, 58.43);
insert into STATION values (839, '-', 2594, 2496.34, 1538.24, 57.92);
insert into STATION values (840, '601.1', 2594, 2455.99, 1530.48, 56.91);
insert into STATION values (841, '-', 2594, 2455.54, 1527.07, 57.06);
insert into STATION values (842, '-', 2594, 2462.85, 1524.77, 57.92);
insert into STATION values (843, '-', 2594, 2446.41, 1530.42, 56.69);
insert into STATION values (844, '-', 2594, 2454.52, 1533.59, 60.28);
insert into STATION values (845, '-', 2594, 2457.46, 1537.40, 58.03);
insert into STATION values (846, '-', 2594, 2466.25, 1537.10, 57.52);
insert into STATION values (847, '-', 2594, 2467.75, 1533.79, 55.24);
insert into STATION values (848, '-', 2594, 2450.89, 1535.41, 58.90);
insert into STATION values (849, '-', 2594, 2449.24, 1534.77, 57.18);
insert into STATION values (850, '601.2', 2594, 2446.47, 1533.55, 56.79);
insert into STATION values (851, '-', 2594, 2444.56, 1530.42, 57.43);
insert into STATION values (852, '-', 2594, 2448.44, 1528.92, 56.51);
insert into STATION values (853, '-', 2594, 2439.42, 1528.91, 57.21);
insert into STATION values (854, '-', 2594, 2443.86, 1533.45, 57.00);
insert into STATION values (855, '-', 2594, 2443.01, 1535.36, 57.37);
insert into STATION values (856, '-', 2594, 2449.50, 1539.43, 57.22);
insert into STATION values (857, '-', 2594, 2445.07, 1537.57, 56.64);
insert into STATION values (858, '-', 2594, 2443.24, 1538.30, 56.77);
insert into STATION values (859, '-', 2594, 2442.20, 1536.67, 57.06);
insert into STATION values (860, '-', 2594, 2443.14, 1535.30, 57.40);
insert into STATION values (861, '-', 2594, 2475.31, 1526.36, 57.60);
insert into STATION values (862, '-', 2594, 2471.66, 1528.91, 54.76);
insert into STATION values (863, '-', 2594, 2475.40, 1529.34, 55.12);
insert into STATION values (864, '6.4', 2594, 2467.78, 1535.27, 55.27);
insert into STATION values (865, '602.0', 2594, 2467.78, 1535.27, 55.27);
insert into STATION values (866, '6.5', 2594, 2470.04, 1536.81, 46.09);
insert into STATION values (867, '-', 2594, 2470.01, 1537.77, 45.97);
insert into STATION values (868, '-', 2594, 2466.14, 1537.57, 46.01);
insert into STATION values (869, '-', 2594, 2463.87, 1536.02, 46.16);
insert into STATION values (870, '-', 2594, 2464.05, 1533.32, 46.18);
insert into STATION values (871, '-', 2594, 2468.87, 1534.44, 46.32);
insert into STATION values (872, '6.6', 2594, 2451.07, 1531.22, 45.78);
insert into STATION values (873, '-', 2594, 2446.45, 1529.02, 46.98);
insert into STATION values (874, '-', 2594, 2439.86, 1533.76, 47.18);
insert into STATION values (875, '-', 2594, 2443.06, 1539.36, 47.63);
insert into STATION values (876, '-', 2594, 2448.94, 1539.39, 46.59);
insert into STATION values (877, '-', 2594, 2452.23, 1534.86, 45.93);
insert into STATION values (878, '-', 2594, 2455.45, 1534.14, 46.20);
insert into STATION values (879, '-', 2594, 2451.47, 1532.86, 55.34);
insert into STATION values (880, '-', 2594, 2460.58, 1532.10, 46.02);
insert into STATION values (881, '-', 2594, 2462.52, 1535.72, 46.35);
insert into STATION values (882, '-', 2594, 2451.41, 1529.25, 45.97);
insert into STATION values (883, '-', 2594, 2451.12, 1531.23, 45.08);
insert into STATION values (884, '6.7', 2594, 2442.43, 1539.29, 47.26);
insert into STATION values (885, '-', 2594, 2442.76, 1531.75, 47.68);
insert into STATION values (886, '-', 2594, 2439.77, 1535.99, 47.64);
insert into STATION values (887, '-', 2594, 2442.29, 1539.06, 47.88);
insert into STATION values (888, '-', 2594, 2441.93, 1538.55, 45.87);
insert into STATION values (889, '-', 2594, 2437.99, 1536.76, 46.13);
insert into STATION values (890, '-', 2594, 2453.16, 1539.18, 47.23);
insert into STATION values (891, '-', 2594, 2449.68, 1536.59, 47.23);
insert into STATION values (892, '6.8', 2594, 2421.41, 1531.86, 45.28);
insert into STATION values (893, '-', 2594, 2416.95, 1537.87, 44.81);
insert into STATION values (894, '-', 2594, 2425.16, 1539.51, 44.89);
insert into STATION values (895, '-', 2594, 2434.43, 1541.02, 45.77);
insert into STATION values (896, '-', 2594, 2440.26, 1540.85, 46.85);
insert into STATION values (897, '-', 2594, 2435.93, 1536.91, 47.17);
insert into STATION values (898, '-', 2594, 2437.21, 1535.69, 46.10);
insert into STATION values (899, '-', 2594, 2437.13, 1534.13, 46.70);
insert into STATION values (900, '-', 2594, 2431.45, 1531.38, 45.91);
insert into STATION values (901, '-', 2594, 2428.13, 1533.82, 41.86);
insert into STATION values (902, '-', 2594, 2425.85, 1533.73, 49.05);
insert into STATION values (903, '-', 2594, 2426.02, 1531.96, 41.86);
insert into STATION values (904, '-', 2594, 2424.03, 1531.50, 43.14);
insert into STATION values (905, '-', 2594, 2431.07, 1525.41, 45.93);
insert into STATION values (906, '-', 2594, 2425.63, 1526.48, 45.16);
insert into STATION values (907, '-', 2594, 2417.49, 1527.73, 43.70);
insert into STATION values (908, '6.9', 2594, 2417.31, 1530.96, 45.19);
insert into STATION values (909, '-', 2594, 2418.74, 1531.58, 45.05);
insert into STATION values (910, '-', 2594, 2417.26, 1531.09, 45.61);
insert into STATION values (911, '-', 2594, 2417.27, 1531.08, 44.71);
insert into STATION values (912, '-', 2594, 2415.76, 1533.65, 45.09);
insert into STATION values (913, '-', 2594, 2416.81, 1527.25, 45.34);
insert into STATION values (914, '6.10', 2594, 2402.64, 1523.49, 45.29);
insert into STATION values (915, '-', 2594, 2401.30, 1527.04, 42.62);
insert into STATION values (916, '-', 2594, 2401.74, 1525.32, 45.50);
insert into STATION values (917, '-', 2594, 2399.95, 1529.61, 45.42);
insert into STATION values (918, '-', 2594, 2402.58, 1523.41, 44.87);
insert into STATION values (919, '-', 2594, 2409.27, 1534.81, 45.13);
insert into STATION values (920, '6.11', 2594, 2384.76, 1521.84, 41.80);
insert into STATION values (921, '-', 2594, 2384.83, 1522.89, 43.32);
insert into STATION values (922, '-', 2594, 2384.95, 1520.93, 43.27);
insert into STATION values (923, '-', 2594, 2385.48, 1521.13, 45.97);
insert into STATION values (924, '-', 2594, 2384.61, 1521.57, 39.89);
insert into STATION values (925, '6.12', 2594, 2370.34, 1517.62, 36.83);
insert into STATION values (926, '-', 2594, 2396.21, 1521.45, 45.47);
insert into STATION values (927, '-', 2594, 2389.46, 1523.76, 45.80);
insert into STATION values (928, '-', 2594, 2370.12, 1518.07, 35.81);
insert into STATION values (929, '-', 2594, 2369.85, 1518.69, 36.87);
insert into STATION values (930, '-', 2594, 2370.05, 1517.29, 36.87);
insert into STATION values (931, '-', 2594, 2370.36, 1517.18, 41.82);
insert into STATION values (932, '-', 2594, 2380.38, 1521.75, 38.62);
insert into STATION values (933, '-', 2594, 2377.63, 1518.47, 38.15);
insert into STATION values (934, '-', 2594, 2364.91, 1516.54, 36.96);
insert into STATION values (935, '6.13', 2594, 2356.24, 1511.66, 36.77);
insert into STATION values (936, '-', 2594, 2355.13, 1513.10, 36.80);
insert into STATION values (937, '-', 2594, 2357.49, 1508.65, 38.00);
insert into STATION values (938, '-', 2594, 2361.09, 1513.22, 36.69);
insert into STATION values (939, '-', 2594, 2359.93, 1513.62, 36.76);
insert into STATION values (940, '-', 2594, 2357.26, 1514.16, 36.80);
insert into STATION values (941, '-', 2594, 2356.59, 1512.01, 38.38);
insert into STATION values (942, '-', 2594, 2356.46, 1513.69, 35.30);
insert into STATION values (943, '6.14', 2594, 2351.57, 1505.41, 37.39);
insert into STATION values (944, '-', 2594, 2350.42, 1508.05, 37.68);
insert into STATION values (945, '-', 2594, 2350.88, 1506.53, 36.33);
insert into STATION values (946, '-', 2594, 2351.27, 1506.13, 38.11);
insert into STATION values (947, '-', 2594, 2351.37, 1505.16, 37.53);
insert into STATION values (948, '-', 2594, 2349.94, 1505.74, 35.41);
insert into STATION values (949, '-', 2594, 2349.98, 1506.80, 35.61);
insert into STATION values (950, '6.15', 2594, 2336.84, 1502.15, 33.78);
insert into STATION values (951, '-', 2594, 2337.63, 1501.00, 38.15);
insert into STATION values (952, '-', 2594, 2345.79, 1494.28, 33.93);
insert into STATION values (953, '-', 2594, 2340.83, 1500.14, 29.76);
insert into STATION values (954, '-', 2594, 2335.61, 1507.57, 35.14);
insert into STATION values (955, '-', 2594, 2342.01, 1505.92, 34.83);
insert into STATION values (956, '-', 2594, 2345.88, 1502.17, 34.35);
insert into STATION values (957, '-', 2594, 2346.06, 1502.12, 34.82);
insert into STATION values (958, '-', 2594, 2336.65, 1505.58, 38.97);
insert into STATION values (959, '-', 2594, 2335.06, 1505.45, 39.22);
insert into STATION values (960, '-', 2594, 2329.55, 1505.66, 31.92);
insert into STATION values (961, '-', 2594, 2333.80, 1504.18, 33.14);
insert into STATION values (962, '-', 2594, 2330.46, 1505.94, 32.23);
insert into STATION values (963, '-', 2594, 2337.84, 1505.45, 36.08);
insert into STATION values (964, '-', 2594, 2333.14, 1508.41, 33.94);
insert into STATION values (965, '-', 2594, 2330.74, 1487.31, 37.11);
insert into STATION values (966, '-', 2594, 2332.31, 1496.97, 35.75);
insert into STATION values (967, '-', 2594, 2329.37, 1492.10, 35.79);
insert into STATION values (968, '-', 2594, 2345.63, 1492.44, 32.44);
insert into STATION values (969, '-', 2594, 2349.48, 1497.60, 32.89);
insert into STATION values (970, '-', 2594, 2348.32, 1491.31, 32.60);
insert into STATION values (971, '6.16', 2594, 2350.01, 1497.22, 32.85);
insert into STATION values (972, '-', 2594, 2350.15, 1497.07, 31.36);
insert into STATION values (973, '-', 2594, 2351.23, 1493.85, 36.52);
insert into STATION values (974, '-', 2594, 2354.22, 1490.61, 33.03);
insert into STATION values (975, '-', 2594, 2350.46, 1497.60, 32.52);
insert into STATION values (976, '-', 2594, 2350.05, 1489.61, 37.69);
insert into STATION values (977, '-', 2594, 2354.25, 1489.29, 38.70);
insert into STATION values (978, '-', 2594, 2361.05, 1492.70, 31.43);
insert into STATION values (979, '-', 2594, 2358.67, 1497.82, 31.61);
insert into STATION values (980, '6.17', 2594, 2371.68, 1493.87, 31.77);
insert into STATION values (981, '-', 2594, 2374.27, 1486.81, 27.81);
insert into STATION values (982, '-', 2594, 2370.86, 1496.72, 32.17);
insert into STATION values (983, '-', 2594, 2370.34, 1495.47, 32.76);
insert into STATION values (984, '-', 2594, 2368.61, 1493.54, 28.87);
insert into STATION values (985, '-', 2594, 2378.58, 1489.26, 29.74);
insert into STATION values (986, '-', 2594, 2376.42, 1489.33, 29.61);
insert into STATION values (987, '6.18', 2594, 2379.76, 1499.13, 34.50);
insert into STATION values (988, '-', 2594, 2381.96, 1495.00, 34.63);
insert into STATION values (989, '-', 2594, 2379.38, 1499.77, 35.11);
insert into STATION values (990, '-', 2594, 2379.85, 1499.04, 35.88);
insert into STATION values (991, '-', 2594, 2379.85, 1498.74, 33.74);
insert into STATION values (992, '6.19', 2594, 2390.07, 1495.52, 37.98);
insert into STATION values (993, '-', 2594, 2389.85, 1495.07, 37.73);
insert into STATION values (994, '-', 2594, 2390.27, 1499.76, 37.90);
insert into STATION values (995, '-', 2594, 2392.50, 1497.88, 46.74);
insert into STATION values (996, '-', 2594, 2390.15, 1496.32, 36.59);
insert into STATION values (997, '6.20', 2594, 2402.54, 1495.23, 38.22);
insert into STATION values (998, '-', 2594, 2393.11, 1494.35, 38.16);
insert into STATION values (999, '-', 2594, 2394.38, 1497.92, 38.56);
insert into STATION values (1000, '-', 2594, 2403.22, 1495.98, 46.84);
insert into STATION values (1001, '-', 2594, 2403.96, 1497.55, 38.51);
insert into STATION values (1002, '-', 2594, 2402.50, 1494.97, 38.20);
insert into STATION values (1003, '-', 2594, 2403.78, 1495.69, 37.02);
insert into STATION values (1004, '6.21', 2594, 2404.86, 1494.51, 36.60);
insert into STATION values (1005, '-', 2594, 2405.47, 1494.75, 39.11);
insert into STATION values (1006, '-', 2594, 2405.10, 1494.13, 36.12);
insert into STATION values (1007, '-', 2594, 2408.18, 1491.52, 37.06);
insert into STATION values (1008, '-', 2594, 2404.71, 1495.06, 36.72);
insert into STATION values (1009, '-', 2594, 2403.18, 1494.07, 36.64);
insert into STATION values (1010, '-', 2594, 2402.73, 1495.05, 37.55);
insert into STATION values (1011, '-', 2594, 2401.31, 1492.86, 35.89);
insert into STATION values (1012, '-', 2594, 2399.52, 1489.88, 34.60);
insert into STATION values (1013, '-', 2594, 2401.64, 1488.54, 36.59);
insert into STATION values (1014, '-', 2594, 2408.39, 1496.51, 37.12);
insert into STATION values (1015, '-', 2594, 2413.84, 1493.30, 36.94);
insert into STATION values (1016, '6.22', 2594, 2418.62, 1497.64, 37.20);
insert into STATION values (1017, '-', 2594, 2419.16, 1495.74, 35.24);
insert into STATION values (1018, '-', 2594, 2418.89, 1497.89, 35.32);
insert into STATION values (1019, '-', 2594, 2415.19, 1500.00, 35.19);
insert into STATION values (1020, '-', 2594, 2417.13, 1497.61, 37.35);
insert into STATION values (1021, '6.23', 2594, 2428.88, 1498.97, 35.04);
insert into STATION values (1022, '-', 2594, 2427.72, 1501.85, 33.21);
insert into STATION values (1023, '-', 2594, 2427.29, 1496.67, 34.51);
insert into STATION values (1024, '-', 2594, 2429.00, 1499.52, 37.15);
insert into STATION values (1025, '-', 2594, 2424.76, 1498.90, 32.86);
insert into STATION values (1026, '-', 2594, 2429.12, 1499.08, 34.72);
insert into STATION values (1027, '-', 2594, 2432.07, 1502.25, 35.05);
insert into STATION values (1028, '6.24', 2594, 2433.92, 1496.42, 34.92);
insert into STATION values (1029, '-', 2594, 2434.64, 1495.01, 34.48);
insert into STATION values (1030, '-', 2594, 2433.47, 1501.68, 35.43);
insert into STATION values (1031, '-', 2594, 2435.31, 1497.89, 34.98);
insert into STATION values (1032, '-', 2594, 2436.12, 1498.39, 32.50);
insert into STATION values (1033, '-', 2594, 2434.71, 1496.61, 37.46);
insert into STATION values (1034, '-', 2594, 2439.11, 1495.94, 34.06);
insert into STATION values (1035, '-', 2594, 2437.45, 1499.87, 34.30);
insert into STATION values (1036, '6.25', 2594, 2448.70, 1501.49, 33.96);
insert into STATION values (1037, '-', 2594, 2448.49, 1502.18, 33.02);
insert into STATION values (1038, '-', 2594, 2448.04, 1503.29, 33.83);
insert into STATION values (1039, '-', 2594, 2449.34, 1500.25, 34.31);
insert into STATION values (1040, '-', 2594, 2452.91, 1502.07, 34.20);
insert into STATION values (1041, '-', 2594, 2441.47, 1501.51, 34.05);
insert into STATION values (1042, '-', 2594, 2444.47, 1497.40, 33.78);
insert into STATION values (1043, '602.1', 2594, 2448.70, 1501.49, 33.96);
insert into STATION values (1044, '6.26', 2594, 2454.60, 1499.73, 33.67);
insert into STATION values (1045, '-', 2594, 2451.37, 1498.75, 33.78);
insert into STATION values (1046, '-', 2594, 2453.74, 1499.32, 33.23);
insert into STATION values (1047, '-', 2594, 2454.76, 1498.97, 38.15);
insert into STATION values (1048, '-', 2594, 2455.03, 1499.69, 33.81);
insert into STATION values (1049, '-', 2594, 2451.99, 1503.02, 35.81);
insert into STATION values (1050, '-', 2594, 2452.19, 1500.79, 34.34);
insert into STATION values (1051, '6.27', 2594, 2452.03, 1488.40, 34.75);
insert into STATION values (1052, '-', 2594, 2449.82, 1493.91, 33.59);
insert into STATION values (1053, '-', 2594, 2454.47, 1495.30, 33.76);
insert into STATION values (1054, '-', 2594, 2455.59, 1491.28, 33.12);
insert into STATION values (1055, '-', 2594, 2458.40, 1486.51, 38.49);
insert into STATION values (1056, '-', 2594, 2451.61, 1488.72, 34.24);
insert into STATION values (1057, '-', 2594, 2453.73, 1489.84, 34.29);
insert into STATION values (1058, '-', 2594, 2453.27, 1489.10, 37.58);
insert into STATION values (1059, '-', 2594, 2454.91, 1493.51, 33.96);
insert into STATION values (1060, '-', 2594, 2450.25, 1491.38, 34.07);
insert into STATION values (1061, '-', 2594, 2456.38, 1490.94, 33.70);
insert into STATION values (1062, '6.28', 2594, 2449.64, 1481.02, 35.22);
insert into STATION values (1063, '-', 2594, 2454.81, 1482.65, 39.93);
insert into STATION values (1064, '-', 2594, 2451.47, 1481.72, 35.06);
insert into STATION values (1065, '-', 2594, 2449.25, 1481.04, 35.13);
insert into STATION values (1066, '-', 2594, 2451.00, 1479.35, 34.32);
insert into STATION values (1067, '-', 2594, 2449.23, 1481.36, 35.20);
insert into STATION values (1068, '-', 2594, 2447.27, 1482.72, 35.75);
insert into STATION values (1069, '-', 2594, 2448.50, 1480.24, 43.93);
insert into STATION values (1070, '-', 2594, 2448.47, 1481.10, 33.87);
insert into STATION values (1071, '-', 2594, 2451.54, 1481.50, 35.14);
insert into STATION values (1072, '-', 2594, 2450.58, 1486.03, 35.00);
insert into STATION values (1073, '-', 2594, 2448.43, 1484.23, 35.06);
insert into STATION values (1074, '-', 2594, 2442.20, 1479.13, 36.11);
insert into STATION values (1075, '-', 2594, 2440.30, 1475.62, 37.18);
insert into STATION values (1076, '-', 2594, 2441.45, 1475.55, 37.06);
insert into STATION values (1077, '6.29', 2594, 2433.81, 1472.60, 38.06);
insert into STATION values (1078, '-', 2594, 2432.08, 1471.03, 47.65);
insert into STATION values (1079, '-', 2594, 2430.96, 1472.62, 38.36);
insert into STATION values (1080, '-', 2594, 2434.15, 1471.46, 38.13);
insert into STATION values (1081, '-', 2594, 2433.57, 1472.90, 37.62);
insert into STATION values (1082, '-', 2594, 2432.54, 1469.38, 37.64);
insert into STATION values (1083, '6.30', 2594, 2434.44, 1467.21, 37.05);
insert into STATION values (1084, '-', 2594, 2433.15, 1467.62, 45.09);
insert into STATION values (1085, '-', 2594, 2432.76, 1467.06, 35.22);
insert into STATION values (1086, '-', 2594, 2432.18, 1467.86, 37.08);
insert into STATION values (1087, '-', 2594, 2434.61, 1466.75, 37.38);
insert into STATION values (1088, '-', 2594, 2434.83, 1469.68, 37.16);
insert into STATION values (1089, '-', 2594, 2432.78, 1469.22, 37.47);
insert into STATION values (1090, '-', 2594, 2431.98, 1463.32, 36.39);
insert into STATION values (1091, '-', 2594, 2431.86, 1465.66, 36.76);
insert into STATION values (1092, '6.31', 2594, 2428.45, 1461.86, 36.37);
insert into STATION values (1093, '-', 2594, 2427.11, 1462.17, 34.83);
insert into STATION values (1094, '-', 2594, 2426.74, 1462.47, 36.51);
insert into STATION values (1095, '-', 2594, 2425.98, 1461.81, 48.14);
insert into STATION values (1096, '-', 2594, 2428.82, 1461.92, 36.16);
insert into STATION values (1097, '-', 2594, 2432.03, 1463.79, 36.07);
insert into STATION values (1098, '-', 2594, 2430.47, 1463.62, 36.40);
insert into STATION values (1099, '-', 2594, 2427.97, 1457.68, 36.71);
insert into STATION values (1100, '-', 2594, 2429.37, 1458.83, 36.94);
insert into STATION values (1101, '6.32', 2594, 2429.05, 1454.77, 37.28);
insert into STATION values (1102, '-', 2594, 2430.02, 1454.20, 44.70);
insert into STATION values (1103, '-', 2594, 2430.03, 1454.47, 36.17);
insert into STATION values (1104, '-', 2594, 2430.25, 1454.81, 37.64);
insert into STATION values (1105, '-', 2594, 2427.94, 1454.32, 38.12);
insert into STATION values (1106, '-', 2594, 2435.06, 1451.04, 38.07);
insert into STATION values (1107, '-', 2594, 2430.56, 1451.74, 37.58);
insert into STATION values (1108, '6.33', 2594, 2435.68, 1447.15, 37.57);
insert into STATION values (1109, '-', 2594, 2435.48, 1446.41, 44.59);
insert into STATION values (1110, '-', 2594, 2436.31, 1446.31, 37.96);
insert into STATION values (1111, '-', 2594, 2434.00, 1446.75, 37.57);
insert into STATION values (1112, '-', 2594, 2436.35, 1446.29, 37.96);
insert into STATION values (1113, '-', 2594, 2435.21, 1446.50, 36.06);
insert into STATION values (1114, '-', 2594, 2431.70, 1450.64, 37.76);
insert into STATION values (1115, '-', 2594, 2433.02, 1452.64, 37.96);
insert into STATION values (1116, '-', 2594, 2434.46, 1442.95, 38.42);
insert into STATION values (1117, '-', 2594, 2436.38, 1444.20, 38.03);
insert into STATION values (1118, '6.34', 2594, 2439.87, 1437.39, 41.15);
insert into STATION values (1119, '-', 2594, 2439.60, 1438.57, 38.91);
insert into STATION values (1120, '-', 2594, 2439.91, 1437.90, 41.90);
insert into STATION values (1121, '-', 2594, 2440.96, 1441.78, 47.55);
insert into STATION values (1122, '-', 2594, 2440.70, 1438.84, 41.06);
insert into STATION values (1123, '-', 2594, 2439.52, 1437.35, 41.28);
insert into STATION values (1124, '-', 2594, 2438.13, 1439.22, 40.52);
insert into STATION values (1125, '-', 2594, 2439.57, 1440.11, 40.44);
insert into STATION values (1126, '-', 2594, 2442.59, 1436.92, 42.11);
insert into STATION values (1127, '-', 2594, 2442.96, 1437.89, 43.17);
insert into STATION values (1128, '6.35', 2594, 2445.96, 1437.39, 43.56);
insert into STATION values (1129, '-', 2594, 2444.97, 1436.08, 48.13);
insert into STATION values (1130, '-', 2594, 2445.61, 1437.70, 42.79);
insert into STATION values (1131, '-', 2594, 2446.23, 1436.69, 43.18);
insert into STATION values (1132, '-', 2594, 2446.23, 1438.72, 43.50);
insert into STATION values (1133, '-', 2594, 2447.94, 1436.93, 43.01);
insert into STATION values (1134, '6.36', 2594, 2449.66, 1440.43, 41.81);
insert into STATION values (1135, '-', 2594, 2449.01, 1440.64, 48.37);
insert into STATION values (1136, '-', 2594, 2449.35, 1439.99, 40.93);
insert into STATION values (1137, '-', 2594, 2448.86, 1441.15, 42.22);
insert into STATION values (1138, '-', 2594, 2447.66, 1436.59, 42.52);
insert into STATION values (1139, '-', 2594, 2449.95, 1439.79, 41.96);
insert into STATION values (1140, '-', 2594, 2453.21, 1442.52, 41.50);
insert into STATION values (1141, '-', 2594, 2455.52, 1442.73, 41.31);
insert into STATION values (1142, '6.37', 2594, 2458.34, 1445.52, 41.27);
insert into STATION values (1143, '-', 2594, 2457.02, 1443.52, 48.69);
insert into STATION values (1144, '-', 2594, 2458.41, 1445.93, 41.68);
insert into STATION values (1145, '-', 2594, 2464.57, 1446.74, 41.27);
insert into STATION values (1146, '-', 2594, 2464.40, 1445.22, 41.44);
insert into STATION values (1147, '6.38', 2594, 2468.63, 1445.98, 42.42);
insert into STATION values (1148, '-', 2594, 2467.34, 1447.31, 48.96);
insert into STATION values (1149, '-', 2594, 2467.58, 1446.76, 40.45);
insert into STATION values (1150, '-', 2594, 2467.82, 1447.27, 42.55);
insert into STATION values (1151, '-', 2594, 2468.41, 1445.69, 42.42);
insert into STATION values (1152, '-', 2594, 2469.37, 1448.14, 42.75);
insert into STATION values (1153, '-', 2594, 2471.12, 1447.09, 43.31);
insert into STATION values (1154, '-', 2594, 2470.33, 1448.43, 43.80);
insert into STATION values (1155, '6.39', 2594, 2471.73, 1450.16, 47.22);
insert into STATION values (1156, '-', 2594, 2472.50, 1449.51, 48.88);
insert into STATION values (1157, '-', 2594, 2472.29, 1449.87, 45.76);
insert into STATION values (1158, '-', 2594, 2474.86, 1448.17, 47.37);
insert into STATION values (1159, '-', 2594, 2471.83, 1450.60, 46.89);
insert into STATION values (1160, '6.40', 2594, 2478.84, 1453.25, 47.23);
insert into STATION values (1161, '-', 2594, 2479.21, 1452.14, 49.21);
insert into STATION values (1162, '-', 2594, 2480.18, 1451.84, 44.79);
insert into STATION values (1163, '-', 2594, 2479.60, 1450.50, 47.32);
insert into STATION values (1164, '-', 2594, 2480.81, 1453.52, 48.30);
insert into STATION values (1165, '-', 2594, 2480.02, 1450.93, 47.10);
insert into STATION values (1166, '-', 2594, 2480.65, 1452.62, 47.07);
insert into STATION values (1167, '-', 2594, 2478.81, 1447.61, 49.47);
insert into STATION values (1168, '-', 2594, 2484.54, 1450.65, 46.96);
insert into STATION values (1169, '-', 2594, 2481.41, 1449.76, 46.85);
insert into STATION values (1170, '6.41', 2594, 2485.27, 1448.74, 47.87);
insert into STATION values (1171, '-', 2594, 2485.11, 1448.20, 48.73);
insert into STATION values (1172, '-', 2594, 2484.82, 1447.50, 45.39);
insert into STATION values (1173, '-', 2594, 2485.93, 1449.44, 47.53);
insert into STATION values (1174, '-', 2594, 2483.43, 1446.16, 48.20);
insert into STATION values (1175, '-', 2594, 2483.09, 1442.85, 48.88);
insert into STATION values (1176, '-', 2594, 2489.03, 1445.24, 49.08);
insert into STATION values (1177, '6.42', 2594, 2488.46, 1440.64, 43.34);
insert into STATION values (1178, '-', 2594, 2489.75, 1441.39, 48.25);
insert into STATION values (1179, '-', 2594, 2489.09, 1441.26, 42.02);
insert into STATION values (1180, '-', 2594, 2491.49, 1441.50, 43.73);
insert into STATION values (1181, '-', 2594, 2487.93, 1441.01, 43.52);
insert into STATION values (1182, '-', 2594, 2486.59, 1442.72, 43.57);
insert into STATION values (1183, '-', 2594, 2487.45, 1444.94, 43.95);
insert into STATION values (1184, '-', 2594, 2491.71, 1437.95, 43.60);
insert into STATION values (1185, '-', 2594, 2488.93, 1436.10, 43.73);
insert into STATION values (1186, '6.43', 2594, 2490.66, 1434.13, 44.89);
insert into STATION values (1187, '-', 2594, 2491.56, 1433.13, 49.61);
insert into STATION values (1188, '-', 2594, 2490.15, 1434.14, 45.37);
insert into STATION values (1189, '-', 2594, 2493.03, 1434.90, 48.11);
insert into STATION values (1190, '-', 2594, 2489.17, 1434.16, 47.52);
insert into STATION values (1191, '-', 2594, 2491.86, 1432.23, 42.45);
insert into STATION values (1192, '-', 2594, 2491.13, 1436.35, 44.57);
insert into STATION values (1193, '-', 2594, 2488.05, 1439.42, 43.42);
insert into STATION values (1194, '6.44', 2594, 2494.69, 1426.44, 43.82);
insert into STATION values (1195, '-', 2594, 2496.68, 1426.77, 49.05);
insert into STATION values (1196, '-', 2594, 2494.07, 1426.99, 42.04);
insert into STATION values (1197, '-', 2594, 2495.12, 1427.43, 43.91);
insert into STATION values (1198, '-', 2594, 2493.43, 1428.78, 43.64);
insert into STATION values (1199, '-', 2594, 2490.67, 1430.03, 42.94);
insert into STATION values (1200, '-', 2594, 2494.56, 1426.08, 42.99);
insert into STATION values (1201, '6.46', 2594, 2496.25, 1426.71, 43.73);
insert into STATION values (1202, '6.45', 2594, 2496.24, 1426.71, 43.72);
insert into STATION values (1203, '-', 2594, 2495.97, 1425.62, 48.88);
insert into STATION values (1204, '-', 2594, 2495.96, 1426.49, 42.59);
insert into STATION values (1205, '-', 2594, 2495.90, 1425.50, 43.94);
insert into STATION values (1206, '-', 2594, 2496.64, 1426.67, 44.08);
insert into STATION values (1207, '6.47', 2594, 2499.50, 1420.14, 44.50);
insert into STATION values (1208, '-', 2594, 2500.45, 1421.96, 49.14);
insert into STATION values (1209, '-', 2594, 2500.59, 1425.14, 48.15);
insert into STATION values (1210, '-', 2594, 2500.12, 1419.05, 46.38);
insert into STATION values (1211, '-', 2594, 2499.91, 1420.50, 43.15);
insert into STATION values (1212, '-', 2594, 2499.61, 1421.29, 44.27);
insert into STATION values (1213, '-', 2594, 2497.54, 1420.72, 43.10);
insert into STATION values (1214, '-', 2594, 2497.36, 1423.29, 43.63);
insert into STATION values (1215, '-', 2594, 2504.81, 1421.28, 45.62);
insert into STATION values (1216, '6.48', 2594, 2509.67, 1424.62, 47.23);
insert into STATION values (1217, '-', 2594, 2509.47, 1424.40, 49.38);
insert into STATION values (1218, '-', 2594, 2510.65, 1422.07, 48.81);
insert into STATION values (1219, '-', 2594, 2507.96, 1427.49, 48.52);
insert into STATION values (1220, '-', 2594, 2509.31, 1424.47, 45.94);
insert into STATION values (1221, '-', 2594, 2512.19, 1426.62, 45.93);
insert into STATION values (1222, '-', 2594, 2512.51, 1425.87, 45.80);
insert into STATION values (1223, '6.49', 2594, 2514.52, 1426.08, 48.42);
insert into STATION values (1224, '-', 2594, 2513.83, 1426.40, 47.54);
insert into STATION values (1225, '-', 2594, 2514.46, 1426.73, 49.31);
insert into STATION values (1226, '-', 2594, 2513.40, 1430.50, 49.15);
insert into STATION values (1227, '-', 2594, 2515.48, 1424.18, 48.85);
insert into STATION values (1228, '6.50', 2594, 2525.20, 1433.67, 48.95);
insert into STATION values (1229, '-', 2594, 2525.08, 1433.31, 48.77);
insert into STATION values (1230, '-', 2594, 2525.36, 1433.40, 49.70);
insert into STATION values (1231, '-', 2594, 2526.62, 1428.61, 49.67);
insert into STATION values (1232, '-', 2594, 2525.05, 1435.65, 49.39);
insert into STATION values (1233, '-', 2594, 2528.23, 1435.50, 48.84);
insert into STATION values (1234, '-', 2594, 2538.17, 1436.54, 49.94);
insert into STATION values (1235, '6.51', 2594, 2533.63, 1434.41, 47.22);
insert into STATION values (1236, '6.12', 2799, 2370.34, 1517.62, 36.83);
insert into STATION values (1237, '-', 2799, 2370.34, 1517.62, 36.83);
insert into STATION values (1238, '7.1', 2799, 2361.46, 1514.47, 36.93);
insert into STATION values (1239, '7.2', 2799, 2360.04, 1512.92, 40.51);
insert into STATION values (1240, '-', 2799, 2361.46, 1514.47, 36.93);
insert into STATION values (1241, '-', 2799, 2361.80, 1513.50, 36.93);
insert into STATION values (1242, '-', 2799, 2361.49, 1514.35, 35.68);
insert into STATION values (1243, '-', 2799, 2361.29, 1514.08, 42.90);
insert into STATION values (1244, '-', 2799, 2360.04, 1512.92, 40.51);
insert into STATION values (1245, '7.3', 2799, 2353.98, 1513.74, 45.01);
insert into STATION values (1246, '-', 2799, 2360.04, 1512.92, 40.51);
insert into STATION values (1247, '-', 2799, 2359.65, 1514.13, 40.55);
insert into STATION values (1248, '-', 2799, 2360.22, 1512.93, 35.94);
insert into STATION values (1249, '-', 2799, 2358.84, 1513.82, 45.73);
insert into STATION values (1250, '-', 2799, 2353.98, 1513.74, 45.01);
insert into STATION values (1251, '-', 2799, 2353.31, 1516.09, 45.09);
insert into STATION values (1252, '-', 2799, 2355.38, 1510.15, 44.96);
insert into STATION values (1253, '-', 2799, 2354.05, 1513.68, 43.43);
insert into STATION values (1254, '-', 2799, 2356.85, 1512.94, 42.53);
insert into STATION values (1255, '-', 2799, 2357.24, 1514.10, 42.31);
insert into STATION values (1256, '-', 2799, 2364.35, 1513.63, 44.43);
insert into STATION values (1257, '-', 2799, 2364.65, 1518.08, 44.49);
insert into STATION values (1258, '7.4', 2799, 2329.45, 1501.22, 44.73);
insert into STATION values (1259, '-', 2799, 2335.32, 1506.88, 44.64);
insert into STATION values (1260, '-', 2799, 2332.15, 1507.78, 44.52);
insert into STATION values (1261, '-', 2799, 2334.54, 1502.64, 45.08);
insert into STATION values (1262, '-', 2799, 2335.38, 1507.20, 44.09);
insert into STATION values (1263, '-', 2799, 2329.76, 1500.13, 44.90);
insert into STATION values (1264, '-', 2799, 2327.24, 1505.34, 44.46);
insert into STATION values (1265, '-', 2799, 2329.33, 1501.82, 45.55);
insert into STATION values (1266, '-', 2799, 2327.97, 1502.82, 43.41);
insert into STATION values (1267, '7.5', 2799, 2314.28, 1499.10, 44.59);
insert into STATION values (1268, '-', 2799, 2315.95, 1504.40, 44.32);
insert into STATION values (1269, '-', 2799, 2314.61, 1499.21, 44.99);
insert into STATION values (1270, '-', 2799, 2314.18, 1499.63, 44.07);
insert into STATION values (1271, '-', 2799, 2314.80, 1497.81, 44.84);
insert into STATION values (1272, '-', 2799, 2325.63, 1499.89, 43.81);
insert into STATION values (1273, '-', 2799, 2322.58, 1497.96, 44.63);
insert into STATION values (1274, '-', 2799, 2322.77, 1502.33, 44.13);
insert into STATION values (1275, '7.6', 2799, 2297.48, 1505.76, 44.25);
insert into STATION values (1276, '-', 2799, 2300.14, 1508.92, 44.18);
insert into STATION values (1277, '-', 2799, 2296.19, 1504.58, 45.16);
insert into STATION values (1278, '-', 2799, 2297.87, 1506.00, 45.01);
insert into STATION values (1279, '-', 2799, 2297.85, 1506.16, 44.04);
insert into STATION values (1280, '-', 2799, 2309.14, 1504.51, 44.41);
insert into STATION values (1281, '7.7', 2799, 2292.03, 1512.93, 44.68);
insert into STATION values (1282, '-', 2799, 2290.78, 1510.01, 44.49);
insert into STATION values (1283, '-', 2799, 2291.51, 1511.67, 45.15);
insert into STATION values (1284, '-', 2799, 2291.31, 1512.04, 43.75);
insert into STATION values (1285, '-', 2799, 2292.38, 1513.81, 44.78);
insert into STATION values (1286, '7.8', 2799, 2279.50, 1515.52, 44.25);
insert into STATION values (1287, '-', 2799, 2281.11, 1518.25, 44.22);
insert into STATION values (1288, '-', 2799, 2279.33, 1515.19, 44.47);
insert into STATION values (1289, '-', 2799, 2280.38, 1517.25, 43.50);
insert into STATION values (1290, '-', 2799, 2280.64, 1516.86, 45.10);
insert into STATION values (1291, '-', 2799, 2280.34, 1519.17, 44.31);
insert into STATION values (1292, '-', 2799, 2284.61, 1516.59, 44.30);
insert into STATION values (1293, '7.9', 2799, 2278.92, 1525.48, 44.18);
insert into STATION values (1294, '-', 2799, 2279.97, 1525.68, 44.09);
insert into STATION values (1295, '-', 2799, 2274.87, 1524.94, 45.40);
insert into STATION values (1296, '-', 2799, 2277.80, 1524.34, 45.38);
insert into STATION values (1297, '-', 2799, 2278.23, 1524.23, 43.42);
insert into STATION values (1298, '-', 2799, 2279.19, 1520.80, 45.10);
insert into STATION values (1299, '-', 2799, 2277.10, 1518.05, 45.01);
insert into STATION values (1300, '7.10', 2799, 2268.92, 1534.04, 43.73);
insert into STATION values (1301, '-', 2799, 2268.49, 1533.79, 43.67);
insert into STATION values (1302, '-', 2799, 2271.47, 1535.73, 43.68);
insert into STATION values (1303, '-', 2799, 2270.16, 1533.60, 44.87);
insert into STATION values (1304, '-', 2799, 2269.95, 1535.18, 43.08);
insert into STATION values (1305, '7.11', 2799, 2266.08, 1545.39, 44.43);
insert into STATION values (1306, '-', 2799, 2266.00, 1545.33, 45.03);
insert into STATION values (1307, '-', 2799, 2265.56, 1545.16, 42.95);
insert into STATION values (1308, '-', 2799, 2266.47, 1547.15, 44.86);
insert into STATION values (1309, '-', 2799, 2265.38, 1544.92, 44.42);
insert into STATION values (1310, '-', 2799, 2263.02, 1548.33, 44.23);
insert into STATION values (1311, '-', 2799, 2260.04, 1547.86, 42.79);
insert into STATION values (1312, '7.12', 2799, 2257.80, 1557.05, 43.96);
insert into STATION values (1313, '-', 2799, 2258.83, 1556.71, 43.92);
insert into STATION values (1314, '-', 2799, 2258.04, 1556.96, 45.06);
insert into STATION values (1315, '-', 2799, 2258.25, 1556.80, 42.60);
insert into STATION values (1316, '-', 2799, 2257.62, 1557.16, 44.07);
insert into STATION values (1317, '-', 2799, 2256.36, 1557.42, 43.87);
insert into STATION values (1318, '7.13', 2799, 2273.64, 1563.37, 43.75);
insert into STATION values (1319, '-', 2799, 2273.48, 1564.30, 43.77);
insert into STATION values (1320, '-', 2799, 2273.81, 1562.65, 43.82);
insert into STATION values (1321, '-', 2799, 2273.76, 1563.31, 43.04);
insert into STATION values (1322, '-', 2799, 2273.92, 1562.90, 45.58);
insert into STATION values (1323, '-', 2799, 2277.31, 1563.64, 45.38);
insert into STATION values (1324, '7.14', 2799, 2263.09, 1563.60, 43.01);
insert into STATION values (1325, '-', 2799, 2263.82, 1562.95, 42.87);
insert into STATION values (1326, '-', 2799, 2258.97, 1565.09, 42.74);
insert into STATION values (1327, '-', 2799, 2263.81, 1563.41, 45.48);
insert into STATION values (1328, '-', 2799, 2263.10, 1563.50, 42.55);
insert into STATION values (1329, '-', 2799, 2264.73, 1563.89, 43.18);
insert into STATION values (1330, '7.15', 2799, 2269.48, 1566.60, 44.03);
insert into STATION values (1331, '-', 2799, 2269.12, 1567.25, 44.05);
insert into STATION values (1332, '-', 2799, 2269.50, 1566.81, 44.95);
insert into STATION values (1333, '-', 2799, 2269.46, 1566.90, 42.51);
insert into STATION values (1334, '7.16', 2799, 2286.24, 1571.52, 44.43);
insert into STATION values (1335, '-', 2799, 2285.87, 1572.34, 44.48);
insert into STATION values (1336, '-', 2799, 2286.08, 1571.84, 45.30);
insert into STATION values (1337, '-', 2799, 2284.33, 1571.40, 43.19);
insert into STATION values (1338, '-', 2799, 2284.25, 1571.37, 44.10);
insert into STATION values (1339, '7.17', 2799, 2268.93, 1572.00, 43.57);
insert into STATION values (1340, '-', 2799, 2268.84, 1571.30, 43.55);
insert into STATION values (1341, '-', 2799, 2266.44, 1570.44, 43.85);
insert into STATION values (1342, '-', 2799, 2270.19, 1573.28, 44.39);
insert into STATION values (1343, '-', 2799, 2269.00, 1573.51, 43.66);
insert into STATION values (1344, '-', 2799, 2268.63, 1572.11, 44.79);
insert into STATION values (1345, '-', 2799, 2268.72, 1571.87, 42.31);
insert into STATION values (1346, '7.18', 2799, 2267.26, 1572.25, 43.50);
insert into STATION values (1347, '-', 2799, 2266.25, 1573.77, 42.31);
insert into STATION values (1348, '-', 2799, 2267.90, 1570.47, 42.45);
insert into STATION values (1349, '-', 2799, 2267.76, 1571.71, 44.94);
insert into STATION values (1350, '-', 2799, 2266.83, 1572.52, 41.90);
insert into STATION values (1351, '7.19', 2799, 2261.50, 1571.12, 44.25);
insert into STATION values (1352, '-', 2799, 2261.57, 1571.43, 44.81);
insert into STATION values (1353, '-', 2799, 2261.66, 1571.53, 43.30);
insert into STATION values (1354, '-', 2799, 2261.76, 1574.40, 43.64);
insert into STATION values (1355, '7.20', 2799, 2253.89, 1571.53, 42.71);
insert into STATION values (1356, '-', 2799, 2255.50, 1572.01, 44.70);
insert into STATION values (1357, '-', 2799, 2254.20, 1571.80, 42.12);
insert into STATION values (1358, '-', 2799, 2253.65, 1571.24, 42.66);
insert into STATION values (1359, '-', 2799, 2257.14, 1572.20, 43.23);
insert into STATION values (1360, '-', 2799, 2257.78, 1573.24, 44.11);
insert into STATION values (1361, '7.21', 2799, 2256.20, 1573.49, 42.35);
insert into STATION values (1362, '-', 2799, 2253.07, 1572.24, 42.48);
insert into STATION values (1363, '-', 2799, 2255.71, 1573.57, 42.67);
insert into STATION values (1364, '-', 2799, 2255.32, 1573.44, 41.57);
insert into STATION values (1365, '7.22', 2799, 2251.33, 1578.72, 42.44);
insert into STATION values (1366, '-', 2799, 2250.34, 1579.50, 42.25);
insert into STATION values (1367, '-', 2799, 2253.00, 1577.54, 42.72);
insert into STATION values (1368, '-', 2799, 2252.02, 1579.23, 40.56);
insert into STATION values (1369, '-', 2799, 2251.57, 1578.14, 43.61);
insert into STATION values (1370, '-', 2799, 2254.21, 1578.52, 42.62);
insert into STATION values (1371, '-', 2799, 2250.15, 1577.25, 42.17);
insert into STATION values (1372, '7.23', 2799, 2259.61, 1583.38, 41.57);
insert into STATION values (1373, '-', 2799, 2258.87, 1584.13, 41.66);
insert into STATION values (1374, '-', 2799, 2257.22, 1581.10, 42.78);
insert into STATION values (1375, '-', 2799, 2259.40, 1583.40, 44.06);
insert into STATION values (1376, '-', 2799, 2258.52, 1586.49, 20.56);
insert into STATION values (1377, '7.24', 2799, 2258.09, 1586.19, 20.66);
insert into STATION values (1378, '-', 2799, 2260.83, 1588.30, 21.27);
insert into STATION values (1379, '-', 2799, 2252.20, 1583.05, 22.56);
insert into STATION values (1380, '-', 2799, 2260.34, 1583.87, 42.92);
insert into STATION values (1381, '-', 2799, 2257.90, 1586.30, 20.38);
insert into STATION values (1382, '-', 2799, 2255.61, 1590.71, 22.32);
insert into STATION values (1383, '-', 2799, 2259.97, 1589.75, 22.57);
insert into STATION values (1384, '-', 2799, 2262.76, 1587.98, 22.69);
insert into STATION values (1385, '-', 2799, 2259.00, 1582.12, 23.10);
insert into STATION values (1386, '-', 2799, 2254.24, 1581.85, 23.77);
insert into STATION values (1387, '7.25', 2799, 2248.59, 1592.63, 28.36);
insert into STATION values (1388, '-', 2799, 2249.37, 1591.05, 28.35);
insert into STATION values (1389, '-', 2799, 2240.82, 1607.27, 31.95);
insert into STATION values (1390, '-', 2799, 2246.41, 1596.92, 34.53);
insert into STATION values (1391, '-', 2799, 2249.93, 1590.99, 25.98);
insert into STATION values (1392, '7.26', 2799, 2241.77, 1592.44, 28.62);
insert into STATION values (1393, '-', 2799, 2232.20, 1584.96, 32.40);
insert into STATION values (1394, '-', 2799, 2233.70, 1600.25, 31.32);
insert into STATION values (1395, '-', 2799, 2247.59, 1590.14, 27.92);
insert into STATION values (1396, '-', 2799, 2252.30, 1593.59, 28.67);
insert into STATION values (1397, '-', 2799, 2260.05, 1598.44, 29.27);
insert into STATION values (1398, '-', 2799, 2241.29, 1585.62, 29.26);
insert into STATION values (1399, '-', 2799, 2258.74, 1610.09, 35.02);
insert into STATION values (1400, '-', 2799, 2265.15, 1605.57, 34.01);
insert into STATION values (1401, '-', 2799, 2262.83, 1600.21, 30.17);
insert into STATION values (1402, '-', 2799, 2249.69, 1597.24, 28.65);
insert into STATION values (1403, '7.27', 2799, 2227.81, 1590.43, 33.10);
insert into STATION values (1404, '-', 2799, 2226.04, 1593.20, 33.16);
insert into STATION values (1405, '-', 2799, 2229.33, 1584.96, 33.37);
insert into STATION values (1406, '-', 2799, 2227.84, 1590.23, 33.42);
insert into STATION values (1407, '-', 2799, 2227.97, 1588.67, 32.22);
insert into STATION values (1408, '7.28', 2799, 2213.56, 1578.56, 32.27);
insert into STATION values (1409, '-', 2799, 2214.30, 1575.87, 33.03);
insert into STATION values (1410, '-', 2799, 2210.41, 1582.67, 32.26);
insert into STATION values (1411, '-', 2799, 2212.85, 1579.27, 33.66);
insert into STATION values (1412, '-', 2799, 2210.57, 1579.21, 30.28);
insert into STATION values (1413, '7.29', 2799, 2185.61, 1566.78, 33.82);
insert into STATION values (1414, '-', 2799, 2182.52, 1569.64, 34.55);
insert into STATION values (1415, '-', 2799, 2185.57, 1566.77, 34.72);
insert into STATION values (1416, '-', 2799, 2188.15, 1563.48, 33.41);
insert into STATION values (1417, '-', 2799, 2185.83, 1566.65, 32.19);
insert into STATION values (1418, '7.30', 2799, 2175.24, 1548.95, 22.56);
insert into STATION values (1419, '-', 2799, 2178.82, 1544.08, 23.24);
insert into STATION values (1420, '-', 2799, 2169.21, 1553.71, 26.03);
insert into STATION values (1421, '-', 2799, 2176.01, 1549.54, 30.50);
insert into STATION values (1422, '-', 2799, 2175.30, 1548.90, 22.15);
insert into STATION values (1423, '-', 2799, 2180.31, 1545.78, 23.52);
insert into STATION values (1424, '-', 2799, 2181.24, 1548.97, 24.97);
insert into STATION values (1425, '-', 2799, 2187.75, 1557.29, 30.30);
insert into STATION values (1426, '-', 2799, 2189.99, 1562.81, 32.89);
insert into STATION values (1427, '-', 2799, 2182.70, 1570.96, 32.32);
insert into STATION values (1428, '-', 2799, 2175.51, 1569.94, 29.96);
insert into STATION values (1429, '-', 2799, 2171.57, 1565.15, 29.88);
insert into STATION values (1430, '-', 2799, 2167.34, 1558.02, 30.27);
insert into STATION values (1431, '-', 2799, 2166.69, 1550.35, 24.38);
insert into STATION values (1432, '-', 2799, 2168.62, 1546.75, 19.51);
insert into STATION values (1433, '-', 2799, 2173.78, 1544.46, 19.60);
insert into STATION values (1434, '7.31', 2799, 2167.33, 1544.00, 17.79);
insert into STATION values (1435, '-', 2799, 2172.94, 1539.93, 18.00);
insert into STATION values (1436, '-', 2799, 2164.21, 1546.69, 18.27);
insert into STATION values (1437, '-', 2799, 2167.26, 1543.83, 18.83);
insert into STATION values (1438, '-', 2799, 2166.89, 1543.25, 16.59);
insert into STATION values (1439, '7.32', 2799, 2155.24, 1532.37, 18.91);
insert into STATION values (1440, '-', 2799, 2155.17, 1524.51, 19.08);
insert into STATION values (1441, '-', 2799, 2154.51, 1535.96, 18.77);
insert into STATION values (1442, '-', 2799, 2155.12, 1532.35, 17.69);
insert into STATION values (1443, '7.33', 2799, 2151.61, 1532.26, 16.52);
insert into STATION values (1444, '-', 2799, 2150.39, 1534.44, 16.34);
insert into STATION values (1445, '-', 2799, 2151.77, 1531.79, 15.81);
insert into STATION values (1446, '-', 2799, 2151.60, 1532.22, 15.50);
insert into STATION values (1447, '-', 2799, 2151.55, 1532.48, 16.86);
insert into STATION values (1448, '-', 2799, 2154.30, 1535.91, 16.18);
insert into STATION values (1449, '7.34', 2799, 2131.75, 1527.03, 17.12);
insert into STATION values (1450, '-', 2799, 2131.51, 1528.45, 16.83);
insert into STATION values (1451, '-', 2799, 2132.91, 1523.65, 16.95);
insert into STATION values (1452, '-', 2799, 2131.73, 1526.88, 15.51);
insert into STATION values (1453, '-', 2799, 2132.18, 1525.29, 17.92);
insert into STATION values (1454, '7.35', 2799, 2125.09, 1519.12, 18.63);
insert into STATION values (1455, '-', 2799, 2122.27, 1526.23, 18.64);
insert into STATION values (1456, '-', 2799, 2124.92, 1519.18, 17.73);
insert into STATION values (1457, '-', 2799, 2124.92, 1519.48, 19.78);
insert into STATION values (1458, '7.36', 2799, 2091.84, 1508.69, 5.32);
insert into STATION values (1459, '-', 2799, 2089.18, 1487.16, -1.04);
insert into STATION values (1460, '-', 2799, 2066.84, 1488.04, 16.99);
insert into STATION values (1461, '-', 2799, 2050.21, 1488.30, 22.67);
insert into STATION values (1462, '-', 2799, 2047.51, 1490.28, 23.59);
insert into STATION values (1463, '-', 2799, 2099.43, 1494.91, 6.15);
insert into STATION values (1464, '-', 2799, 2109.09, 1504.45, 7.08);
insert into STATION values (1465, '-', 2799, 2115.22, 1506.82, 1.44);
insert into STATION values (1466, '-', 2799, 2120.43, 1513.99, 14.13);
insert into STATION values (1467, '-', 2799, 2104.75, 1514.82, 7.09);
insert into STATION values (1468, '-', 2799, 2095.17, 1517.66, 7.85);
insert into STATION values (1469, '-', 2799, 2085.41, 1509.36, 5.94);
insert into STATION values (1470, '-', 2799, 2079.04, 1505.38, 5.84);
insert into STATION values (1471, '-', 2799, 2088.15, 1504.45, 22.27);
insert into STATION values (1472, '7.37', 2799, 2081.88, 1492.51, 1.72);
insert into STATION values (1473, '-', 2799, 2092.82, 1501.46, 2.86);
insert into STATION values (1474, '-', 2799, 2085.67, 1484.81, -2.50);
insert into STATION values (1475, '-', 2799, 2078.91, 1503.96, 3.59);
insert into STATION values (1476, '-', 2799, 2083.23, 1492.55, -1.98);
insert into STATION values (1477, '-', 2799, 2083.70, 1493.59, 22.99);
insert into STATION values (1478, '-', 2799, 2104.67, 1492.38, -8.92);
insert into STATION values (1479, '-', 2799, 2103.50, 1485.97, -9.09);
insert into STATION values (1480, '7.38', 2799, 2057.10, 1501.72, 14.13);
insert into STATION values (1481, '-', 2799, 2057.26, 1502.29, 14.17);
insert into STATION values (1482, '-', 2799, 2056.66, 1487.14, 19.44);
insert into STATION values (1483, '-', 2799, 2056.63, 1499.86, 24.07);
insert into STATION values (1484, '-', 2799, 2056.79, 1499.73, 12.83);
insert into STATION values (1485, '7.39', 2799, 2048.09, 1495.00, 21.71);
insert into STATION values (1486, '-', 2799, 2049.81, 1488.50, 23.12);
insert into STATION values (1487, '-', 2799, 2048.16, 1502.70, 22.70);
insert into STATION values (1488, '-', 2799, 2048.58, 1496.52, 23.02);
insert into STATION values (1489, '-', 2799, 2047.97, 1495.37, 20.27);
insert into STATION values (1490, '7.40', 2799, 2040.25, 1505.15, 23.14);
insert into STATION values (1491, '-', 2799, 2041.72, 1507.01, 23.04);
insert into STATION values (1492, '-', 2799, 2038.49, 1502.81, 23.06);
insert into STATION values (1493, '-', 2799, 2040.09, 1505.08, 21.98);
insert into STATION values (1494, '7.41', 2799, 2022.98, 1515.95, 22.74);
insert into STATION values (1495, '-', 2799, 2020.73, 1513.59, 23.06);
insert into STATION values (1496, '-', 2799, 2022.97, 1515.97, 23.01);
insert into STATION values (1497, '-', 2799, 2023.00, 1515.92, 22.36);
insert into STATION values (1498, '-', 2799, 2026.74, 1520.12, 23.05);
insert into STATION values (1499, '-', 2799, 2037.83, 1512.23, 22.60);
insert into STATION values (1500, '-', 2799, 2031.92, 1506.54, 22.91);
insert into STATION values (1501, '7.42', 2799, 2018.81, 1516.53, 23.90);
insert into STATION values (1502, '-', 2799, 2014.43, 1522.34, 23.43);
insert into STATION values (1503, '-', 2799, 2020.20, 1513.71, 23.65);
insert into STATION values (1504, '-', 2799, 2018.54, 1516.76, 22.92);
insert into STATION values (1505, '7.43', 2799, 2005.97, 1507.53, 22.27);
insert into STATION values (1506, '-', 2799, 2000.37, 1509.42, 21.94);
insert into STATION values (1507, '-', 2799, 2012.46, 1504.77, 22.37);
insert into STATION values (1508, '-', 2799, 2006.02, 1507.53, 24.56);
insert into STATION values (1509, '-', 2799, 2005.96, 1507.92, 20.90);
insert into STATION values (1510, '7.44', 2799, 1996.27, 1491.14, 23.63);
insert into STATION values (1511, '-', 2799, 1995.66, 1491.16, 24.38);
insert into STATION values (1512, '-', 2799, 1996.30, 1491.10, 24.55);
insert into STATION values (1513, '-', 2799, 2010.02, 1489.30, 24.12);
insert into STATION values (1514, '-', 2799, 1996.88, 1490.66, 22.30);
insert into STATION values (1515, '7.45', 2799, 2010.43, 1470.48, 24.52);
insert into STATION values (1516, '-', 2799, 2015.46, 1473.25, 23.21);
insert into STATION values (1517, '-', 2799, 2004.51, 1468.57, 21.10);
insert into STATION values (1518, '-', 2799, 2010.46, 1470.31, 22.71);
insert into STATION values (1519, '-', 2799, 1999.06, 1483.48, 23.42);
insert into STATION values (1520, '7.46', 2799, 2011.91, 1459.78, 22.35);
insert into STATION values (1521, '-', 2799, 2014.35, 1463.74, 24.15);
insert into STATION values (1522, '-', 2799, 2003.51, 1455.88, 22.87);
insert into STATION values (1523, '-', 2799, 2012.89, 1458.83, 21.88);
insert into STATION values (1524, '-', 2799, 2012.00, 1459.54, 21.59);
insert into STATION values (1525, '-', 2799, 2011.58, 1461.86, 24.70);
insert into STATION values (1526, '-', 2799, 2002.73, 1460.20, 24.82);
insert into STATION values (1527, '-', 2799, 2005.34, 1465.37, 24.71);
insert into STATION values (1528, '7.47', 2799, 2000.47, 1440.72, 22.41);
insert into STATION values (1529, '-', 2799, 2006.30, 1439.96, 20.65);
insert into STATION values (1530, '-', 2799, 1996.20, 1441.16, 22.23);
insert into STATION values (1531, '-', 2799, 2001.88, 1439.99, 20.81);
insert into STATION values (1532, '-', 2799, 2007.72, 1445.54, 20.77);
insert into STATION values (1533, '-', 2799, 2000.85, 1449.70, 21.86);
insert into STATION values (1534, '-', 2799, 2000.47, 1440.89, 24.28);
insert into STATION values (1535, '7.48', 2799, 2002.64, 1429.02, 22.48);
insert into STATION values (1536, '-', 2799, 1995.85, 1428.67, 22.21);
insert into STATION values (1537, '-', 2799, 2005.95, 1430.61, 22.86);
insert into STATION values (1538, '-', 2799, 2003.14, 1428.57, 24.71);
insert into STATION values (1539, '-', 2799, 2002.54, 1429.04, 21.47);
insert into STATION values (1540, '-', 2799, 2008.63, 1433.27, 24.87);
insert into STATION values (1541, '-', 2799, 1996.24, 1428.19, 22.40);
insert into STATION values (1542, '-', 2799, 1996.82, 1421.18, 23.77);
insert into STATION values (1543, '7.49', 2799, 1999.41, 1417.50, 22.49);
insert into STATION values (1544, '-', 2799, 2010.40, 1422.40, 25.27);
insert into STATION values (1545, '-', 2799, 1998.32, 1416.52, 23.07);
insert into STATION values (1546, '-', 2799, 1999.42, 1417.54, 23.20);
insert into STATION values (1547, '7.50', 2799, 2012.01, 1411.37, 22.24);
insert into STATION values (1548, '-', 2799, 2010.42, 1410.28, 22.32);
insert into STATION values (1549, '-', 2799, 2018.65, 1414.99, 22.94);
insert into STATION values (1550, '-', 2799, 2012.27, 1411.62, 23.21);
insert into STATION values (1551, '-', 2799, 2011.37, 1413.19, 21.27);
insert into STATION values (1552, '7.51', 2799, 2016.47, 1406.98, 22.89);
insert into STATION values (1553, '-', 2799, 2022.10, 1408.52, 22.46);
insert into STATION values (1554, '-', 2799, 2012.38, 1404.82, 22.84);
insert into STATION values (1555, '-', 2799, 2016.50, 1406.92, 22.33);
insert into STATION values (1556, '-', 2799, 2016.62, 1407.13, 24.70);
insert into STATION values (1557, '-', 2799, 2024.77, 1411.30, 24.58);
insert into STATION values (1558, '7.52', 2799, 2022.23, 1398.88, 22.85);
insert into STATION values (1559, '-', 2799, 2023.87, 1397.25, 23.01);
insert into STATION values (1560, '-', 2799, 2019.59, 1398.73, 23.08);
insert into STATION values (1561, '-', 2799, 2020.82, 1396.27, 25.65);
insert into STATION values (1562, '-', 2799, 2022.17, 1399.34, 21.64);
insert into STATION values (1563, '-', 2799, 2081.88, 1492.51, 1.72);
insert into STATION values (1564, '8.1', 2799, 2096.15, 1486.78, -5.90);
insert into STATION values (1565, '-', 2799, 2103.08, 1485.82, -8.57);
insert into STATION values (1566, '-', 2799, 2098.48, 1491.51, -7.85);
insert into STATION values (1567, '-', 2799, 2096.17, 1487.16, -4.54);
insert into STATION values (1568, '-', 2799, 2096.07, 1486.72, -7.29);
insert into STATION values (1569, '8.2', 2799, 2100.93, 1493.91, -9.45);
insert into STATION values (1570, '-', 2799, 2102.39, 1494.73, -9.12);
insert into STATION values (1571, '-', 2799, 2103.55, 1485.81, -8.57);
insert into STATION values (1572, '-', 2799, 2102.43, 1492.05, -6.26);
insert into STATION values (1573, '-', 2799, 2105.89, 1491.53, -14.60);
insert into STATION values (1574, '8.3', 2799, 2129.86, 1474.45, -9.04);
insert into STATION values (1575, '-', 2799, 2115.91, 1487.06, -10.20);
insert into STATION values (1576, '-', 2799, 2122.73, 1475.38, -9.89);
insert into STATION values (1577, '-', 2799, 2126.54, 1474.93, -7.13);
insert into STATION values (1578, '-', 2799, 2121.84, 1476.36, -14.09);
insert into STATION values (1579, '-', 2799, 2128.20, 1482.35, -9.54);
insert into STATION values (1580, '-', 2799, 2127.73, 1464.82, -9.74);
insert into STATION values (1581, '-', 2799, 2121.42, 1466.89, -9.94);
insert into STATION values (1582, '8.4', 2799, 2107.34, 1415.72, -7.76);
insert into STATION values (1583, '8.5', 2799, 2105.17, 1417.87, -6.60);
insert into STATION values (1584, '-', 2799, 2116.19, 1423.33, -7.76);
insert into STATION values (1585, '-', 2799, 2109.55, 1415.16, -7.47);
insert into STATION values (1586, '-', 2799, 2107.48, 1417.18, -6.19);
insert into STATION values (1587, '-', 2799, 2107.30, 1417.40, -7.96);
insert into STATION values (1588, '-', 2799, 2110.25, 1429.35, -12.57);
insert into STATION values (1589, '-', 2799, 2120.50, 1432.49, -9.28);
insert into STATION values (1590, '-', 2799, 2086.65, 1420.74, -12.87);
insert into STATION values (1591, '-', 2799, 2086.31, 1407.92, -8.45);
insert into STATION values (1592, '-', 2799, 2091.39, 1403.05, -6.91);
insert into STATION values (1593, '-', 2799, 2103.33, 1406.62, -6.25);
insert into STATION values (1594, '-', 2799, 2082.89, 1413.62, -11.11);
insert into STATION values (1595, '8.6', 2799, 2096.72, 1410.47, -6.47);
insert into STATION values (1596, '-', 2799, 2077.74, 1408.33, -6.59);
insert into STATION values (1597, '-', 2799, 2107.41, 1408.35, -5.95);
insert into STATION values (1598, '-', 2799, 2097.05, 1410.44, -6.28);
insert into STATION values (1599, '-', 2799, 2092.53, 1402.35, -13.35);
insert into STATION values (1600, '-', 2799, 2090.30, 1403.06, -8.07);
insert into STATION values (1601, '-', 2799, 2102.95, 1404.73, -6.35);
insert into STATION values (1602, '-', 2799, 2095.61, 1422.92, -11.47);
insert into STATION values (1603, '-', 2799, 2085.96, 1392.03, -6.91);
insert into STATION values (1604, '-', 2799, 2102.28, 1391.51, -9.35);
insert into STATION values (1605, '8.7', 2799, 2093.50, 1385.70, -7.80);
insert into STATION values (1606, '-', 2799, 2105.95, 1379.78, -9.43);
insert into STATION values (1607, '-', 2799, 2097.07, 1379.10, -6.58);
insert into STATION values (1608, '-', 2799, 2100.97, 1387.63, -9.09);
insert into STATION values (1609, '-', 2799, 2102.74, 1406.53, -4.91);
insert into STATION values (1610, '-', 2799, 2105.77, 1416.71, -6.16);
insert into STATION values (1611, '-', 2799, 2103.71, 1394.97, -9.17);
insert into STATION values (1612, '-', 2799, 2082.77, 1396.92, -0.18);
insert into STATION values (1613, '-', 2799, 2091.34, 1402.14, -6.18);
insert into STATION values (1614, '-', 2799, 2079.58, 1381.02, 1.05);
insert into STATION values (1615, '-', 2799, 2086.82, 1380.35, -4.17);
insert into STATION values (1616, '-', 2799, 2091.66, 1396.78, 11.55);
insert into STATION values (1617, '-', 2799, 2096.47, 1373.50, -6.78);
insert into STATION values (1618, '-', 2799, 2091.87, 1376.41, -7.10);
insert into STATION values (1619, '-', 2799, 2098.83, 1372.99, -6.18);
insert into STATION values (1620, '8.8', 2799, 2087.67, 1377.21, -5.66);
insert into STATION values (1621, '-', 2799, 2082.33, 1378.55, -5.02);
insert into STATION values (1622, '-', 2799, 2087.44, 1377.59, -5.37);
insert into STATION values (1623, '-', 2799, 2087.51, 1377.13, -7.31);
insert into STATION values (1624, '-', 2799, 2088.37, 1375.66, -7.63);
insert into STATION values (1625, '-', 2799, 2082.11, 1373.53, -5.62);
insert into STATION values (1626, '-', 2799, 2084.69, 1373.24, -7.16);
insert into STATION values (1627, '8.9', 2799, 2074.35, 1373.14, -6.04);
insert into STATION values (1628, '-', 2799, 2079.40, 1371.46, -6.57);
insert into STATION values (1629, '-', 2799, 2078.00, 1376.16, -4.76);
insert into STATION values (1630, '8.10', 2799, 2071.74, 1372.63, -6.84);
insert into STATION values (1631, '-', 2799, 2074.18, 1373.83, -4.04);
insert into STATION values (1632, '-', 2799, 2073.90, 1372.89, -6.97);
insert into STATION values (1633, '-', 2799, 2074.15, 1372.55, -5.97);
insert into STATION values (1634, '-', 2799, 2074.73, 1373.74, -5.73);
insert into STATION values (1635, '-', 2799, 2071.74, 1372.63, -6.84);
insert into STATION values (1636, '-', 2799, 2072.15, 1371.33, -6.83);
insert into STATION values (1637, '-', 2799, 2071.69, 1372.87, -5.13);
insert into STATION values (1638, '-', 2799, 2071.72, 1372.00, -7.30);
insert into STATION values (1639, '8.11', 2799, 2060.95, 1360.16, -7.04);
insert into STATION values (1640, '-', 2799, 2060.98, 1360.11, -6.86);
insert into STATION values (1641, '-', 2799, 2060.93, 1360.20, -7.16);
insert into STATION values (1642, '-', 2799, 2067.02, 1363.64, -7.20);
insert into STATION values (1643, '8.12', 2799, 2060.33, 1360.52, -7.29);
insert into STATION values (1644, '-', 2799, 2060.55, 1361.49, -7.14);
insert into STATION values (1645, '-', 2799, 2059.92, 1360.96, -7.28);
insert into STATION values (1646, '-', 2799, 2060.22, 1360.02, -7.23);
insert into STATION values (1647, '8.13', 2799, 2057.21, 1360.12, -6.91);
insert into STATION values (1648, '-', 2799, 2057.21, 1360.11, -7.29);
insert into STATION values (1649, '-', 2799, 2057.05, 1359.42, -6.94);
insert into STATION values (1650, '-', 2799, 2056.74, 1361.10, -7.09);
insert into STATION values (1651, '8.14', 2799, 2056.44, 1360.08, -7.21);
insert into STATION values (1652, '-', 2799, 2056.43, 1360.20, -7.47);
insert into STATION values (1653, '-', 2799, 2056.40, 1359.70, -7.26);
insert into STATION values (1654, '-', 2799, 2056.36, 1360.84, -7.35);
insert into STATION values (1655, '8.15', 2799, 2055.10, 1360.58, -7.15);
insert into STATION values (1656, '-', 2799, 2055.14, 1360.56, -6.97);
insert into STATION values (1657, '-', 2799, 2054.99, 1360.31, -7.05);
insert into STATION values (1658, '-', 2799, 2055.62, 1361.46, -7.18);
insert into STATION values (1659, '8.16', 2799, 2054.27, 1361.17, -6.26);
insert into STATION values (1660, '-', 2799, 2054.37, 1366.02, -5.53);
insert into STATION values (1661, '-', 2799, 2053.96, 1361.66, -5.32);
insert into STATION values (1662, '-', 2799, 2054.30, 1361.31, -6.83);
insert into STATION values (1663, '-', 2799, 2054.30, 1360.50, -6.49);
insert into STATION values (1664, '-', 2799, 2048.39, 1364.73, -5.19);
insert into STATION values (1665, '8.17', 2799, 2035.35, 1343.70, -5.55);
insert into STATION values (1666, '-', 2799, 2039.59, 1338.71, -4.43);
insert into STATION values (1667, '-', 2799, 2036.04, 1342.64, -4.74);
insert into STATION values (1668, '-', 2799, 2035.36, 1340.67, -7.51);
insert into STATION values (1669, '-', 2799, 2044.55, 1347.22, -6.31);
insert into STATION values (1670, '8.18', 2799, 2029.07, 1326.81, -5.55);
insert into STATION values (1671, '-', 2799, 2027.06, 1327.00, -4.00);
insert into STATION values (1672, '-', 2799, 2028.80, 1326.74, -6.80);
insert into STATION values (1673, '-', 2799, 2029.82, 1325.45, -6.98);
insert into STATION values (1674, '-', 2799, 2036.05, 1332.27, -6.25);
insert into STATION values (1675, '-', 2799, 2041.38, 1339.94, -5.00);
insert into STATION values (1676, '-', 2799, 2035.48, 1343.44, -5.45);
insert into STATION values (1677, '-', 2799, 2029.11, 1341.95, -6.72);
insert into STATION values (1678, '-', 2799, 2024.10, 1342.22, -5.56);
insert into STATION values (1679, '-', 2799, 2018.88, 1345.63, -2.13);
insert into STATION values (1680, '-', 2799, 2024.44, 1331.13, -4.51);
insert into STATION values (1681, '-', 2799, 2015.89, 1339.80, -2.09);
insert into STATION values (1682, '-', 2799, 2021.18, 1324.54, -6.09);
insert into STATION values (1683, '-', 2799, 2023.46, 1321.46, -6.34);
insert into STATION values (1684, '-', 2799, 2018.70, 1331.77, -3.05);
insert into STATION values (1685, '-', 2799, 2029.98, 1325.59, -6.91);
insert into STATION values (1686, '8.19', 2799, 2021.13, 1321.23, -5.88);
insert into STATION values (1687, '-', 2799, 2022.51, 1320.27, -7.00);
insert into STATION values (1688, '-', 2799, 2021.23, 1321.18, -6.82);
insert into STATION values (1689, '-', 2799, 2020.98, 1321.40, -5.69);
insert into STATION values (1690, '-', 2799, 2019.42, 1322.91, -6.26);
insert into STATION values (1691, '8.20', 2799, 2016.90, 1316.33, -6.27);
insert into STATION values (1692, '-', 2799, 2016.93, 1316.34, -5.77);
insert into STATION values (1693, '-', 2799, 2018.70, 1315.12, -6.68);
insert into STATION values (1694, '-', 2799, 2014.82, 1318.14, -6.39);
insert into STATION values (1695, '8.21', 2799, 2012.46, 1308.51, -4.99);
insert into STATION values (1696, '-', 2799, 2002.56, 1307.59, -3.88);
insert into STATION values (1697, '-', 2799, 2000.02, 1305.40, -3.62);
insert into STATION values (1698, '-', 2799, 2005.18, 1298.72, 1.15);
insert into STATION values (1699, '-', 2799, 2009.09, 1307.08, 6.88);
insert into STATION values (1700, '-', 2799, 2012.35, 1308.38, -5.84);
insert into STATION values (1701, '-', 2799, 2002.23, 1308.73, 7.56);
insert into STATION values (1702, '-', 2799, 2000.98, 1310.56, 7.97);
insert into STATION values (1703, '-', 2799, 1998.35, 1313.18, 6.54);
insert into STATION values (1704, '-', 2799, 2003.24, 1315.54, 4.95);
insert into STATION values (1705, '-', 2799, 2011.98, 1312.04, -4.40);
insert into STATION values (1706, '-', 2799, 2014.71, 1309.63, -4.89);
insert into STATION values (1707, '-', 2799, 2009.30, 1311.81, -2.98);
insert into STATION values (1708, '-', 2799, 2015.65, 1302.55, -2.47);
insert into STATION values (1709, '8.22', 2799, 2018.37, 1291.59, 2.06);
insert into STATION values (1710, '-', 2799, 2008.11, 1290.59, 2.87);
insert into STATION values (1711, '-', 2799, 2015.96, 1291.27, -0.91);
insert into STATION values (1712, '-', 2799, 2016.00, 1291.54, 6.74);
insert into STATION values (1713, '-', 2799, 2011.70, 1279.59, 1.98);
insert into STATION values (1714, '-', 2799, 2007.66, 1283.01, 2.32);
insert into STATION values (1715, '8.23', 2799, 2003.02, 1275.05, 1.21);
insert into STATION values (1716, '-', 2799, 2004.29, 1273.89, 1.13);
insert into STATION values (1717, '-', 2799, 2000.22, 1277.85, 0.90);
insert into STATION values (1718, '-', 2799, 2002.11, 1275.84, -0.41);
insert into STATION values (1719, '8.24', 2799, 1983.58, 1261.89, 1.51);
insert into STATION values (1720, '-', 2799, 1983.84, 1261.22, 1.48);
insert into STATION values (1721, '-', 2799, 1984.00, 1263.97, 0.08);
insert into STATION values (1722, '-', 2799, 1983.19, 1263.10, 2.76);
insert into STATION values (1723, '-', 2799, 1982.49, 1268.00, 1.99);
insert into STATION values (1724, '-', 2799, 1973.73, 1268.40, 3.31);
insert into STATION values (1725, '-', 2799, 1993.45, 1266.03, 0.37);
insert into STATION values (1726, '8.25', 2799, 1960.60, 1268.04, 5.01);
insert into STATION values (1727, '-', 2799, 1960.39, 1265.61, 5.09);
insert into STATION values (1728, '-', 2799, 1960.53, 1268.64, 7.04);
insert into STATION values (1729, '-', 2799, 1960.32, 1269.10, 1.19);
insert into STATION values (1730, '-', 2799, 1964.47, 1283.14, 5.85);
insert into STATION values (1731, '-', 2799, 1968.39, 1265.21, 4.71);
insert into STATION values (1732, '-', 2799, 1969.90, 1268.82, 4.52);
insert into STATION values (1733, '8.26', 2799, 1950.59, 1274.12, 8.42);
insert into STATION values (1734, '-', 2799, 1956.02, 1267.04, 5.24);
insert into STATION values (1735, '-', 2799, 1950.59, 1274.12, 8.42);
insert into STATION values (1736, '-', 2799, 1948.06, 1271.68, 6.13);
insert into STATION values (1737, '-', 2799, 1951.17, 1276.48, 11.00);
insert into STATION values (1738, '-', 2799, 1963.76, 1284.12, 6.59);
insert into STATION values (1739, '-', 2799, 1950.85, 1273.82, 6.01);
insert into STATION values (1740, '-', 2799, 1953.08, 1282.70, 10.41);
insert into STATION values (1741, '8.27', 2799, 1946.35, 1275.15, 10.12);
insert into STATION values (1742, '-', 2799, 1945.52, 1274.75, 9.17);
insert into STATION values (1743, '-', 2799, 1946.55, 1275.86, 10.87);
insert into STATION values (1744, '-', 2799, 1947.27, 1278.11, 10.68);
insert into STATION values (1745, '8.28', 2799, 1941.09, 1277.15, 8.89);
insert into STATION values (1746, '-', 2799, 1937.70, 1278.59, 8.44);
insert into STATION values (1747, '-', 2799, 1943.15, 1276.96, 8.98);
insert into STATION values (1748, '-', 2799, 1941.06, 1277.17, 7.13);
insert into STATION values (1749, '-', 2799, 1941.76, 1278.67, 8.54);
insert into STATION values (1750, '-', 2799, 1940.45, 1275.14, 7.93);
insert into STATION values (1751, '8.29', 2799, 1939.36, 1273.21, 7.02);
insert into STATION values (1752, '-', 2799, 1939.85, 1272.62, 7.06);
insert into STATION values (1753, '-', 2799, 1938.21, 1273.84, 8.27);
insert into STATION values (1754, '-', 2799, 1939.07, 1273.00, 8.26);
insert into STATION values (1755, '8.30', 2799, 1936.26, 1270.65, 7.78);
insert into STATION values (1756, '-', 2799, 1936.35, 1270.45, 8.56);
insert into STATION values (1757, '-', 2799, 1935.90, 1270.87, 8.35);
insert into STATION values (1758, '-', 2799, 1937.11, 1270.04, 7.77);
insert into STATION values (1759, '8.31', 2799, 1937.55, 1271.66, 9.76);
insert into STATION values (1760, '8.32', 2799, 1929.46, 1270.25, 15.54);
insert into STATION values (1761, '-', 2799, 1935.98, 1273.54, 11.37);
insert into STATION values (1762, '-', 2799, 1937.39, 1271.91, 10.23);
insert into STATION values (1763, '-', 2799, 1937.56, 1271.65, 8.87);
insert into STATION values (1764, '-', 2799, 1929.46, 1270.25, 15.54);
insert into STATION values (1765, '-', 2799, 1930.44, 1268.57, 15.35);
insert into STATION values (1766, '-', 2799, 1925.28, 1270.87, 23.90);
insert into STATION values (1767, '-', 2799, 1929.68, 1270.24, 14.50);
insert into STATION values (1768, '8.33', 2799, 1921.27, 1266.45, 18.84);
insert into STATION values (1769, '-', 2799, 1922.52, 1262.53, 18.62);
insert into STATION values (1770, '-', 2799, 1924.00, 1264.49, 13.80);
insert into STATION values (1771, '-', 2799, 1919.57, 1266.90, 24.43);
insert into STATION values (1772, '3.110', 2799, 1914.49, 1264.44, 18.83);
